YEAR,SEASON,STRATUM,STAT,TEMP,DO,COND,PH,TURB,SS,VSS,CHLCAL,TN,NOX,NHX,TP,SRP,ICE,SNOW
1993,FL,BWC,median,15.3,9.15,441.5,7.6,15,18.3,6.9,16.38,3.41,1.35,0.04,0.18,0.1,,
1993,FL,BWC,n,60,60,60,58,60,32,32,19,31,32,32,32,32,0,0
1993,FL,BWC,p10,13.85,4.9,375.5,7,10.5,9.75,5.35,12.2,1.88,0.1,0.01,0.15,0.01,,
1993,FL,BWC,p25,14.6,7.95,396.5,7.2,13,14.5,6.1,14.81,2.8,0.37,0.02,0.17,0.05,,
1993,FL,BWC,p75,15.9,10.05,482,7.9,21,21.5,8.5,17.81,3.61,1.66,0.08,0.19,0.11,,
1993,FL,BWC,p90,16.2,10.55,525,8.05,27,43.15,14.1,28.69,4.33,1.9,0.11,0.23,0.12,,
1993,FL,IMP,median,15.3,8.8,460,7.6,15,18.85,6.55,17.33,3.36,1.78,0.04,0.17,0.11,,
1993,FL,IMP,n,23,23,23,23,23,12,12,10,12,12,12,12,12,0,0
1993,FL,IMP,p10,15.05,8.55,390.5,7.15,13,8.45,4.65,15.29,2.58,1.34,0.02,0.17,0.1,,
1993,FL,IMP,p25,15.2,8.7,441,7.4,14,15.6,5.45,16.99,2.96,1.55,0.03,0.17,0.11,,
1993,FL,IMP,p75,15.55,9.5,474,7.8,16,22.4,7.25,17.94,3.57,1.87,0.07,0.18,0.11,,
1993,FL,IMP,p90,16.05,10.65,484.5,7.9,18.5,27.65,8.2,23.74,4.34,1.9,0.08,0.19,0.12,,
1993,FL,MC,median,15.6,8.9,480,7.9,15.5,19.9,7,13.94,3.4,1.59,0.05,0.18,0.12,,
1993,FL,MC,n,25,25,25,22,24,13,13,4,12,13,13,13,13,0,0
1993,FL,MC,p10,15.1,8.5,401,7.55,12,12,4.9,11.76,2.81,1.19,0.02,0.16,0.1,,
1993,FL,MC,p25,15.35,8.6,417.5,7.7,14,16.5,6.1,12.68,2.97,1.43,0.03,0.17,0.11,,
1993,FL,MC,p75,15.85,9.1,505.5,8,16.5,21.25,8.1,14.47,3.66,1.87,0.06,0.18,0.12,,
1993,FL,MC,p90,15.9,9.2,525,8.1,18.5,21.7,9.05,14.64,5.03,1.98,0.07,0.19,0.12,,
1993,FL,POOL,median,15.241,8.857,455.951,7.623,14.522,18.442,6.548,16.311,3.403,1.614,0.043,0.173,0.108,,
1993,FL,POOL,n,138,137,138,132,137,73,73,44,71,73,73,73,73,,
1993,FL,POOL,p10,14.211,8.409,387.987,7.071,11.389,9.261,4.781,11.624,2.56,1.018,0.01,0.16,0.079,,
1993,FL,POOL,p25,15.039,8.617,423.522,7.325,12.974,15.415,5.83,14.342,2.929,1.37,0.028,0.169,0.101,,
1993,FL,POOL,p75,15.674,9.402,480.812,7.814,16.076,21.397,7.373,17.506,3.611,1.85,0.068,0.18,0.113,,
1993,FL,POOL,p90,15.97,10.287,505.471,7.928,19.681,26.322,8.656,19.291,3.987,1.893,0.082,0.19,0.117,,
1993,FL,SC,median,15.2,9.1,460,7.6,14,16.6,6.5,14.98,3.48,1.47,0.05,0.17,0.11,,
1993,FL,SC,n,30,29,30,29,30,16,16,11,16,16,16,16,16,0,0
1993,FL,SC,p10,13.8,8.4,384.5,7.1,10,11.15,5.8,9.33,2.66,1.16,0.01,0.16,0.1,,
1993,FL,SC,p25,14.9,8.7,401,7.35,12,14.25,6.1,12.9,3.29,1.36,0.04,0.16,0.1,,
1993,FL,SC,p75,15.5,9.45,487,7.75,16,20.05,7.3,16.21,3.95,1.74,0.08,0.18,0.11,,
1993,FL,SC,p90,15.85,10.2,517,7.85,20,22.15,7.9,19.86,4,1.93,0.08,0.19,0.12,,
1993,SM,BWC,median,23.2,6.5,452,7.5,16,20,5.9,11.86,3.28,2.1,0.06,0.21,0.19,,
1993,SM,BWC,n,59,57,59,59,59,31,31,31,30,31,31,31,31,0,0
1993,SM,BWC,p10,22.2,5.5,414,7.2,9,7.55,4.05,7.92,2.35,1.65,0.04,0.19,0.14,,
1993,SM,BWC,p25,22.8,6.1,422,7.3,12.5,12,5.15,10.53,2.89,1.87,0.05,0.2,0.17,,
1993,SM,BWC,p75,23.8,6.75,482,7.7,18,24.3,6.75,13.15,3.57,2.26,0.08,0.23,0.2,,
1993,SM,BWC,p90,24.25,7.15,497,7.8,22,28.35,7.9,16.09,4.1,2.8,0.1,0.24,0.21,,
1993,SM,IMP,median,23.7,6.7,464,7.6,17,24.6,6.5,10.33,3.52,2.3,0.06,0.22,0.2,,
1993,SM,IMP,n,25,23,25,25,25,13,13,13,13,13,13,13,13,0,0
1993,SM,IMP,p10,23.1,6.35,440,7.4,13,17.85,5.1,6.27,2.29,1.9,0.05,0.2,0.18,,
1993,SM,IMP,p25,23.2,6.6,445,7.5,14.5,20.25,5.75,6.96,2.9,2.04,0.05,0.21,0.19,,
1993,SM,IMP,p75,23.9,6.85,479,7.7,23.5,37.85,7.15,12.83,4.05,2.51,0.06,0.23,0.2,,
1993,SM,IMP,p90,24,7.1,487,7.8,36,62.95,10.45,14.28,4.59,2.82,0.1,0.27,0.21,,
1993,SM,MC,median,23.2,6.5,461,7.5,22,29.7,7.4,10.66,3.34,2.17,0.06,0.23,0.19,,
1993,SM,MC,n,25,25,25,25,25,13,13,13,13,13,13,13,13,0,0
1993,SM,MC,p10,23,5.8,426,7.3,16,24.95,5.8,7.24,2.74,1.94,0.05,0.21,0.19,,
1993,SM,MC,p25,23.1,6.15,431,7.4,19.5,28.3,6.25,8.73,2.95,2.08,0.05,0.22,0.19,,
1993,SM,MC,p75,23.6,6.8,470,7.6,23,37.75,8,11.34,3.94,2.55,0.07,0.24,0.2,,
1993,SM,MC,p90,24,7,491,7.7,26,46.45,9.05,14.23,4.08,2.71,0.08,0.25,0.2,,
1993,SM,POOL,median,23.403,6.565,460.319,7.518,17.126,24.863,6.385,10.755,3.409,2.132,0.057,0.223,0.19,,
1993,SM,POOL,n,139,134,139,139,139,73,73,73,72,73,73,73,73,,
1993,SM,POOL,p10,22.815,6.013,419.556,7.211,12.398,14.8,5.081,6.671,2.492,1.854,0.045,0.198,0.178,,
1993,SM,POOL,p25,23.045,6.313,439.197,7.388,14.505,20.231,5.632,8.179,2.93,2.003,0.052,0.209,0.184,,
1993,SM,POOL,p75,23.752,6.782,478.524,7.649,21.768,34.37,7.183,12.603,3.904,2.459,0.069,0.23,0.196,,
1993,SM,POOL,p90,23.952,6.992,492.682,7.725,30.361,41.111,8.019,13.907,4.186,2.704,0.085,0.243,0.199,,
1993,SM,SC,median,23.2,6.5,454.5,7.6,20,26.6,6.15,11.1,3.59,2.13,0.06,0.23,0.19,,
1993,SM,SC,n,30,29,30,30,30,16,16,16,16,16,16,16,16,0,0
1993,SM,SC,p10,22.8,6,416,7.4,13.5,18.45,5.3,7.96,2.82,1.91,0.05,0.21,0.18,,
1993,SM,SC,p25,23.1,6.35,437,7.5,16,21.45,5.6,9.53,3.06,1.94,0.05,0.21,0.19,,
1993,SM,SC,p75,23.5,6.8,484,7.7,23,37.35,7.05,13.15,3.89,2.51,0.07,0.24,0.2,,
1993,SM,SC,p90,23.9,7,498,7.7,28.5,42.35,7.7,13.71,4.14,2.73,0.08,0.24,0.2,,
1994,FL,BWC,median,13.8,9.7,386,8.1,16,19.25,5.5,14.67,2.18,1.55,0.01,0.15,0.07,,
1994,FL,BWC,n,59,59,59,59,59,58,58,58,31,31,31,31,31,0,0
1994,FL,BWC,p10,12.9,8.85,338.5,7.8,12,10.2,4.35,10.12,1.09,0.1,0.01,0.06,0.01,,
1994,FL,BWC,p25,13.3,9.4,376,7.9,14.5,16.3,4.8,12.61,1.61,0.84,0.01,0.13,0.04,,
1994,FL,BWC,p75,14.75,10.1,395,8.2,19,24.6,7.9,29.82,2.41,1.63,0.01,0.3,0.09,,
1994,FL,BWC,p90,15.35,10.5,418.5,8.4,23,31,9.4,50.85,2.55,1.73,0.04,0.42,0.1,,
1994,FL,IMP,median,13.1,9.7,389,8.2,17,22.1,5.7,13.09,2.15,1.57,0.01,0.23,0.07,,
1994,FL,IMP,n,25,25,25,25,25,25,25,25,13,13,13,13,13,0,0
1994,FL,IMP,p10,12.5,9.4,360,8,15,16.2,2.7,10.79,1.91,1.26,0.01,0.15,0.05,,
1994,FL,IMP,p25,12.6,9.4,379,8,15,17.4,5.05,11.03,2.03,1.37,0.01,0.2,0.06,,
1994,FL,IMP,p75,13.85,9.95,397,8.25,20.5,26.05,6.6,14.67,2.4,1.72,0.01,0.31,0.09,,
1994,FL,IMP,p90,14.1,10.2,402,8.3,23,31.1,7.7,15.27,2.68,1.79,0.02,0.39,0.1,,
1994,FL,MC,median,13.2,9.5,410,8.1,18,20.5,5.1,14.06,2.5,1.9,0.01,0.15,0.09,,
1994,FL,MC,n,25,25,25,25,25,25,25,25,12,12,12,13,13,0,0
1994,FL,MC,p10,12.5,9.1,372,8,13,15.5,3.8,11.64,2.02,1.52,0.01,0.14,0.06,,
1994,FL,MC,p25,12.85,9.25,383,8,15.5,18.3,4.4,12.19,2.24,1.63,0.01,0.14,0.08,,
1994,FL,MC,p75,13.5,9.6,417,8.25,19,21.8,5.6,16.61,2.69,1.99,0.01,0.24,0.1,,
1994,FL,MC,p90,14.1,9.8,418,8.3,20,23.5,6.4,18.3,2.81,2.09,0.02,0.33,0.1,,
1994,FL,POOL,median,13.265,9.552,388.255,8.093,16.447,20.223,5.411,13.279,2.198,1.594,0.01,0.213,0.074,,
1994,FL,POOL,n,140,140,140,140,140,138,138,137,73,73,73,74,74,,
1994,FL,POOL,p10,12.47,9.147,359.967,7.88,13.382,14.65,3.751,10.591,1.785,1.218,0.01,0.128,0.045,,
1994,FL,POOL,p25,12.835,9.346,378.177,7.948,14.484,17.114,4.687,11.362,2.033,1.374,0.01,0.142,0.061,,
1994,FL,POOL,p75,13.852,9.785,398.721,8.188,19.178,23.805,6.518,15.108,2.519,1.77,0.01,0.272,0.093,,
1994,FL,POOL,p90,14.197,10.132,412.279,8.267,21.836,30.044,7.8,19.155,2.673,1.902,0.022,0.376,0.1,,
1994,FL,SC,median,13.4,9.6,389,8.1,16,17.95,5.45,12.97,2.33,1.71,0.01,0.15,0.09,,
1994,FL,SC,n,31,31,31,31,31,30,30,29,17,17,17,17,17,0,0
1994,FL,SC,p10,12.8,9.2,369,7.9,14,15.1,4.1,10.55,1.91,1.35,0.01,0.13,0.07,,
1994,FL,SC,p25,13.15,9.4,376,8,14.5,16.5,4.4,11.7,2.07,1.46,0.01,0.13,0.07,,
1994,FL,SC,p75,13.6,9.6,397.5,8.2,18,21.3,6.3,14.61,2.56,1.83,0.02,0.24,0.1,,
1994,FL,SC,p90,14,10.1,411.5,8.3,22.5,31.6,7.55,17.7,2.74,2,0.03,0.37,0.11,,
1994,SM,BWC,median,24.85,10.4,408,8.3,19,26.9,11.7,44.14,1.59,0.82,0.01,0.13,0.05,,
1994,SM,BWC,n,60,60,56,60,60,57,57,58,31,31,31,31,31,0,0
1994,SM,BWC,p10,22.8,6.9,373.5,7.6,10.5,14.15,8.55,37.12,0.9,0.1,0.01,0.08,0,,
1994,SM,BWC,p25,23.95,8.9,394,7.9,15.5,21.85,9.25,40.01,1.11,0.41,0.01,0.1,0.02,,
1994,SM,BWC,p75,25.9,11.9,420,8.5,27.5,36.5,13.9,50.71,1.72,0.97,0.01,0.17,0.07,,
1994,SM,BWC,p90,27.25,13.9,433,8.7,33,55.55,17.6,57.01,2.23,1.19,0.03,0.2,0.07,,
1994,SM,IMP,median,25.2,10.6,401,8.4,20,28.2,10.6,58.13,2.19,0.85,0.01,0.15,0.02,,
1994,SM,IMP,n,25,25,25,25,25,25,25,25,13,13,13,13,13,0,0
1994,SM,IMP,p10,24.1,8.7,392,8.1,15,20.6,8.3,43.08,1.54,0.75,0.01,0.13,0.02,,
1994,SM,IMP,p25,24.25,9.25,394.5,8.3,18,24.25,8.85,48.02,2.09,0.78,0.01,0.13,0.02,,
1994,SM,IMP,p75,25.5,11.6,408.5,8.55,27,37.15,11.4,62.81,2.28,1.06,0.01,0.17,0.04,,
1994,SM,IMP,p90,26.1,12.2,415,8.7,33,54.4,12.6,66.31,2.39,1.2,0.04,0.17,0.07,,
1994,SM,MC,median,23.75,9.45,421,8.15,18,25.95,9.25,44.48,2.13,1.28,0.01,0.15,0.04,,
1994,SM,MC,n,26,26,23,26,26,26,26,26,14,14,14,14,14,0,0
1994,SM,MC,p10,23.2,8.8,392,7.9,14.5,21.15,8.3,38.31,1.3,0.75,0.01,0.11,0.01,,
1994,SM,MC,p25,23.4,9,409.5,8.1,17,23.2,8.6,40.01,1.92,1.23,0.01,0.14,0.02,,
1994,SM,MC,p75,24.6,9.8,425,8.3,20,27.1,9.9,49,2.32,1.31,0.01,0.18,0.05,,
1994,SM,MC,p90,25,9.9,435,8.45,21,29.85,11.1,54.42,2.64,1.47,0.01,0.2,0.09,,
1994,SM,POOL,median,24.832,9.819,403.184,8.272,18.694,26.907,10.239,48.838,2.116,0.983,0.01,0.146,0.033,,
1994,SM,POOL,n,139,140,130,140,140,137,137,138,75,75,75,73,73,,
1994,SM,POOL,p10,23.311,8.341,391.016,7.92,14.02,19.555,8.248,38.738,1.424,0.718,0.01,0.105,0.014,,
1994,SM,POOL,p25,24.02,9.118,394.293,8.116,15.811,23.224,8.732,42.951,1.606,0.788,0.01,0.125,0.02,,
1994,SM,POOL,p75,25.189,10.941,415.44,8.437,21.824,33.508,11.396,58.2,2.224,1.177,0.01,0.164,0.057,,
1994,SM,POOL,p90,26.068,12.085,423.463,8.638,31.147,50.406,13.596,63.761,2.317,1.3,0.014,0.179,0.071,,
1994,SM,SC,median,24.2,9.6,404.5,8.3,17,24.1,9.4,44.51,1.92,1.06,0.01,0.14,0.05,,
1994,SM,SC,n,28,29,26,29,29,29,29,29,17,17,17,15,15,0,0
1994,SM,SC,p10,23.7,8.3,393,8.05,13,16.6,8.3,35.07,1.63,0.94,0.01,0.11,0.02,,
1994,SM,SC,p25,24.05,9.1,395,8.2,15,20.1,8.55,40.49,1.66,1,0.01,0.13,0.03,,
1994,SM,SC,p75,24.85,10.2,417,8.4,19.5,29.15,10.4,48.94,2.13,1.23,0.01,0.17,0.07,,
1994,SM,SC,p90,25.45,10.55,421,8.5,24,37.3,11.3,52.31,2.22,1.44,0.01,0.18,0.08,,
1994,SP,BWC,median,12.8,10.35,335,7.8,11,15.4,5.95,24.62,1.81,1.23,0.01,0.12,0.02,,
1994,SP,BWC,n,60,60,60,60,60,60,60,60,31,31,31,32,32,0,0
1994,SP,BWC,p10,11.2,9.7,288.5,7.1,6,7.55,4.2,13.11,1.11,0.34,0.01,0.07,0.01,,
1994,SP,BWC,p25,12,9.9,314.5,7.2,8,10.75,4.7,20.81,1.38,0.98,0.01,0.09,0.01,,
1994,SP,BWC,p75,13.9,12.5,385.5,8.2,14.5,24.4,6.65,36.07,2.24,1.36,0.04,0.13,0.03,,
1994,SP,BWC,p90,14.9,15.1,425,8.4,17,28.25,8.6,45.92,2.49,1.8,0.08,0.15,0.04,,
1994,SP,IMP,median,11.8,10,376,7.8,17,27.5,6.8,20.81,2.1,1.6,0.02,0.11,0.03,,
1994,SP,IMP,n,25,25,25,25,25,24,24,24,13,13,13,13,13,0,0
1994,SP,IMP,p10,11,9.7,294,7.3,14,20.85,5.6,15.74,1.61,1.04,0.01,0.08,0.01,,
1994,SP,IMP,p25,11.25,9.8,306.5,7.5,15.5,24.65,6.1,18.32,1.89,1.35,0.01,0.09,0.01,,
1994,SP,IMP,p75,12,10.4,405.5,7.9,19.5,31.75,7.65,25.2,2.31,1.64,0.05,0.13,0.03,,
1994,SP,IMP,p90,12.1,10.6,409,8,24,43.5,8.7,29.49,2.51,1.82,0.09,0.15,0.04,,
1994,SP,MC,median,11.7,10.4,389,7.9,17,26.9,6.8,22.42,2.32,1.67,0.01,0.13,0.02,,
1994,SP,MC,n,25,25,25,25,25,25,25,25,12,12,12,13,13,0,0
1994,SP,MC,p10,11,9.5,311,7.4,15,21.6,5.5,8.28,1.36,1.21,0.01,0.08,0,,
1994,SP,MC,p25,11.1,9.75,352.5,7.55,16,24,5.85,12.04,2.05,1.57,0.01,0.09,0,,
1994,SP,MC,p75,13.35,11.15,428,8.1,20.5,34.45,8.2,32.95,2.35,1.78,0.05,0.13,0.03,,
1994,SP,MC,p90,14.3,11.7,434,8.1,32,57.3,9.5,50.1,3.42,1.88,0.07,0.15,0.04,,
1994,SP,POOL,median,11.871,10.007,357.672,7.711,15.521,25.861,6.325,21.151,2.046,1.397,0.01,0.113,0.021,,
1994,SP,POOL,n,140,140,140,140,140,139,139,139,72,72,72,74,74,,
1994,SP,POOL,p10,10.874,9.575,290.558,7.155,9.419,12.314,4.784,12.826,1.46,0.978,0.01,0.077,0.003,,
1994,SP,POOL,p25,11.244,9.743,312.384,7.388,13.085,21.47,5.71,17.715,1.763,1.203,0.01,0.087,0.01,,
1994,SP,POOL,p75,12.141,10.52,405.816,7.932,17.774,29.812,7.359,26.588,2.302,1.641,0.041,0.133,0.029,,
1994,SP,POOL,p90,13.84,11.719,424.731,8.107,22.35,37.322,8.626,40.336,2.496,1.797,0.057,0.144,0.035,,
1994,SP,SC,median,12,9.8,321,7.5,16,24.95,6.05,19.59,1.87,1.24,0.01,0.12,0.02,,
1994,SP,SC,n,30,30,30,30,30,30,30,30,16,16,16,16,16,0,0
1994,SP,SC,p10,10.9,9.55,288,7.2,11.5,15.3,4.7,15.69,1.69,1.13,0.01,0.08,0.01,,
1994,SP,SC,p25,11,9.7,306,7.3,13,21.7,5.7,17.64,1.76,1.19,0.01,0.09,0.01,,
1994,SP,SC,p75,12.1,10,411,7.8,17,29,6.7,23,2.14,1.32,0.02,0.14,0.03,,
1994,SP,SC,p90,12.45,10.45,427,8.05,19.5,30.7,7.15,27.49,2.24,1.64,0.08,0.14,0.04,,
1994,WN,BWC,median,0,11.8,578,7.3,3,2.05,1.1,1.22,2.32,1.87,0.35,0.12,,36,8
1994,WN,BWC,n,31,31,30,31,31,30,30,27,16,16,16,16,0,31,31
1994,WN,BWC,p10,-0.1,8.1,535,6.9,2,1.35,0.8,1,1.38,0.92,0.3,0.07,,23.5,4.5
1994,WN,BWC,p25,0,10.9,556,7.05,2,1.5,0.9,1,2.1,1.83,0.31,0.1,,28.5,6
1994,WN,BWC,p75,0,12.15,602,7.45,4,3.5,1.6,1.47,2.55,1.98,0.48,0.13,,42,15.5
1994,WN,BWC,p90,0.4,13.3,681,7.7,5,8.85,2.35,2.16,4.56,2.04,0.52,0.13,,46,23
1994,WN,IMP,median,0,12.4,593,7.1,3,1.6,0.95,1,2.35,1.95,0.45,0.12,,35.5,16.5
1994,WN,IMP,n,24,24,14,24,24,24,24,24,12,12,12,12,0,24,24
1994,WN,IMP,p10,0,11.9,572.5,6.85,2,1.05,0.8,1,2.15,1.15,0.4,0.11,,28,2.5
1994,WN,IMP,p25,0,12.3,581,7,2,1.3,0.8,1,2.26,1.93,0.43,0.11,,32.5,9
1994,WN,IMP,p75,0,12.55,604,7.2,3,2.4,1.1,1.1,2.58,2.14,0.49,0.13,,39,23
1994,WN,IMP,p90,0,13.3,619.5,7.4,4.5,4.5,1.9,1.35,4.34,2.34,0.62,0.15,,41.5,26
1994,WN,MC,median,0,12.2,572,7.1,2,1.6,0.95,1,2.24,1.91,0.46,0.12,,34,3.5
1994,WN,MC,n,12,9,10,12,12,12,12,12,12,12,12,12,0,12,12
1994,WN,MC,p10,-0.15,12,544,7,2,1.2,0.65,1,2.05,1.84,0.28,0.11,,15,0
1994,WN,MC,p25,0,12.05,546,7,2,1.45,0.8,1,2.13,1.9,0.44,0.12,,28.5,2
1994,WN,MC,p75,0,12.65,582,7.35,3,1.95,1.05,1.16,2.52,1.98,0.48,0.12,,35.5,7
1994,WN,MC,p90,0,12.75,586.5,7.7,4,43.15,1.25,1.29,2.74,2.25,0.51,0.13,,40,12
1994,WN,POOL,median,-0.055,12.248,581.715,7.083,2.303,1.743,0.937,1,2.315,1.937,0.445,0.115,,34.612,8.726
1994,WN,POOL,n,94,90,80,94,94,93,93,90,53,53,53,53,,94,94
1994,WN,POOL,p10,-0.108,11.22,543.887,6.891,2,1.144,0.718,1,2.023,1.427,0.306,0.101,,24.931,0.884
1994,WN,POOL,p25,-0.084,11.923,569.529,6.971,2,1.39,0.813,1,2.193,1.869,0.372,0.11,,30.285,4.622
1994,WN,POOL,p75,-0.026,12.507,597.497,7.296,2.938,2.727,1.185,1.176,2.568,2.091,0.488,0.122,,39.107,18.912
1994,WN,POOL,p90,-0.008,12.757,614.879,7.481,3.859,4.474,1.769,1.405,2.967,2.246,0.515,0.137,,41.874,24.229
1994,WN,SC,median,0,12.1,573,7.1,3,2.5,1,1.1,2.37,1.98,0.44,0.11,,35,8
1994,WN,SC,n,27,26,26,27,27,27,27,27,13,13,13,13,0,27,27
1994,WN,SC,p10,-0.05,11.5,534.5,6.95,3,1.35,0.85,1,1.89,1.82,0.27,0.1,,16.5,3.5
1994,WN,SC,p25,0,11.8,565,7.1,3,1.7,0.9,1,2.12,1.93,0.34,0.11,,29,5.5
1994,WN,SC,p75,0,12.6,596,7.3,3,3.1,1.2,1.35,2.63,2.16,0.5,0.12,,41,13
1994,WN,SC,p90,0,13,613,7.55,4,4.5,1.7,1.59,3.62,3.12,0.57,0.13,,47,22
1995,FL,BWC,median,13.95,9.7,327,8.3,16,21.75,5.9,23.42,1.44,0.54,0.07,0.15,0.07,,
1995,FL,BWC,n,60,60,60,60,60,60,60,60,34,34,34,34,34,0,0
1995,FL,BWC,p10,10.85,8.65,274.5,7.7,6,9,3.85,13.62,1.15,0.1,0.03,0.06,0,,
1995,FL,BWC,p25,13.2,9.4,305.5,8.2,14,17.75,4.85,19.49,1.3,0.24,0.05,0.1,0.01,,
1995,FL,BWC,p75,15.6,10.3,364,8.5,22,30.35,7.4,39.45,1.63,0.67,0.08,0.17,0.07,,
1995,FL,BWC,p90,16.05,12.75,409.5,8.9,25,45.75,10.9,54.63,2.01,0.82,0.11,0.23,0.09,,
1995,FL,IMP,median,14.8,9.8,326,8.4,18,28.7,5.8,25.68,1.59,0.66,0.06,0.15,0.07,,
1995,FL,IMP,n,25,25,25,25,25,25,25,25,13,13,13,13,13,0,0
1995,FL,IMP,p10,13.1,9.4,316,8.2,16,23.5,5.2,20.66,1.42,0.6,0.02,0.12,0.06,,
1995,FL,IMP,p25,13.3,9.5,320,8.3,16.5,25.45,5.3,23.62,1.54,0.63,0.05,0.14,0.06,,
1995,FL,IMP,p75,15.65,10.35,353,8.5,21.5,32.05,6.1,28.6,1.64,0.68,0.09,0.17,0.08,,
1995,FL,IMP,p90,16,10.9,371,8.6,25,36.5,6.4,30.7,1.79,0.74,0.1,0.26,0.09,,
1995,FL,MC,median,13.2,9.7,360,8.3,19,25.3,5.6,20.74,1.78,0.72,0.06,0.12,0.08,,
1995,FL,MC,n,25,25,25,25,25,25,25,25,13,13,13,13,13,0,0
1995,FL,MC,p10,11.6,9.4,329,8.1,16,20.2,4.8,13.86,1.5,0.66,0.03,0.1,0.06,,
1995,FL,MC,p25,12.6,9.5,340,8.2,18,23.25,5.15,18.84,1.6,0.69,0.05,0.11,0.06,,
1995,FL,MC,p75,13.7,9.9,379.5,8.4,20,30.45,6.1,23.21,2.14,1.06,0.07,0.17,0.08,,
1995,FL,MC,p90,14.1,10.1,383,8.4,22,32.3,6.2,24.87,2.44,1.18,0.08,0.18,0.09,,
1995,FL,POOL,median,13.562,9.696,337.153,8.261,17.679,26.426,5.598,24.089,1.588,0.662,0.06,0.146,0.068,,
1995,FL,POOL,n,140,140,140,140,140,140,140,140,76,76,76,76,76,,
1995,FL,POOL,p10,11.991,9.199,304.364,8.055,13.577,18.843,4.514,13.813,1.383,0.479,0.027,0.101,0.05,,
1995,FL,POOL,p25,13.103,9.42,321.406,8.151,15.441,22.155,5.113,19.729,1.507,0.616,0.052,0.12,0.058,,
1995,FL,POOL,p75,15.282,10.037,359.446,8.377,19.953,30.852,6.085,27.015,1.776,0.716,0.073,0.165,0.078,,
1995,FL,POOL,p90,15.894,10.587,380.001,8.524,23.68,35.941,6.531,30.763,2.158,0.919,0.092,0.189,0.084,,
1995,FL,SC,median,13.3,9.65,335.5,8.2,17.5,22.5,5.1,19.53,1.84,0.74,0.06,0.14,0.07,,
1995,FL,SC,n,30,30,30,30,30,30,30,30,16,16,16,16,16,0,0
1995,FL,SC,p10,11.6,9.25,288.5,8.1,14,17,4.1,12.49,1.53,0.61,0.04,0.11,0.06,,
1995,FL,SC,p25,12.2,9.4,323,8.1,15,20.5,4.7,15.48,1.56,0.66,0.05,0.12,0.06,,
1995,FL,SC,p75,14.7,9.8,359,8.3,20,32.4,5.8,24.22,2.27,1.12,0.07,0.16,0.08,,
1995,FL,SC,p90,15.75,9.95,387.5,8.4,21.5,34.8,6.4,28.31,2.45,1.25,0.08,0.17,0.09,,
1995,SM,BWC,median,27.5,9.8,481,8.6,19,28.5,8,55.47,2.45,0.94,0.06,0.16,0.07,,
1995,SM,BWC,n,61,61,61,61,60,55,55,61,33,33,33,33,33,0,0
1995,SM,BWC,p10,25.7,7.75,423.5,8.1,13.5,17.9,5.9,37.41,1.55,0.1,0.04,0.14,0.05,,
1995,SM,BWC,p25,26.25,8.8,460.5,8.5,16,22.45,6.5,46.47,1.91,0.37,0.05,0.15,0.05,,
1995,SM,BWC,p75,28.95,10.6,492.5,8.7,25,33.95,10.65,79.97,2.72,1.46,0.1,0.21,0.08,,
1995,SM,BWC,p90,29.75,12.25,499,8.8,37,46.3,13.3,101.23,3.3,1.52,0.19,0.27,0.08,,
1995,SM,IMP,median,27.1,10,495,8.6,19,26.6,7.2,54.73,2.55,1.51,0.06,0.17,0.07,,
1995,SM,IMP,n,25,25,25,25,25,22,22,25,14,14,14,14,14,0,0
1995,SM,IMP,p10,25.5,8.5,487,8.5,15,17.85,6.3,42.44,2.3,1.35,0.04,0.13,0.02,,
1995,SM,IMP,p25,26.35,8.95,488.5,8.5,17,23.2,6.6,49.33,2.5,1.42,0.04,0.14,0.06,,
1995,SM,IMP,p75,27.65,10.45,501,8.6,23,33.2,7.7,59.18,2.72,1.61,0.06,0.19,0.08,,
1995,SM,IMP,p90,28.6,12.3,505,8.8,23,35.3,8.95,67.86,3.68,1.82,0.09,0.2,0.09,,
1995,SM,MC,median,27.2,9.1,484,8.6,16,20.8,6.8,47.8,2.4,1.37,0.07,0.16,0.06,,
1995,SM,MC,n,25,25,25,25,25,21,21,25,14,14,14,14,14,0,0
1995,SM,MC,p10,25.7,8.6,465,8.5,13,15.6,5.25,35.7,1.97,0.51,0.03,0.1,0.04,,
1995,SM,MC,p25,26.6,8.7,467.5,8.5,14,18.05,5.95,40,2.06,0.96,0.05,0.13,0.05,,
1995,SM,MC,p75,27.65,9.9,503,8.6,17.5,23.6,7.95,57.69,2.51,1.67,0.13,0.17,0.07,,
1995,SM,MC,p90,27.8,10.6,511,8.7,20,26.65,8.35,64.07,2.69,1.82,0.21,0.18,0.09,,
1995,SM,POOL,median,27.136,9.668,488.739,8.532,17.393,24.901,7.241,52.251,2.511,1.428,0.052,0.161,0.064,,
1995,SM,POOL,n,140,140,140,140,139,127,127,140,77,77,77,77,77,,
1995,SM,POOL,p10,25.686,8.36,463.076,8.41,13.205,16.136,5.814,40.617,1.95,0.775,0.036,0.127,0.043,,
1995,SM,POOL,p25,26.276,8.8,474.455,8.462,15.085,20.644,6.44,45.836,2.236,1.156,0.042,0.143,0.056,,
1995,SM,POOL,p75,27.84,10.353,498.079,8.588,21.106,30.615,7.964,59.296,2.681,1.553,0.064,0.181,0.076,,
1995,SM,POOL,p90,28.802,11.58,502.728,8.697,24.293,34.463,9.357,69.889,2.893,1.71,0.106,0.196,0.083,,
1995,SM,SC,median,27.5,9.3,478,8.6,16,21.1,7,49.93,2.31,1.41,0.05,0.16,0.07,,
1995,SM,SC,n,29,29,29,29,29,29,29,29,16,16,16,16,16,0,0
1995,SM,SC,p10,25.95,8.55,459,8.5,11.5,15.75,5.35,38.61,1.93,0.94,0.03,0.13,0.06,,
1995,SM,SC,p25,26.15,8.8,465,8.5,14.5,17.5,6.1,44.34,2.05,1.12,0.04,0.15,0.06,,
1995,SM,SC,p75,27.9,10.45,492.5,8.6,18,25.75,7.8,56.08,2.58,1.56,0.05,0.17,0.08,,
1995,SM,SC,p90,28.5,11.35,502,8.75,19,29.4,8.5,64.02,2.67,1.63,0.1,0.18,0.09,,
1995,SP,BWC,median,12.9,14.8,445,9,14,22.6,9.4,69.51,3.03,2.18,0.04,0.07,0.01,,
1995,SP,BWC,n,59,59,59,59,59,59,59,59,33,33,33,33,33,0,0
1995,SP,BWC,p10,12.05,10.4,383,8.45,9,16.2,6.45,40.35,1.67,0.1,0.02,0.05,0,,
1995,SP,BWC,p25,12.5,12.2,403,8.8,12,18.4,7.5,49.08,2.5,1.55,0.03,0.06,0,,
1995,SP,BWC,p75,13.8,16.7,477.5,9.1,16,27.25,10.7,82.15,3.32,2.55,0.07,0.09,0.01,,
1995,SP,BWC,p90,15.6,19.25,531.5,9.2,18,33.95,11.6,91.73,3.55,2.71,0.09,0.12,0.01,,
1995,SP,IMP,median,11.9,15.8,471,9,16,30,10.8,77.7,3.39,2.65,0.05,0.06,0,,
1995,SP,IMP,n,25,25,25,25,25,25,25,25,13,13,13,13,13,0,0
1995,SP,IMP,p10,11.3,13.4,397,8.9,12,23.5,7.1,39.77,2.85,1.87,0.03,0.05,0,,
1995,SP,IMP,p25,11.65,15.3,412,9,14,27.2,9.55,67.91,2.96,2.24,0.03,0.05,0,,
1995,SP,IMP,p75,13.2,16.85,487.5,9.1,17,33.05,11.85,86.92,3.62,3.05,0.07,0.07,0.01,,
1995,SP,IMP,p90,14,18,531,9.2,19,38.6,12.9,96.84,3.7,3.2,0.08,0.09,0.01,,
1995,SP,MC,median,12.4,12.1,502,8.8,15,26.6,8.8,43.78,3.68,2.95,0.03,0.07,0,,
1995,SP,MC,n,25,25,25,25,25,25,25,25,13,13,13,13,13,0,0
1995,SP,MC,p10,11.3,10.6,458,8.7,12,22.5,6.7,33.27,3.13,2.59,0.01,0.05,0,,
1995,SP,MC,p25,11.9,10.7,480,8.7,14,24.65,7.1,38.84,3.44,2.76,0.02,0.06,0,,
1995,SP,MC,p75,12.7,14.7,536.5,9,17,29.95,9.6,68.04,3.78,3.24,0.07,0.08,0.01,,
1995,SP,MC,p90,13.3,15.2,541,9,17,31.8,10.2,73.87,3.88,3.35,0.07,0.08,0.01,,
1995,SP,POOL,median,12.283,15.142,470.235,8.934,14.625,27.547,9.602,70.941,3.373,2.644,0.043,0.066,0.003,,
1995,SP,POOL,n,140,140,140,140,140,140,140,138,75,75,75,75,75,,
1995,SP,POOL,p10,11.426,10.659,396.274,8.671,11.062,19.091,6.765,37.896,2.768,1.855,0.021,0.046,0.002,,
1995,SP,POOL,p25,11.782,12.681,418.241,8.785,12.968,23.893,8.045,45.127,2.991,2.274,0.027,0.052,0.002,,
1995,SP,POOL,p75,13.088,16.071,493.33,9.035,16.269,31.162,10.786,81.2,3.612,2.957,0.06,0.078,0.005,,
1995,SP,POOL,p90,13.941,17.634,539.098,9.15,17.822,36.366,11.961,92.012,3.74,3.161,0.073,0.088,0.006,,
1995,SP,SC,median,12.3,12.7,468,8.8,14,25.2,9,52.15,3.47,2.62,0.04,0.07,0.01,,
1995,SP,SC,n,31,31,31,31,31,31,31,29,16,16,16,16,16,0,0
1995,SP,SC,p10,11.8,10.6,412,8.7,11.5,20.35,6.6,40.44,3.07,2.36,0.01,0.05,0,,
1995,SP,SC,p25,12,11.15,434.5,8.8,13,23.85,7.3,44.76,3.19,2.46,0.02,0.06,0,,
1995,SP,SC,p75,12.6,15.15,532,9,16,28.65,9.7,75.7,3.64,2.93,0.06,0.09,0.01,,
1995,SP,SC,p90,13.1,15.7,550,9.1,17.5,31.9,10.3,85.4,3.79,3.08,0.07,0.09,0.01,,
1995,WN,BWC,median,0.1,15.5,450,8.5,5,4.45,2.6,31.86,2.48,1.87,0.01,0.09,0.04,34,2
1995,WN,BWC,n,31,31,31,31,29,30,30,30,17,16,16,17,17,31,31
1995,WN,BWC,p10,0,13.75,430.5,8.15,3,3.45,0.9,25.08,2.29,1.68,0.01,0.05,0.02,18,0
1995,WN,BWC,p25,0.1,15.05,435.5,8.4,3,3.8,2.2,28.91,2.35,1.78,0.01,0.06,0.02,25,1
1995,WN,BWC,p75,0.35,16.4,484,8.6,6.5,7.9,3.7,35.46,2.57,1.89,0.03,0.09,0.05,39.5,3
1995,WN,BWC,p90,0.7,19.3,541,8.7,9,16.3,5.95,44.1,2.6,1.92,0.05,0.1,0.05,40.5,3.5
1995,WN,IMP,median,0,15.95,456.5,8.5,3,4,2.7,32.73,2.55,1.9,0.01,0.08,0.04,30,1
1995,WN,IMP,n,24,24,24,24,24,24,24,24,13,13,13,13,13,24,24
1995,WN,IMP,p10,-0.1,14.85,436,8.4,2,2.8,0.8,27.76,2.42,1.79,0.01,0.06,0.02,25,0
1995,WN,IMP,p25,0,15.35,445.5,8.4,2,3.35,1.6,30.66,2.46,1.86,0.01,0.06,0.03,28,1
1995,WN,IMP,p75,0.1,16.85,470.5,8.6,3,4.25,3.15,36.61,2.66,1.93,0.02,0.09,0.05,32.5,2
1995,WN,IMP,p90,0.2,17.1,482.5,8.6,4,4.6,3.4,39.51,2.78,2.06,0.04,0.1,0.05,38,2.5
1995,WN,MC,median,0,15,466,8.4,3,4,2.7,33.06,2.53,1.91,0.01,0.08,0.04,20,1
1995,WN,MC,n,25,25,25,25,25,25,25,25,13,13,13,12,12,25,25
1995,WN,MC,p10,-0.1,14,448,8.4,2,3.4,2.3,25.52,2.32,1.73,0.01,0.05,0.02,6,0
1995,WN,MC,p25,-0.1,14.75,457.5,8.4,3,3.7,2.45,28.75,2.42,1.88,0.01,0.07,0.02,14.5,0
1995,WN,MC,p75,0.1,15.4,477.5,8.5,4,4.25,2.95,35.36,2.57,1.99,0.01,0.08,0.05,24,1
1995,WN,MC,p90,0.1,15.6,487,8.5,5,4.7,3.2,37.76,2.81,2.31,0.02,0.09,0.05,32,2
1995,WN,POOL,median,0.013,15.435,457.285,8.438,2.758,3.967,2.633,32.485,2.545,1.888,0.01,0.08,0.038,29.077,0.747
1995,WN,POOL,n,108,108,108,108,106,107,107,107,57,56,56,56,56,108,108
1995,WN,POOL,p10,-0.1,14.605,435.318,8.318,1.502,3.196,0.912,26.285,2.337,1.717,0.01,0.051,0.018,13.629,0
1995,WN,POOL,p25,-0.067,14.972,443.224,8.363,2.164,3.54,2.277,29.81,2.418,1.848,0.01,0.057,0.023,20.86,0.075
1995,WN,POOL,p75,0.094,16.417,474.186,8.516,3.675,4.424,3.089,36.038,2.602,1.923,0.01,0.085,0.043,32.656,1.632
1995,WN,POOL,p90,0.213,17.042,489.655,8.575,5.402,6.363,3.65,38.707,2.695,2.042,0.04,0.091,0.046,38.597,2.451
1995,WN,SC,median,0.1,15.15,448.5,8.5,4,4,2.6,32.57,2.54,1.87,0.01,0.08,0.04,18,2
1995,WN,SC,n,28,28,28,28,28,28,28,28,14,14,14,14,14,28,28
1995,WN,SC,p10,0,14.2,438,8.4,3,3.5,2.3,26.83,2.28,1.66,0.01,0.05,0.02,3.5,0
1995,WN,SC,p25,0,14.8,443,8.4,3,3.7,2.4,29.73,2.36,1.8,0.01,0.07,0.02,10,1
1995,WN,SC,p75,0.2,15.55,484,8.5,4,4.8,3.1,36.18,2.6,1.94,0.01,0.08,0.04,30.5,2
1995,WN,SC,p90,0.35,16.05,504,8.6,6,7.2,3.7,40.06,2.81,2.2,0.09,0.12,0.05,38,3
1996,FL,BWC,median,13.2,15.2,342.5,9.3,13,23.7,7.1,110.15,1.16,0.1,0.01,,0,,
1996,FL,BWC,n,60,60,60,60,60,60,60,60,35,35,35,0,35,0,0
1996,FL,BWC,p10,11.6,10.15,332,8.5,4.5,7.85,2.65,19.63,0.81,0.1,0.01,,0,,
1996,FL,BWC,p25,12.5,13,336,9.1,9,14.8,5.5,49.95,1.01,0.1,0.01,,0,,
1996,FL,BWC,p75,13.7,16.55,360.5,9.5,16,28.75,9.15,129.98,1.25,0.29,0.02,,0,,
1996,FL,BWC,p90,14.35,18.65,413,9.6,22.5,44.15,11.7,149.91,1.39,0.4,0.03,,0,,
1996,FL,IMP,median,13.5,16.9,342,9.3,19,34.3,9.9,148.16,1.24,0.16,0.01,,0,,
1996,FL,IMP,n,25,25,25,25,25,25,25,25,14,14,14,0,14,0,0
1996,FL,IMP,p10,12.8,15,332,9.1,11,22.7,7,115.58,1.13,0.1,0.01,,0,,
1996,FL,IMP,p25,13.2,15.3,336,9.2,13.5,26.1,7.55,122.75,1.18,0.1,0.01,,0,,
1996,FL,IMP,p75,13.6,18.25,347.5,9.55,25.5,53.05,12.15,185.51,1.3,0.32,0.01,,0,,
1996,FL,IMP,p90,13.9,19.1,356,9.6,30,70.4,13.5,204.52,1.35,0.47,0.03,,0,,
1996,FL,MC,median,13.6,14.8,343,9.2,11,20.6,6.8,128.18,1.3,0.45,0.01,,0,,
1996,FL,MC,n,25,25,25,25,25,25,25,25,14,14,14,0,14,0,0
1996,FL,MC,p10,12.2,12.7,338,9,9,17.6,5.4,88.22,1.13,0.1,0.01,,0,,
1996,FL,MC,p25,12.7,13.3,342,9.1,10,18.7,5.8,106.41,1.26,0.26,0.01,,0,,
1996,FL,MC,p75,13.8,17.6,355.5,9.5,18,33.05,9.6,182.13,1.34,0.48,0.01,,0,,
1996,FL,MC,p90,13.9,18.1,360,9.6,22,40,11,189.56,1.54,0.54,0.07,,0.01,,
1996,FL,POOL,median,13.385,16.05,341.65,9.237,13.821,26.564,7.876,130.429,1.24,0.225,0.01,,0.002,,
1996,FL,POOL,n,140,140,140,140,140,140,140,140,80,80,80,,80,,
1996,FL,POOL,p10,12.203,13.036,331.717,9.003,8.567,17.732,5.574,86.667,1.069,0.1,0.01,,0.002,,
1996,FL,POOL,p25,12.94,14.732,337.136,9.089,10.507,21.496,6.499,113.087,1.152,0.1,0.01,,0.002,,
1996,FL,POOL,p75,13.586,17.544,350.14,9.422,19.915,38.307,10.281,173.916,1.299,0.334,0.01,,0.002,,
1996,FL,POOL,p90,13.896,18.646,359.364,9.559,26.395,57.584,12.573,194.392,1.354,0.473,0.027,,0.002,,
1996,FL,SC,median,13.4,15.35,342,9.25,12,23.95,7.35,120.14,1.26,0.27,0.01,,0,,
1996,FL,SC,n,30,30,30,30,30,30,30,30,17,17,17,0,17,0,0
1996,FL,SC,p10,12,13.3,333,9.1,9,18,5.7,102.31,1.1,0.1,0.01,,0,,
1996,FL,SC,p25,12.8,14.3,336,9.2,11,22,5.9,110.76,1.19,0.1,0.01,,0,,
1996,FL,SC,p75,13.6,17.2,345,9.4,16,31,8.8,145.4,1.3,0.36,0.02,,0,,
1996,FL,SC,p90,13.85,18.25,356.5,9.5,21,39.4,10.1,184.33,1.46,0.49,0.03,,0,,
1996,SM,BWC,median,24.8,9.15,397,8.5,16,26.05,5.7,22.87,1.68,0.92,0.05,0.12,0.03,,
1996,SM,BWC,n,60,60,60,60,60,60,60,60,32,32,32,31,32,0,0
1996,SM,BWC,p10,23.55,5.4,339,7.85,10.5,13.15,3.4,18.2,0.97,0.1,0.03,0.09,0,,
1996,SM,BWC,p25,24.4,8.1,378,8.3,12,17.75,4.05,19.71,1.49,0.38,0.04,0.11,0.01,,
1996,SM,BWC,p75,25.55,10.05,423,8.6,25.5,42,8.55,32.48,1.78,1.13,0.08,0.14,0.06,,
1996,SM,BWC,p90,26.35,11.35,432,8.8,37.5,59.85,13.2,57.5,2,1.28,0.08,0.17,0.06,,
1996,SM,IMP,median,23.7,8.1,374,8.4,16,18.5,3.7,20.97,1.6,0.89,0.03,0.11,0.03,,
1996,SM,IMP,n,25,25,25,25,25,25,25,25,14,14,14,14,14,0,0
1996,SM,IMP,p10,22.9,7.8,369,8.3,12,15.2,2.7,17.03,1.39,0.67,0.01,0.09,0.02,,
1996,SM,IMP,p25,23.45,7.9,370.5,8.3,13.5,16.1,3.1,19.25,1.44,0.84,0.02,0.1,0.02,,
1996,SM,IMP,p75,24.05,8.3,385.5,8.4,19.5,26.6,4.15,24.57,1.63,0.98,0.04,0.12,0.04,,
1996,SM,IMP,p90,24.4,8.8,390,8.5,23,30.3,4.9,26.67,2.16,1.22,0.07,0.13,0.07,,
1996,SM,MC,median,23.8,8.4,396,8.4,12,15.8,3.5,22.59,1.8,1.12,0.04,0.11,0.04,,
1996,SM,MC,n,25,25,25,25,25,25,25,25,13,13,13,13,13,0,0
1996,SM,MC,p10,23,7.6,367,8.2,10,12.2,3.1,15.76,1.45,0.78,0.02,0.09,0.02,,
1996,SM,MC,p25,23.2,7.75,369,8.3,11,13.7,3.2,18.79,1.56,0.92,0.02,0.1,0.03,,
1996,SM,MC,p75,24.2,8.65,427,8.4,13.5,18.9,4,24.67,1.9,1.31,0.07,0.13,0.07,,
1996,SM,MC,p90,24.4,9.1,437,8.5,15,23.6,4.6,27.02,2.82,1.38,0.1,0.22,0.07,,
1996,SM,POOL,median,23.912,8.194,379.656,8.336,14.062,18.833,3.827,21.582,1.611,0.928,0.038,0.11,0.034,,
1996,SM,POOL,n,140,140,140,140,140,140,140,140,76,76,76,74,76,,
1996,SM,POOL,p10,23.015,7.528,368.344,8.188,10.383,13.615,2.733,17.713,1.379,0.631,0.01,0.087,0.014,,
1996,SM,POOL,p25,23.508,7.897,370.574,8.258,11.63,15.836,3.195,19.354,1.514,0.835,0.025,0.096,0.02,,
1996,SM,POOL,p75,24.381,8.881,411.3,8.398,18.201,26.087,4.67,25.202,1.802,1.112,0.056,0.119,0.051,,
1996,SM,POOL,p90,25.125,9.841,425.444,8.544,23.049,36.618,6.428,29.256,1.998,1.263,0.073,0.139,0.066,,
1996,SM,SC,median,24.3,8.55,395.5,8.4,13,18.7,3.85,21.57,1.75,1.11,0.05,0.11,0.04,,
1996,SM,SC,n,30,30,30,30,30,30,30,30,17,17,17,16,17,0,0
1996,SM,SC,p10,23.1,7.4,373.5,8.2,11,13,2.25,18.62,1.53,0.84,0.01,0.09,0.02,,
1996,SM,SC,p25,23.7,8,380,8.3,12,16.1,3,19.35,1.64,0.97,0.03,0.09,0.03,,
1996,SM,SC,p75,24.4,9.1,418,8.4,15,20.9,4.3,24.35,1.88,1.15,0.07,0.13,0.07,,
1996,SM,SC,p90,24.75,9.3,426.5,8.55,17,28.25,4.85,29.42,2.08,1.18,0.09,0.21,0.08,,
1996,SP,BWC,median,10.05,12.6,237,8.6,10,12.9,3.8,35.35,1.35,0.53,0.16,0.09,0.04,,
1996,SP,BWC,n,60,60,60,60,60,59,55,60,34,34,34,34,34,0,0
1996,SP,BWC,p10,8.5,11.75,203.5,8.25,6,7.5,2.7,29.09,1.04,0.1,0.05,0.07,0.04,,
1996,SP,BWC,p25,9.3,12.25,215,8.5,8,10.3,3.5,31.2,1.19,0.35,0.07,0.08,0.04,,
1996,SP,BWC,p75,10.65,13.45,283.5,8.7,11,18.6,4.25,42,1.52,0.73,0.24,0.1,0.04,,
1996,SP,BWC,p90,11,14.1,322.5,8.8,15,22.6,5.1,45.84,2.02,1.08,0.31,0.12,0.04,,
1996,SP,IMP,median,10.3,12.2,259,8.7,15,26.3,5.1,38.46,1.37,0.48,0.18,0.1,0.04,,
1996,SP,IMP,n,25,25,25,25,25,25,25,25,13,13,13,13,13,0,0
1996,SP,IMP,p10,9.3,11.4,192,8.1,12,21.4,3.8,33.02,1.23,0.38,0.04,0.09,0.04,,
1996,SP,IMP,p25,9.4,11.9,228.5,8.45,13.5,24.15,4.4,34.96,1.28,0.44,0.06,0.1,0.04,,
1996,SP,IMP,p75,10.55,12.6,266.5,8.75,16,30,5.4,41.4,1.54,0.53,0.25,0.11,0.04,,
1996,SP,IMP,p90,10.8,12.9,276,8.8,19,37.1,5.5,43.55,2.01,0.82,0.28,0.11,0.05,,
1996,SP,MC,median,9.3,11.8,254,8.4,13,21.2,4,34.74,1.42,0.74,0.09,0.1,0.04,,
1996,SP,MC,n,25,25,25,25,25,25,25,25,14,14,14,14,14,0,0
1996,SP,MC,p10,8.8,11.4,222,8.2,12,18.4,3.5,29.47,1.24,0.38,0.05,0.09,0.03,,
1996,SP,MC,p25,8.9,11.6,232.5,8.4,12.5,19.95,3.7,32.15,1.38,0.56,0.07,0.1,0.04,,
1996,SP,MC,p75,9.9,12,275.5,8.55,15,24.25,5.05,36,1.59,0.79,0.2,0.12,0.05,,
1996,SP,MC,p90,10.5,12.2,282,8.7,23,39.9,6.5,40.53,1.63,0.83,0.32,0.13,0.05,,
1996,SP,POOL,median,9.976,12.099,250.671,8.536,13.069,22.846,4.384,35.915,1.389,0.499,0.146,0.101,0.04,,
1996,SP,POOL,n,140,139,140,140,140,139,135,140,77,77,77,77,77,,
1996,SP,POOL,p10,8.852,11.335,201.2,8.089,8.75,12.164,3.29,29.303,1.199,0.351,0.05,0.081,0.035,,
1996,SP,POOL,p25,9.246,11.735,223.726,8.33,11.249,18.697,3.749,33.251,1.281,0.45,0.065,0.094,0.038,,
1996,SP,POOL,p75,10.483,12.537,271.838,8.673,14.9,29.16,5.228,40.447,1.527,0.74,0.24,0.108,0.042,,
1996,SP,POOL,p90,10.764,13.134,286.329,8.751,18.555,36.962,5.497,43.534,1.901,0.794,0.283,0.114,0.045,,
1996,SP,SC,median,9.7,12.1,230.5,8.5,13,20.5,4.3,35.26,1.49,0.6,0.13,0.1,0.04,,
1996,SP,SC,n,30,29,30,30,30,30,30,30,16,16,16,16,16,0,0
1996,SP,SC,p10,8.9,11.3,209,8.15,11.5,15.85,3.4,26.58,1.29,0.47,0.06,0.1,0.04,,
1996,SP,SC,p25,9.1,11.55,220,8.3,12,18.7,3.8,28.96,1.35,0.5,0.08,0.1,0.04,,
1996,SP,SC,p75,10.6,12.5,281,8.7,17,32.6,5.3,39.23,1.55,0.76,0.23,0.11,0.04,,
1996,SP,SC,p90,10.95,12.8,285.5,8.8,20,42.4,6.35,43.21,1.69,0.79,0.31,0.12,0.04,,
1996,WN,BWC,median,0.1,8.7,425,7.6,4,,,1,2.38,1.47,0.47,0.08,0.05,43,10
1996,WN,BWC,n,49,49,47,49,41,0,0,43,23,23,23,21,23,49,49
1996,WN,BWC,p10,0,0.45,385.5,7.2,3,,,1,2.07,0.26,0.31,0.08,0.02,34.5,0
1996,WN,BWC,p25,0,3,409,7.35,3,,,1,2.23,1.15,0.37,0.08,0.05,37,1
1996,WN,BWC,p75,0.2,9.3,486.5,7.8,5,,,1,2.46,1.54,0.71,0.1,0.07,47,18.5
1996,WN,BWC,p90,0.45,9.6,717,7.8,20,,,13.73,2.89,1.61,1.55,0.18,0.08,49,26
1996,WN,IMP,median,0,9.45,437,7.8,3,,,1,2.25,1.57,0.32,0.09,0.05,44,17.5
1996,WN,IMP,n,22,22,22,22,22,0,0,22,13,13,13,13,13,22,22
1996,WN,IMP,p10,0,8.7,414,7.7,3,,,1,2.09,1.46,0.26,0.08,0.04,33,12.5
1996,WN,IMP,p25,0,9.3,424,7.7,3,,,1,2.17,1.53,0.29,0.08,0.04,40,14
1996,WN,IMP,p75,0,9.7,451,8,4,,,1,2.41,1.61,0.35,0.11,0.06,47,20
1996,WN,IMP,p90,0,9.7,458.5,8.1,4,,,1,2.48,1.74,0.41,0.11,0.07,48,23.5
1996,WN,MC,median,0,9.6,437,7.7,3,,,1,2.28,1.56,0.31,0.08,0.06,32,11
1996,WN,MC,n,25,25,25,25,25,0,0,25,13,13,13,13,13,25,25
1996,WN,MC,p10,0,9.3,410,7.6,2,,,1,2.13,1.46,0.27,0.07,0.04,24,1
1996,WN,MC,p25,0,9.4,423.5,7.7,3,,,1,2.21,1.52,0.3,0.08,0.05,28,2.5
1996,WN,MC,p75,0,9.8,452.5,7.85,4,,,1,2.36,1.6,0.33,0.09,0.07,36.5,20
1996,WN,MC,p90,0,10.2,456,7.9,4,,,1,2.57,1.88,0.51,0.11,0.08,43,24
1996,WN,POOL,median,-0.042,9.323,433.592,7.687,2.848,,,1,2.275,1.544,0.319,0.084,0.053,41.158,13.853
1996,WN,POOL,n,125,125,123,125,117,,,119,65,65,65,63,65,125,125
1996,WN,POOL,p10,-0.089,8.149,408.283,7.504,2.066,,,1,2.108,1.369,0.278,0.072,0.035,27.178,0.63
1996,WN,POOL,p25,-0.071,9.013,418.302,7.609,2.359,,,1,2.201,1.493,0.301,0.077,0.044,34.226,6.414
1996,WN,POOL,p75,-0.012,9.574,452.514,7.793,3.49,,,1,2.383,1.58,0.378,0.094,0.061,45.79,18.431
1996,WN,POOL,p90,0.071,9.679,461.04,7.968,3.917,,,1,2.471,1.634,0.503,0.107,0.069,47.38,22.891
1996,WN,SC,median,0,9.3,430,7.7,3,,,1,2.31,1.5,0.32,0.08,0.06,41,9
1996,WN,SC,n,29,29,29,29,29,0,0,29,16,16,16,16,16,29,29
1996,WN,SC,p10,0,8.9,414,7.6,2,,,1,2.18,1.47,0.31,0.07,0.04,22.5,1
1996,WN,SC,p25,0,9.1,419,7.6,3,,,1,2.22,1.49,0.31,0.07,0.05,30,2.5
1996,WN,SC,p75,0,9.5,453,7.8,4,,,1,2.38,1.56,0.37,0.09,0.06,44,16
1996,WN,SC,p90,0.1,9.65,458,8,4,,,1,2.49,1.61,0.4,0.1,0.06,46.5,19
1997,FL,BWC,median,18.45,9.15,368.5,8.25,11,16.4,4.5,29.77,1.31,0.67,0.08,0.13,0.03,,
1997,FL,BWC,n,60,60,60,60,60,60,60,60,35,35,35,35,34,0,0
1997,FL,BWC,p10,11.45,6.75,349,8,6.5,8.6,2.55,13.81,0.76,0.01,0.02,0.11,0,,
1997,FL,BWC,p25,14.75,8.35,363.5,8.1,9,12.15,3.3,20.27,1.16,0.18,0.05,0.12,0.02,,
1997,FL,BWC,p75,19.75,10.3,377.5,8.5,16,23.55,5.9,43.8,1.39,0.71,0.1,0.15,0.05,,
1997,FL,BWC,p90,21.75,12.05,394,8.7,25.5,53.35,9.25,51.64,1.52,0.8,0.17,0.21,0.06,,
1997,FL,IMP,median,18.7,10.9,368,8.6,13,19.1,4.7,43.33,1.37,0.64,0.06,0.13,0.03,,
1997,FL,IMP,n,25,25,25,25,25,25,25,25,13,13,13,13,13,0,0
1997,FL,IMP,p10,13.4,9.4,362,8.2,9,11.1,3.3,22.76,1.24,0.53,0.02,0.11,0.01,,
1997,FL,IMP,p25,15.75,9.85,364,8.35,11,13.7,3.85,26.22,1.27,0.6,0.03,0.12,0.01,,
1997,FL,IMP,p75,20.1,12.25,371.5,8.7,15.5,22,5.9,59.25,1.53,0.79,0.07,0.16,0.05,,
1997,FL,IMP,p90,20.3,12.5,372,8.8,19,28.6,6.6,69.35,1.61,0.84,0.11,0.18,0.06,,
1997,FL,MC,median,19,9.6,372,8.4,9,12.4,3.7,36.23,1.38,0.72,0.04,0.13,0.03,,
1997,FL,MC,n,25,25,25,25,25,25,25,25,13,13,13,13,13,0,0
1997,FL,MC,p10,16.7,8.7,364,8.1,8,10.2,2.6,27.09,1.27,0.62,0.02,0.11,0.02,,
1997,FL,MC,p25,17.65,8.9,367.5,8.3,8,11.3,2.85,28.06,1.32,0.63,0.03,0.12,0.02,,
1997,FL,MC,p75,19.25,10.5,378,8.6,12,15.4,4.3,44.99,1.46,0.83,0.06,0.13,0.04,,
1997,FL,MC,p90,19.7,11.1,390,8.6,14,22.8,4.7,51.08,1.54,0.91,0.09,0.14,0.06,,
1997,FL,POOL,median,18.677,9.934,368.214,8.459,11.194,15.749,4.18,37.224,1.372,0.684,0.053,0.126,0.03,,
1997,FL,POOL,n,140,139,140,140,140,140,140,140,77,77,77,77,76,,
1997,FL,POOL,p10,13.354,8.626,361.082,8.066,7.062,10.347,2.761,20.726,1.223,0.448,0.021,0.107,0.009,,
1997,FL,POOL,p25,16.964,9.181,363.588,8.196,8.403,12.248,3.34,25.051,1.268,0.606,0.03,0.118,0.017,,
1997,FL,POOL,p75,19.711,11.574,371.786,8.613,14.134,20.076,5.241,47.245,1.45,0.763,0.078,0.146,0.043,,
1997,FL,POOL,p90,20.166,12.363,381.001,8.689,17.994,26.202,6.399,61.679,1.558,0.814,0.111,0.162,0.054,,
1997,FL,SC,median,19.05,10.1,369,8.5,9,13.3,3.7,34.52,1.38,0.72,0.06,0.13,0.03,,
1997,FL,SC,n,30,29,30,30,30,30,30,30,16,16,16,16,16,0,0
1997,FL,SC,p10,16.05,8.75,354,8.2,7.5,10.75,2.65,21.14,1.26,0.67,0.02,0.12,0.02,,
1997,FL,SC,p25,17.9,9,364,8.3,8,11.8,3.1,24.51,1.32,0.69,0.04,0.12,0.03,,
1997,FL,SC,p75,19.6,11.45,375,8.6,12,16.3,4.3,46.19,1.43,0.74,0.08,0.13,0.05,,
1997,FL,SC,p90,19.85,12.7,389,8.7,14.5,18.8,5.2,57.91,1.47,0.8,0.17,0.15,0.05,,
1997,SM,BWC,median,25.35,6.5,404,7.9,12,12.45,3.7,11.4,2.21,1.55,0.15,0.17,0.05,,
1997,SM,BWC,n,60,59,60,60,60,60,60,60,36,36,36,36,36,0,0
1997,SM,BWC,p10,24.1,4.35,328.5,7.6,7,5.75,2.3,6.26,1.06,0.04,0.09,0.14,0.03,,
1997,SM,BWC,p25,24.75,5.85,362,7.7,10,9.7,3.05,8.17,1.41,0.82,0.13,0.15,0.04,,
1997,SM,BWC,p75,26.55,7,419,8,15,19.3,4.35,23.52,2.52,1.77,0.17,0.18,0.06,,
1997,SM,BWC,p90,26.9,7.85,438,8.1,18,27.1,5.35,33.52,2.82,2.04,0.19,0.21,0.08,,
1997,SM,IMP,median,24.7,7.1,420,7.9,18,25.6,4.2,13.95,2.67,1.93,0.13,0.16,0.06,,
1997,SM,IMP,n,25,25,25,25,25,25,25,25,14,14,14,14,14,0,0
1997,SM,IMP,p10,24.2,6.5,398,7.9,13,18.1,2.9,10.03,2.42,1.72,0.07,0.14,0.04,,
1997,SM,IMP,p25,24.4,6.75,410.5,7.9,15,22.2,3.4,11.02,2.48,1.8,0.12,0.15,0.05,,
1997,SM,IMP,p75,25.2,7.3,426,8,21.5,30.05,4.7,16.75,2.81,2,0.15,0.17,0.07,,
1997,SM,IMP,p90,25.8,7.4,433,8,24,37.1,5.2,19.15,2.96,2.07,0.17,0.18,0.08,,
1997,SM,MC,median,24.4,6.4,424,7.9,17,24.8,4,10.13,2.7,1.98,0.09,0.16,0.05,,
1997,SM,MC,n,25,25,25,25,25,25,25,25,13,13,13,12,12,0,0
1997,SM,MC,p10,23.6,6.1,412,7.8,13,17.6,3.2,6.99,2.42,1.73,0.05,0.13,0.03,,
1997,SM,MC,p25,24,6.2,417.5,7.9,14,19.55,3.4,8.07,2.62,1.95,0.06,0.15,0.04,,
1997,SM,MC,p75,25.3,6.6,431,8,22.5,31.3,4.75,12.14,2.78,2.08,0.16,0.17,0.07,,
1997,SM,MC,p90,25.5,6.8,434,8,25,35.1,5.8,13.27,3.3,2.52,0.17,0.18,0.08,,
1997,SM,POOL,median,24.682,6.663,417.51,7.874,15.276,22.466,3.968,11.384,2.594,1.897,0.132,0.157,0.055,,
1997,SM,POOL,n,140,139,140,140,140,140,140,140,80,80,80,79,79,,
1997,SM,POOL,p10,24.014,5.942,390.355,7.733,9.716,11.651,2.837,7.48,2.01,1.261,0.061,0.139,0.036,,
1997,SM,POOL,p25,24.279,6.287,404.318,7.818,12.455,17.953,3.255,9.52,2.442,1.716,0.093,0.145,0.045,,
1997,SM,POOL,p75,25.362,7.092,425.643,7.942,18.696,27.946,4.565,15.192,2.787,2.002,0.153,0.169,0.071,,
1997,SM,POOL,p90,25.868,7.347,434.484,7.99,23.408,36.017,5.192,18.983,3.032,2.08,0.165,0.18,0.078,,
1997,SM,SC,median,24.65,6.45,413.5,7.9,15,21.1,4.25,10.52,2.59,1.89,0.13,0.15,0.07,,
1997,SM,SC,n,30,30,30,30,30,30,30,30,17,17,17,17,17,0,0
1997,SM,SC,p10,23.9,5.8,400,7.8,10,12.85,2.55,6.7,2.28,1.6,0.06,0.13,0.06,,
1997,SM,SC,p25,24.2,6.1,402,7.8,13,17.9,3.6,8.27,2.44,1.72,0.1,0.14,0.06,,
1997,SM,SC,p75,25.2,6.7,431,8,18,28.3,4.7,11.5,2.91,2.28,0.15,0.17,0.08,,
1997,SM,SC,p90,25.9,7,440,8,24.5,40.3,5.45,14.2,3.39,2.81,0.17,0.17,0.08,,
1997,SP,BWC,median,12.8,11.85,378,8.25,13,19.2,4.5,36.23,2.21,1.38,0.04,0.1,0,,
1997,SP,BWC,n,61,60,60,60,61,61,61,61,35,35,35,35,35,0,0
1997,SP,BWC,p10,11.2,10.35,351,8.1,8,10.2,3.35,28.18,1.79,0.87,0,0.05,0,,
1997,SP,BWC,p25,11.9,10.65,356,8.1,10,12.2,3.85,31.04,2.04,1.18,0,0.08,0,,
1997,SP,BWC,p75,13.65,12.5,398,8.5,14,28.25,5.35,40.68,2.39,1.72,0.06,0.12,0.02,,
1997,SP,BWC,p90,14.55,13.35,413.5,8.6,16.5,34.5,6.35,44.84,3.16,2.13,0.07,0.14,0.02,,
1997,SP,IMP,median,12,11.6,385,8.3,14,24.5,5,38.56,2.06,1.23,0.05,0.13,0,,
1997,SP,IMP,n,25,25,25,25,25,25,25,25,14,14,14,14,14,0,0
1997,SP,IMP,p10,11.2,10.8,358,8.2,11,19,4.2,27.92,1.7,1.02,0,0.09,0,,
1997,SP,IMP,p25,11.7,11,364.5,8.2,12.5,20.65,4.6,33.25,1.91,1.18,0.04,0.12,0,,
1997,SP,IMP,p75,12.95,11.8,396,8.3,21,44.15,6.7,43.24,2.35,1.38,0.09,0.13,0.01,,
1997,SP,IMP,p90,13.5,12.3,408,8.6,24,59.6,7.8,44.62,2.77,1.71,0.14,0.19,0.04,,
1997,SP,MC,median,11.2,11.3,403,8.2,13,19.6,4.3,29.91,2.28,1.52,0.04,0.12,0,,
1997,SP,MC,n,25,25,25,25,24,25,25,25,14,14,14,14,14,0,0
1997,SP,MC,p10,10.6,10.5,372,8,10,16.1,3.7,22.38,1.92,1.17,0,0.06,0,,
1997,SP,MC,p25,10.9,10.95,387,8.1,12,16.65,3.9,25.11,2.14,1.44,0,0.09,0,,
1997,SP,MC,p75,12,11.3,410.5,8.2,15,25.75,5.1,31.69,2.63,2.06,0.05,0.12,0.01,,
1997,SP,MC,p90,12.4,11.7,419,8.3,30,73.9,8,32.94,2.81,2.25,0.1,0.13,0.02,,
1997,SP,POOL,median,12.009,11.513,384.2,8.214,12.899,23.045,4.771,35.24,2.21,1.378,0.042,0.117,0.001,,
1997,SP,POOL,n,141,140,140,140,140,141,141,141,79,79,79,80,80,,
1997,SP,POOL,p10,11.058,10.479,356.621,8.015,9.359,12.904,3.658,27.01,1.772,1.04,0.004,0.062,0.001,,
1997,SP,POOL,p25,11.466,10.892,364.502,8.118,11.272,18.971,4.193,29.988,1.993,1.193,0.004,0.095,0.001,,
1997,SP,POOL,p75,12.971,12.006,401.482,8.293,17.016,33.001,5.582,40.86,2.389,1.628,0.052,0.132,0.011,,
1997,SP,POOL,p90,13.625,12.353,414.175,8.551,22.214,47.271,7.638,44.298,2.631,1.883,0.092,0.15,0.02,,
1997,SP,SC,median,12.1,11.65,371.5,8.2,13,23.95,4.7,33.2,2.35,1.48,0.02,0.12,0,,
1997,SP,SC,n,30,30,30,30,30,30,30,30,16,16,16,17,17,0,0
1997,SP,SC,p10,11.1,10.45,359,8,10,15.85,3.9,26.93,2.08,1.36,0,0.08,0,,
1997,SP,SC,p25,11.7,11.3,365,8.1,12,20.7,4.4,29.65,2.22,1.4,0,0.1,0,,
1997,SP,SC,p75,13.5,12.2,389,8.4,15,26.6,5.1,36.75,2.48,1.78,0.05,0.14,0.02,,
1997,SP,SC,p90,13.95,12.4,419,8.65,16.5,31.05,5.65,40.9,2.61,1.91,0.06,0.15,0.02,,
1997,WN,BWC,median,0.2,9.5,383,7.5,3,2.1,0.95,1.13,2.44,1.93,0.22,0.1,0.03,43,7
1997,WN,BWC,n,49,49,49,49,45,45,44,45,27,27,27,26,26,49,49
1997,WN,BWC,p10,0.1,5.9,359,7.3,2,1.4,0.65,1,2.23,1.61,0.2,0.08,0.03,27,1
1997,WN,BWC,p25,0.1,8.6,368.5,7.3,3,1.7,0.8,1,2.3,1.81,0.21,0.09,0.03,34,5
1997,WN,BWC,p75,0.4,10.1,434,7.75,4.5,5.1,1.5,9.69,2.57,2.15,0.25,0.12,0.04,50,8
1997,WN,BWC,p90,0.6,10.6,513.5,7.8,18,28.9,9.95,53.14,2.75,2.29,0.29,0.13,0.04,53,10.5
1997,WN,IMP,median,0.1,9.8,387,7.6,2,1.5,0.7,1,2.46,2.03,0.23,0.09,0.04,42,8
1997,WN,IMP,n,25,25,25,25,25,25,25,25,14,14,14,14,14,25,25
1997,WN,IMP,p10,0,8.9,363,7.5,2,1.1,0.5,1,2.3,1.58,0.16,0.08,0.02,36,4
1997,WN,IMP,p25,0,9.15,370,7.6,2,1.4,0.6,1,2.39,1.91,0.19,0.08,0.04,38.5,5.5
1997,WN,IMP,p75,0.2,9.95,410,7.7,3,1.65,0.8,1,2.68,2.12,0.27,0.09,0.05,47,12
1997,WN,IMP,p90,0.2,10.1,413,7.8,3,2.2,1.1,1,2.81,2.26,0.31,0.1,0.05,51,15
1997,WN,MC,median,0,9.9,385,7.6,2,1.4,0.7,1,2.59,1.94,0.23,0.09,0.04,33,5
1997,WN,MC,n,25,25,25,25,25,25,25,25,14,14,14,14,14,25,25
1997,WN,MC,p10,0,9.4,370,7.4,2,1.1,0.6,1,2.23,1.66,0.21,0.08,0.03,25,1
1997,WN,MC,p25,0,9.6,377.5,7.45,2,1.3,0.6,1,2.31,1.71,0.22,0.08,0.04,26,1
1997,WN,MC,p75,0.2,10,393.5,7.75,3,1.75,0.8,1,2.74,2.08,0.24,0.1,0.05,38,7
1997,WN,MC,p90,0.2,10.1,427,7.8,5,2.5,0.8,1,2.88,2.24,0.29,0.11,0.05,45,9
1997,WN,POOL,median,0.052,9.719,384.376,7.552,2.206,1.567,0.703,1,2.46,1.976,0.223,0.09,0.039,40.356,6.53
1997,WN,POOL,n,129,129,129,129,124,124,123,124,71,71,71,70,70,129,129
1997,WN,POOL,p10,0,8.834,361.612,7.315,2,1.101,0.461,1,2.255,1.578,0.171,0.079,0.023,26.861,0.907
1997,WN,POOL,p25,0,9.191,369.372,7.431,2,1.391,0.576,1,2.363,1.787,0.197,0.082,0.033,33.806,4.29
1997,WN,POOL,p75,0.148,9.961,409.73,7.663,2.727,1.942,0.84,1,2.682,2.128,0.252,0.095,0.045,46.098,9.103
1997,WN,POOL,p90,0.191,10.466,421.264,7.75,3.715,2.965,1.372,2.96,2.779,2.265,0.297,0.106,0.049,50.539,12.559
1997,WN,SC,median,0,9.9,378,7.6,3,1.9,0.8,1,2.61,1.99,0.22,0.09,0.04,39,7
1997,WN,SC,n,30,30,30,30,29,29,29,29,16,16,16,16,16,30,30
1997,WN,SC,p10,0,9.1,358.5,7.35,2,1.5,0.5,1,2.36,1.67,0.19,0.09,0.03,24.5,0
1997,WN,SC,p25,0,9.4,365,7.4,3,1.6,0.6,1,2.44,1.82,0.2,0.09,0.04,29,4
1997,WN,SC,p75,0.2,10.1,413,7.7,3,2.1,0.9,1,2.75,2.32,0.24,0.1,0.05,46,9
1997,WN,SC,p90,0.2,10.75,422.5,7.75,4,2.7,1.05,2,2.79,2.42,0.27,0.1,0.05,49.5,10.5
1998,FL,BWC,median,13.3,11.45,402.5,8.5,11,13.8,4.85,42.9,1.08,0.44,0.05,0.16,0.06,,
1998,FL,BWC,n,58,58,58,58,60,60,60,60,33,33,33,33,33,0,0
1998,FL,BWC,p10,11.7,7.8,364.5,7.85,5,7.65,3.4,13.82,0.72,0.01,0.03,0.1,0.01,,
1998,FL,BWC,p25,12.2,10.6,397,8.4,9,11.2,4.25,29.61,0.97,0.08,0.03,0.13,0.04,,
1998,FL,BWC,p75,14.5,12.4,417,8.7,15,20.05,6.55,51.64,1.26,0.53,0.09,0.18,0.07,,
1998,FL,BWC,p90,15.4,13.7,432,8.75,25,47.1,11.2,60.28,1.51,0.82,0.13,0.2,0.08,,
1998,FL,IMP,median,12.8,11.5,414,8.6,12,16.8,5.5,47.65,1.32,0.67,0.05,0.16,0.07,,
1998,FL,IMP,n,25,25,25,25,25,25,25,25,14,14,14,14,14,0,0
1998,FL,IMP,p10,11.8,10.9,396,8.5,11,14.1,4.7,30.55,1.06,0.4,0.02,0.15,0.05,,
1998,FL,IMP,p25,12.35,11.05,408,8.5,11,15.55,5.1,40.46,1.25,0.56,0.03,0.16,0.06,,
1998,FL,IMP,p75,13.1,12.05,428.5,8.6,16.5,21.65,5.95,54.89,1.43,0.77,0.05,0.17,0.07,,
1998,FL,IMP,p90,13.4,12.5,430,8.6,20,28.8,6.6,60.95,1.55,0.98,0.07,0.19,0.09,,
1998,FL,MC,median,12.9,11.1,414,8.5,11,15.7,4.8,41.86,1.23,0.58,0.03,0.17,0.07,,
1998,FL,MC,n,25,25,25,25,25,25,25,25,13,13,13,13,13,0,0
1998,FL,MC,p10,12.4,10.2,402,8.3,9,12.7,4.4,33.18,1.1,0.48,0.01,0.16,0.06,,
1998,FL,MC,p25,12.6,10.4,404.5,8.4,10,14.05,4.5,38.65,1.16,0.54,0.03,0.17,0.07,,
1998,FL,MC,p75,13.45,11.45,421.5,8.5,13.5,18.3,5.3,46.8,1.36,0.66,0.05,0.17,0.09,,
1998,FL,MC,p90,14.4,11.7,428,8.6,14,20.6,5.7,56.25,1.53,0.81,0.07,0.19,0.11,,
1998,FL,POOL,median,12.933,11.24,411.089,8.496,11.547,16.299,5.23,45.215,1.263,0.571,0.043,0.165,0.066,,
1998,FL,POOL,n,138,138,138,138,140,140,140,140,76,76,76,76,76,,
1998,FL,POOL,p10,11.787,10.029,393.027,8.268,8.696,12.157,4.211,29.876,0.987,0.302,0.022,0.143,0.042,,
1998,FL,POOL,p25,12.531,10.808,400.918,8.406,10.033,14.168,4.616,38.434,1.119,0.486,0.027,0.155,0.059,,
1998,FL,POOL,p75,13.504,11.854,422.845,8.563,13.919,20.552,5.86,51.912,1.374,0.701,0.051,0.172,0.078,,
1998,FL,POOL,p90,14.396,12.468,428.97,8.615,17.997,28.622,6.599,57.636,1.475,0.826,0.066,0.181,0.088,,
1998,FL,SC,median,13.6,10.6,403,8.5,12,17,5.05,43.77,1.2,0.52,0.04,0.17,0.07,,
1998,FL,SC,n,30,30,30,30,30,30,30,30,16,16,16,16,16,0,0
1998,FL,SC,p10,12.7,9.85,391.5,8.3,9.5,13.35,4.25,31.91,1.03,0.47,0.03,0.15,0.05,,
1998,FL,SC,p25,12.9,10.1,397,8.3,11,14.4,4.5,38.06,1.08,0.49,0.04,0.16,0.06,,
1998,FL,SC,p75,14.4,12,411,8.6,16,22.9,6,51.09,1.3,0.6,0.05,0.18,0.09,,
1998,FL,SC,p90,15.05,12.7,428,8.6,18,26.4,6.25,53.94,1.35,0.65,0.06,0.18,0.1,,
1998,SM,BWC,median,24.15,7.1,410,8.4,13.5,18.7,6.85,39.8,1.3,0.24,0.06,0.19,0.06,,
1998,SM,BWC,n,58,58,58,58,58,58,58,58,32,32,32,32,32,0,0
1998,SM,BWC,p10,22.1,2.7,319.5,7.6,6,9.15,3.6,8.57,0.88,0.01,0.02,0.14,0.02,,
1998,SM,BWC,p25,23,4.4,365,8,8,11.4,5.1,13.6,1.05,0.01,0.04,0.17,0.04,,
1998,SM,BWC,p75,26,10.4,420,8.6,23,34.2,9.7,65.71,1.49,0.54,0.15,0.27,0.09,,
1998,SM,BWC,p90,26.95,12.4,427.5,8.8,40,70.3,17.65,73.9,1.79,0.69,0.23,0.52,0.14,,
1998,SM,IMP,median,25.7,11.8,417,8.8,12,15.2,6.1,53.73,1.45,0.54,0.03,0.17,0.05,,
1998,SM,IMP,n,25,25,25,25,25,25,25,25,14,14,14,14,14,0,0
1998,SM,IMP,p10,23.4,7.9,413,8.4,9,9.4,4.4,38.41,1.05,0.29,0.02,0.15,0.03,,
1998,SM,IMP,p25,23.8,9.2,414.5,8.6,11,12.6,5.3,45.88,1.27,0.4,0.03,0.15,0.04,,
1998,SM,IMP,p75,27.95,14.7,424,8.9,15,18.3,6.95,65.28,1.76,0.66,0.06,0.18,0.06,,
1998,SM,IMP,p90,28.4,25,435,8.9,17,21.8,7.5,78.64,1.8,1.05,0.13,0.2,0.08,,
1998,SM,MC,median,25.8,11.6,432,8.6,13,17.5,6.8,73.56,1.54,0.64,0.03,0.17,0.04,,
1998,SM,MC,n,25,25,25,25,25,25,25,25,14,14,14,14,14,0,0
1998,SM,MC,p10,24.7,9.8,409,8.4,11,14.3,5.9,59.77,1.38,0.44,0.03,0.15,0.03,,
1998,SM,MC,p25,25.2,10.4,419.5,8.5,11.5,15.55,6.3,65.37,1.46,0.56,0.03,0.16,0.03,,
1998,SM,MC,p75,26.15,12.3,435.5,8.75,13.5,20.3,7.3,79.69,1.85,0.91,0.04,0.17,0.05,,
1998,SM,MC,p90,26.5,12.6,437,8.8,16,22,8,87.83,2.13,1.03,0.06,0.19,0.06,,
1998,SM,POOL,median,24.733,9.949,416.846,8.572,12.491,16.416,6.45,58.169,1.422,0.522,0.036,0.167,0.046,,
1998,SM,POOL,n,138,138,138,138,138,137,138,138,77,77,77,77,77,,
1998,SM,POOL,p10,23.008,5.415,382.997,8.039,8.365,10.605,4.273,21.566,1.044,0.051,0.022,0.144,0.027,,
1998,SM,POOL,p25,23.741,8.087,412.315,8.395,10.765,13.819,5.351,41.9,1.238,0.344,0.028,0.154,0.035,,
1998,SM,POOL,p75,26.467,12.918,426.879,8.752,14.863,20.098,7.332,71.125,1.687,0.664,0.063,0.188,0.061,,
1998,SM,POOL,p90,27.989,14.844,434.851,8.862,18.897,25.335,8.172,79.165,1.832,0.915,0.154,0.223,0.083,,
1998,SM,SC,median,24.2,9.4,417,8.6,14,19,6.8,62.4,1.32,0.44,0.04,0.18,0.05,,
1998,SM,SC,n,30,30,30,30,30,29,30,30,17,17,17,17,17,0,0
1998,SM,SC,p10,22.15,4.9,378,7.95,13,15.35,3.9,18.73,1.11,0.25,0.02,0.16,0.04,,
1998,SM,SC,p25,23.3,6.3,408,8.4,13,16.45,5.2,33.14,1.19,0.31,0.03,0.17,0.04,,
1998,SM,SC,p75,25.6,10.7,427,8.6,16,21.2,7.5,74.71,1.79,0.76,0.22,0.2,0.08,,
1998,SM,SC,p90,27.2,13.2,436,8.75,19,23.2,7.75,79.74,1.98,0.86,0.24,0.22,0.09,,
1998,SP,BWC,median,14.4,13.1,455.5,8.9,11.5,17.75,6.8,52.61,3.28,2.48,0.04,0.08,0.01,,
1998,SP,BWC,n,60,60,60,60,60,60,60,60,35,35,35,35,35,0,0
1998,SP,BWC,p10,12.55,11.2,409.5,8.35,7,8.35,3.7,23.34,1.71,0.7,0.03,0.04,0,,
1998,SP,BWC,p25,13.5,11.55,446,8.5,8,10.7,4.2,26.75,2.87,1.85,0.04,0.07,0,,
1998,SP,BWC,p75,15.1,15.7,496,9,14,22.5,8.2,89.11,4.07,3.36,0.05,0.1,0.02,,
1998,SP,BWC,p90,16.05,17.6,508.5,9.2,16.5,26.55,10.2,100.81,4.3,3.59,0.06,0.11,0.02,,
1998,SP,IMP,median,13.3,12.4,503,8.5,11,17,4.5,30.24,4.03,3.53,0.06,0.09,0.02,,
1998,SP,IMP,n,25,25,25,25,25,25,25,25,14,14,14,14,14,0,0
1998,SP,IMP,p10,12.4,11.4,453,8.4,9,13.8,4,25.79,2.94,2.18,0.02,0.07,0,,
1998,SP,IMP,p25,12.55,11.65,483,8.4,10,15.05,4.2,27.82,3.48,2.58,0.04,0.09,0,,
1998,SP,IMP,p75,14.15,15.75,508,8.9,12,21,7.5,70.61,4.63,4.05,0.06,0.1,0.02,,
1998,SP,IMP,p90,14.4,16.3,516,9,13,24.5,8.2,83.1,4.95,4.26,0.11,0.65,0.03,,
1998,SP,MC,median,13,12,499,8.5,11,16,4.8,32.33,4.01,3.39,0.04,0.09,0.01,,
1998,SP,MC,n,25,25,25,25,25,25,25,25,13,13,13,13,13,0,0
1998,SP,MC,p10,12.1,10.9,454,8.4,9,13,4.2,25.33,3.44,2.55,0.03,0.06,0,,
1998,SP,MC,p25,12.45,11.15,487.5,8.4,9.5,14.15,4.4,26.04,3.67,2.8,0.04,0.09,0.01,,
1998,SP,MC,p75,13.35,13.35,519,8.75,12,21.15,6.7,63.19,4.18,3.72,0.06,0.1,0.02,,
1998,SP,MC,p90,13.6,14.5,523,8.8,13,22,7.3,74.92,4.69,3.99,0.08,0.11,0.02,,
1998,SP,POOL,median,13.413,12.301,494.931,8.462,10.57,16.974,4.668,30.733,3.862,3.154,0.044,0.091,0.014,,
1998,SP,POOL,n,140,140,140,140,140,140,140,140,80,80,80,80,80,,
1998,SP,POOL,p10,12.326,10.96,439.663,8.306,7.662,11.836,3.899,24.183,2.835,1.974,0.03,0.062,0.001,,
1998,SP,POOL,p25,12.556,11.463,455.356,8.356,9.12,14.751,4.237,27.122,3.329,2.257,0.037,0.081,0.001,,
1998,SP,POOL,p75,14.173,14.764,507.084,8.842,12.194,21.709,7.523,74.617,4.31,3.704,0.06,0.101,0.018,,
1998,SP,POOL,p90,14.948,16.372,518.102,9.009,13.67,24.459,8.226,86.522,4.632,4.082,0.093,0.109,0.022,,
1998,SP,SC,median,13.7,12.25,473.5,8.5,12,19.1,5.25,31.06,3.32,2.71,0.04,0.08,0.01,,
1998,SP,SC,n,30,30,30,30,30,30,30,30,18,18,18,18,18,0,0
1998,SP,SC,p10,12.25,10.9,430.5,8.3,7.5,10.85,3.95,23.45,2.87,1.99,0.03,0.08,0,,
1998,SP,SC,p25,12.4,11,451,8.4,9,15.2,4.3,26.07,3.09,2,0.04,0.08,0,,
1998,SP,SC,p75,14.5,15.4,518,8.9,14,23.7,7.9,80.05,4.42,3.63,0.05,0.1,0.02,,
1998,SP,SC,p90,15,16.75,520,9.1,15,24.5,8.45,90.89,4.64,4.03,0.08,0.11,0.02,,
1998,WN,BWC,median,0.1,11.65,428,8,4,3.25,1.35,8.86,1.93,1.43,0.14,0.07,0.02,23,4
1998,WN,BWC,n,58,58,53,58,58,58,58,58,34,34,34,34,34,58,58
1998,WN,BWC,p10,0,1.55,369.5,7.35,3,1.8,0.95,5.16,1.21,0.37,0.09,0.05,0,12,0
1998,WN,BWC,p25,0,10.1,410.5,7.8,3,2.2,1.1,6.33,1.82,1.33,0.11,0.06,0.01,18,1
1998,WN,BWC,p75,0.4,12.3,452.5,8.1,9,15.4,3.4,16.8,2.12,1.55,0.16,0.1,0.02,27,10
1998,WN,BWC,p90,0.7,12.7,604.5,8.3,21,36.4,11.25,51.62,2.54,1.7,0.53,0.18,0.03,30.5,14.5
1998,WN,IMP,median,0,11.9,423,8.2,3,1.9,1,8.51,1.97,1.49,0.11,0.06,0.02,18,13
1998,WN,IMP,n,25,25,25,25,25,25,25,25,14,14,14,14,14,25,25
1998,WN,IMP,p10,0,11.1,410,8,2,1.7,1,5.2,1.86,1.39,0.07,0.05,0.01,15,1
1998,WN,IMP,p25,0,11.65,414,8.1,3,1.8,1,7.73,1.9,1.44,0.09,0.05,0.01,15.5,6.5
1998,WN,IMP,p75,0,12.3,429.5,8.3,3,2.25,1.15,9.47,2.05,1.55,0.15,0.06,0.02,19.5,15
1998,WN,IMP,p90,0.1,12.4,439,8.3,4,2.6,1.2,10,2.19,1.66,0.16,0.08,0.03,21,16
1998,WN,MC,median,0,12.3,427,8.2,3,2,1,8.95,2,1.51,0.1,0.06,0.02,11.5,6.5
1998,WN,MC,n,24,24,18,24,24,24,24,24,13,13,13,13,13,24,24
1998,WN,MC,p10,0,11.15,416.5,8,2,1.65,0.85,5.07,1.93,1.44,0.09,0.05,0.01,0,0
1998,WN,MC,p25,0,11.8,419,8.05,3,1.8,0.95,6.6,1.98,1.47,0.09,0.06,0.02,6.5,1
1998,WN,MC,p75,0,12.5,434,8.3,3,2.1,1.1,9.74,2.06,1.65,0.13,0.08,0.03,17,11.5
1998,WN,MC,p90,0.1,12.9,444,8.35,3,2.35,1.25,10.83,2.12,1.66,0.15,0.09,0.04,20.5,16.5
1998,WN,POOL,median,0,11.912,422.623,8.128,2.576,2.033,1.028,8.586,1.987,1.5,0.113,0.057,0.017,16.692,7.934
1998,WN,POOL,n,138,138,120,138,138,138,138,138,78,78,78,78,78,138,138
1998,WN,POOL,p10,0,10.97,408.944,7.902,2,1.654,0.895,5.15,1.829,1.372,0.078,0.048,0.007,5.503,0
1998,WN,POOL,p25,0,11.443,413.679,7.975,2.161,1.773,0.943,7.233,1.904,1.436,0.092,0.052,0.012,13.916,0.749
1998,WN,POOL,p75,0.05,12.286,438.168,8.239,2.992,2.487,1.16,9.589,2.092,1.601,0.149,0.074,0.025,20.037,13.407
1998,WN,POOL,p90,0.171,12.55,444.951,8.289,4.77,5.633,1.801,11.844,2.174,1.668,0.161,0.084,0.03,24.005,15.33
1998,WN,SC,median,0.1,12,420.5,8.2,3,2.2,1.1,8.69,2.06,1.59,0.13,0.07,0.03,13,3
1998,WN,SC,n,31,31,24,31,31,31,31,31,17,17,17,17,17,31,31
1998,WN,SC,p10,0,11.3,409,8,2,1.8,0.9,5.46,1.98,1.47,0.09,0.05,0.02,0,0
1998,WN,SC,p25,0,11.5,412,8.05,3,2.05,1,7.82,2.02,1.53,0.1,0.05,0.02,5,0.5
1998,WN,SC,p75,0.1,12.35,444.5,8.3,3,2.55,1.2,9.34,2.15,1.69,0.15,0.08,0.03,17.5,12.5
1998,WN,SC,p90,0.1,12.5,450,8.3,4,4.5,1.45,15.23,2.25,1.8,0.2,0.09,0.03,22,16
1999,FL,BWC,median,13.8,10.7,357,8.3,10,12,3.9,14.15,1.38,0.77,0.04,0.11,0.04,,
1999,FL,BWC,n,59,59,59,59,59,59,59,59,32,32,32,32,11,0,0
1999,FL,BWC,p10,9.55,8.95,341.5,7.9,4.5,3.2,2,6.2,0.76,0.04,0.01,0.05,0,,
1999,FL,BWC,p25,11.5,10.2,346.5,8.15,7,7.35,2.95,9.6,1.19,0.33,0.02,0.1,0.02,,
1999,FL,BWC,p75,14.6,11.8,372,8.5,14,17.8,6.2,21.25,1.47,0.84,0.05,0.13,0.05,,
1999,FL,BWC,p90,15.25,13.15,420,8.6,23,36.95,10.75,51.24,1.63,0.98,0.07,0.14,0.06,,
1999,FL,IMP,median,12.5,10.4,354,8.2,10,10.5,3.5,13.77,1.44,0.83,0.04,0.11,,,
1999,FL,IMP,n,25,25,25,25,25,25,25,23,13,13,13,13,0,0,0
1999,FL,IMP,p10,10.2,10.1,346,8.1,4,2.6,1.9,4.62,1.31,0.69,0.01,0.09,,,
1999,FL,IMP,p25,10.75,10.2,347,8.1,8,7.95,2.6,9.02,1.39,0.82,0.01,0.1,,,
1999,FL,IMP,p75,13.15,10.65,357.5,8.3,16.5,22.95,5.15,18.32,1.47,0.86,0.05,0.14,,,
1999,FL,IMP,p90,14,11.4,373,8.4,23,31,6.7,19.85,1.55,0.9,0.08,0.16,,,
1999,FL,MC,median,13.3,10.1,351,8.1,8,8,2.7,10.22,1.45,0.88,0.04,0.11,0.06,,
1999,FL,MC,n,25,25,25,25,25,25,25,24,14,14,14,14,4,0,0
1999,FL,MC,p10,10.8,9.3,344,8.1,6,4.9,2.1,4.37,1.37,0.79,0,0.07,0.06,,
1999,FL,MC,p25,11.4,9.45,349.5,8.1,7,6.65,2.3,7.2,1.43,0.85,0.03,0.1,0.06,,
1999,FL,MC,p75,14.1,10.3,356,8.2,9,9.9,3.1,14.29,1.52,0.93,0.06,0.11,0.07,,
1999,FL,MC,p90,14.3,10.5,362,8.2,10,11.1,3.3,23.11,2.67,2.34,0.09,0.12,0.07,,
1999,FL,POOL,median,13.008,10.312,350.633,8.148,9.077,9.8,3.296,12.462,1.437,0.833,0.037,0.109,0.053,,
1999,FL,POOL,n,139,139,139,139,139,139,139,135,75,75,75,75,20,,
1999,FL,POOL,p10,10.236,9.563,344.116,8.014,5.228,4.3,1.922,5.691,1.251,0.63,0.005,0.09,0.01,,
1999,FL,POOL,p25,10.911,10.03,346.337,8.066,6.865,7.055,2.485,8.442,1.378,0.782,0.023,0.101,0.042,,
1999,FL,POOL,p75,13.96,10.651,359.622,8.248,12.684,17.188,4.5,17.924,1.474,0.871,0.053,0.122,0.054,,
1999,FL,POOL,p90,14.461,11.755,383.997,8.399,20.768,28.787,6.651,20.059,1.579,0.926,0.074,0.139,0.056,,
1999,FL,SC,median,13.7,10.2,348,8.2,10,11.95,3.35,11.08,1.43,0.85,0.05,0.11,0.05,,
1999,FL,SC,n,30,30,30,30,30,30,30,29,16,16,16,16,5,0,0
1999,FL,SC,p10,10.6,9.65,341,8.1,6,5.8,2.1,6.58,1.31,0.78,0.03,0.1,0.05,,
1999,FL,SC,p25,11.2,9.9,345,8.1,7,7.1,2.5,9.03,1.37,0.78,0.03,0.11,0.05,,
1999,FL,SC,p75,14.4,10.4,372,8.3,12,16.4,4,14.1,1.5,0.89,0.07,0.11,0.06,,
1999,FL,SC,p90,14.85,11.8,386,8.45,14.5,19.95,4.6,16.93,1.81,1.27,0.08,0.11,0.06,,
1999,SM,BWC,median,27.9,7.2,355.5,8,12,15.25,5.6,15.82,1.89,0.96,0.06,0.16,0.07,,
1999,SM,BWC,n,60,60,60,60,60,60,60,60,32,32,32,32,32,0,0
1999,SM,BWC,p10,25.4,2.65,314,7.3,4.5,6.6,3.1,5.19,0.86,0.01,0.02,0.12,0.05,,
1999,SM,BWC,p25,26.6,5.75,337.5,7.6,7,8.75,4,10.5,1.36,0.09,0.04,0.15,0.06,,
1999,SM,BWC,p75,29.4,7.95,393.5,8.2,18.5,27.4,7.6,25.21,2.44,1.17,0.08,0.2,0.08,,
1999,SM,BWC,p90,30.9,9,420,8.3,29,41.8,13.25,40.73,2.66,1.74,0.1,0.34,0.09,,
1999,SM,IMP,median,28.3,7.5,411,8.1,15,19.1,5,12.47,2.8,2,0.07,0.15,0.1,,
1999,SM,IMP,n,25,25,25,25,25,25,25,25,13,13,13,12,12,0,0
1999,SM,IMP,p10,27,5.8,372,7.8,10,7.8,2.7,7.41,1.77,1.04,0.04,0.11,0.07,,
1999,SM,IMP,p25,27.85,6.8,386,8,12.5,12.3,3.55,9.39,2.48,1.74,0.05,0.14,0.08,,
1999,SM,IMP,p75,29.2,8.15,441,8.2,20.5,23.6,6.1,16.72,2.99,2.25,0.07,0.16,0.1,,
1999,SM,IMP,p90,30.3,9.3,455,8.3,27,36,6.8,28.33,3.57,2.78,0.09,0.16,0.13,,
1999,SM,MC,median,27.7,6.9,403,8,15,22.6,5.1,16.07,2.37,1.54,0.05,0.16,0.07,,
1999,SM,MC,n,25,25,25,25,25,25,25,25,13,13,13,13,13,0,0
1999,SM,MC,p10,26.4,5.7,378,7.7,11,15.9,3.7,4.93,2.17,1.35,0.04,0.14,0.03,,
1999,SM,MC,p25,26.5,6.65,389.5,7.95,14,19.05,4.4,13.16,2.27,1.39,0.05,0.15,0.06,,
1999,SM,MC,p75,28.75,7.15,427,8.1,17,26.15,6.55,24.09,2.78,2.07,0.08,0.17,0.09,,
1999,SM,MC,p90,28.9,7.3,450,8.2,23,35.9,7.9,28.85,3.3,2.56,0.22,0.22,0.1,,
1999,SM,POOL,median,28.207,7.128,399.503,8.012,14.397,19.903,5.124,14.303,2.618,1.763,0.06,0.155,0.079,,
1999,SM,POOL,n,140,140,140,140,140,140,140,140,74,74,74,73,73,,
1999,SM,POOL,p10,26.344,5.632,332.269,7.656,7.092,7.442,3.044,7.226,1.539,0.721,0.035,0.123,0.059,,
1999,SM,POOL,p25,27.034,6.476,360.268,7.874,10.491,12.652,3.811,9.863,2.006,1.155,0.046,0.139,0.068,,
1999,SM,POOL,p75,28.966,7.657,436.62,8.108,17.866,25.441,6.363,20.2,2.91,2.13,0.07,0.163,0.094,,
1999,SM,POOL,p90,30.059,8.383,454.292,8.194,29.428,40.756,7.934,28.552,3.489,2.694,0.093,0.184,0.101,,
1999,SM,SC,median,27.7,6.8,371.5,8,13.5,20.95,5.3,12.56,2.62,1.88,0.07,0.16,0.07,,
1999,SM,SC,n,30,30,30,30,30,30,30,30,16,16,16,16,16,0,0
1999,SM,SC,p10,26.3,5.9,323,7.7,8,10,3.7,8.4,1.74,0.94,0.05,0.14,0.06,,
1999,SM,SC,p25,26.9,6.5,344,7.9,11,14.7,4.2,10.33,1.82,1.1,0.05,0.15,0.07,,
1999,SM,SC,p75,28.6,7.3,454,8.1,27,26.2,7.4,18.99,3.45,2.72,0.08,0.18,0.09,,
1999,SM,SC,p90,29.8,7.4,457,8.1,39.5,55.75,8.2,23.02,3.51,2.78,0.09,0.19,0.09,,
1999,SP,BWC,median,13.25,10.6,395.5,8.1,10.5,14.4,5.6,20.73,4.24,3.43,0.05,0.1,0.01,,
1999,SP,BWC,n,60,60,60,60,60,60,60,59,33,33,33,33,33,0,0
1999,SP,BWC,p10,12.1,9.95,316.5,7.9,7,8.35,3.65,15.23,1.59,0.57,0.03,0.07,0,,
1999,SP,BWC,p25,12.3,10.2,365.5,8.05,8,10.4,4.2,16.95,3.03,1.84,0.04,0.09,0,,
1999,SP,BWC,p75,14.45,12.05,434,8.3,15,23.1,7.7,31.85,4.99,4.18,0.06,0.11,0.01,,
1999,SP,BWC,p90,15.25,17.45,467,8.8,34,63.85,10.3,48.39,5.96,4.89,0.06,0.16,0.02,,
1999,SP,IMP,median,12.3,10.6,450,8.1,14,22.1,5.1,16.44,5.1,4.39,0.05,0.09,0.01,,
1999,SP,IMP,n,25,25,25,25,25,25,25,25,13,13,13,13,13,0,0
1999,SP,IMP,p10,12,10.2,399,8,11,17.7,4.6,15.11,4.36,4.03,0.03,0.04,0.01,,
1999,SP,IMP,p25,12.1,10.5,443.5,8.1,13,18.6,4.8,15.85,4.9,4.28,0.04,0.08,0.01,,
1999,SP,IMP,p75,12.85,10.9,462.5,8.2,17,25.8,5.7,19.48,5.29,4.49,0.06,0.1,0.01,,
1999,SP,IMP,p90,13.4,11.3,468,8.2,21,32,6,21.04,5.72,5.02,0.07,0.11,0.02,,
1999,SP,MC,median,12.1,10.7,450,8.1,11.5,17.95,4.6,16.44,5.06,4.43,0.04,0.09,0.01,,
1999,SP,MC,n,25,25,25,25,24,24,24,25,13,13,13,13,13,0,0
1999,SP,MC,p10,11.6,10.4,390,8,9.5,14.85,4.2,14.8,3.97,3.27,0.03,0.08,0.01,,
1999,SP,MC,p25,11.9,10.5,425,8.1,11,16.4,4.35,15.39,4.44,3.81,0.03,0.09,0.01,,
1999,SP,MC,p75,12.45,10.8,477,8.2,13.5,21.65,5.1,17.69,5.4,4.57,0.05,0.1,0.02,,
1999,SP,MC,p90,13.1,10.9,480,8.2,43.5,95.8,11,21.04,6.52,5.85,0.06,0.15,0.02,,
1999,SP,POOL,median,12.391,10.543,445.019,8.065,12.321,18.599,4.897,17.197,4.963,4.306,0.045,0.091,0.01,,
1999,SP,POOL,n,140,140,140,140,139,139,139,139,75,75,75,75,75,,
1999,SP,POOL,p10,11.868,10.089,372.356,7.937,8.212,10.975,3.969,14.917,3.781,2.979,0.03,0.065,0.003,,
1999,SP,POOL,p25,12.055,10.265,393.77,8.012,10.414,16.102,4.382,15.685,4.137,3.442,0.039,0.083,0.006,,
1999,SP,POOL,p75,12.97,10.839,461.219,8.136,15.046,24.233,5.676,19.559,5.187,4.459,0.054,0.101,0.013,,
1999,SP,POOL,p90,13.766,11.295,473.102,8.198,20.863,34.754,7.045,24.259,5.618,4.858,0.063,0.11,0.017,,
1999,SP,SC,median,12.6,10.3,393.5,8.1,11,17.2,4.45,16.64,4.2,3.39,0.05,0.1,0.01,,
1999,SP,SC,n,30,30,30,30,30,30,30,30,16,16,16,16,16,0,0
1999,SP,SC,p10,11.7,9.95,357,8,9,14.2,3.95,13.98,3.9,3.08,0.03,0.08,0.01,,
1999,SP,SC,p25,12.2,10.1,380,8,10,15,4.2,14.56,4.02,3.26,0.04,0.09,0.01,,
1999,SP,SC,p75,13,10.6,470,8.1,13,20.2,5.3,18.54,4.86,4.12,0.06,0.1,0.02,,
1999,SP,SC,p90,13.6,10.9,476,8.2,20.5,31.95,5.95,22.52,5.51,4.73,0.07,0.11,0.02,,
1999,WN,BWC,median,0.1,11.7,476,7.8,4,2.5,1.6,4.23,2.61,1.96,0.26,0.08,0.03,30.5,2
1999,WN,BWC,n,32,32,29,32,31,31,31,31,17,17,17,17,17,32,32
1999,WN,BWC,p10,0,2.9,396,7.35,2.5,1.4,1.1,2.35,1.87,0.48,0.21,0.06,0.01,17.5,0
1999,WN,BWC,p25,0.1,8.75,461,7.55,3,1.8,1.3,2.68,2.53,1.5,0.23,0.08,0.02,26.5,0
1999,WN,BWC,p75,0.4,12.55,492,7.8,5.5,4.6,2.4,6.81,2.72,2.02,0.31,0.1,0.04,35,3.5
1999,WN,BWC,p90,0.7,12.85,518.5,7.95,11.5,14.9,3.85,11.44,2.93,2.04,0.58,0.13,0.04,41.5,12
1999,WN,IMP,median,0.2,13.05,488,7.8,3,1.65,1.1,3.18,2.71,2.08,0.21,0.08,0.03,33.5,2
1999,WN,IMP,n,24,24,24,24,24,24,24,24,14,14,14,14,14,24,24
1999,WN,IMP,p10,0.1,10.4,467,7.65,2,1.1,1,2.48,2.5,1.94,0.17,0.07,0.01,24.5,0.5
1999,WN,IMP,p25,0.1,12,475,7.7,2,1.4,1,2.97,2.62,2.03,0.19,0.07,0.02,29,1
1999,WN,IMP,p75,0.2,13.35,496.5,7.8,3,2.75,1.2,3.85,2.78,2.27,0.21,0.08,0.04,37.5,3
1999,WN,IMP,p90,0.2,13.55,503,8,4,3.6,1.4,5.11,2.89,2.34,0.23,0.09,0.06,41.5,9.5
1999,WN,MC,median,0.1,12.6,483,7.9,3,1.8,1.2,4.98,2.76,2.16,0.18,0.09,0.04,22,3
1999,WN,MC,n,25,25,25,25,25,25,25,25,14,14,14,14,14,25,25
1999,WN,MC,p10,0.1,11.6,464,7.8,2,1.5,1,2.31,2.59,2.02,0.16,0.07,0.02,13,0
1999,WN,MC,p25,0.1,12.2,471,7.8,3,1.6,1.1,3.81,2.69,2.07,0.17,0.08,0.03,17.5,2
1999,WN,MC,p75,0.15,12.65,493.5,7.9,3,2.55,1.4,5.86,2.82,2.23,0.2,0.09,0.05,27,7
1999,WN,MC,p90,0.2,12.9,496,7.9,4,4.1,1.5,6.56,2.93,2.37,0.25,0.1,0.06,30,11
1999,WN,POOL,median,0.085,12.507,480.575,7.733,2.577,1.779,1.143,3.293,2.67,2.041,0.207,0.079,0.031,28.772,1.407
1999,WN,POOL,n,110,110,107,110,109,109,109,109,62,62,62,62,60,110,110
1999,WN,POOL,p10,0.004,10.125,457.951,7.557,2,1.276,0.943,2.289,2.548,1.836,0.168,0.069,0.012,14.307,0
1999,WN,POOL,p25,0.035,11.63,465.893,7.647,2.114,1.454,1.02,2.757,2.612,1.999,0.182,0.073,0.022,21.264,0.287
1999,WN,POOL,p75,0.152,13.008,493.336,7.807,3.14,2.74,1.318,4.943,2.784,2.207,0.235,0.084,0.041,34.837,3.258
1999,WN,POOL,p90,0.196,13.422,499.833,7.907,4.593,4.557,1.697,6.432,2.897,2.292,0.274,0.089,0.057,38.467,9.5
1999,WN,SC,median,0.1,12.4,465,7.8,3,2,1.2,3.73,2.66,2.02,0.22,0.08,0.04,21,2
1999,WN,SC,n,29,29,29,29,29,29,29,29,17,17,17,17,15,29,29
1999,WN,SC,p10,0.05,11.55,454,7.7,3,1.55,1,2.1,2.6,1.95,0.17,0.08,0.02,7.5,0
1999,WN,SC,p25,0.1,12,461.5,7.7,3,1.75,1,2.31,2.61,1.96,0.18,0.08,0.04,13,0
1999,WN,SC,p75,0.15,12.75,488,7.9,3,2.6,1.3,4.98,2.81,2.22,0.26,0.09,0.05,26,3.5
1999,WN,SC,p90,0.2,12.8,495,8,4,3.8,1.6,5.61,2.96,2.42,0.28,0.09,0.06,29.5,9
2000,FL,BWC,median,11.2,12.8,360,8.6,8,10.8,3.8,14.41,1.37,0.47,0.03,0.13,0.03,,
2000,FL,BWC,n,59,59,59,59,59,59,59,59,20,20,20,20,20,0,0
2000,FL,BWC,p10,7.7,10.45,312.5,8.1,4,3.1,1.7,2.01,0.92,0.1,0.01,0.08,0.01,,
2000,FL,BWC,p25,9.3,11.35,346,8.35,5,5.2,2.45,7.28,1.09,0.18,0.02,0.11,0.02,,
2000,FL,BWC,p75,12.75,13.45,377.5,8.8,12,18.3,5.6,25.45,1.48,0.86,0.04,0.14,0.04,,
2000,FL,BWC,p90,14.25,15.15,396,8.9,24.5,32.3,8.2,31.37,1.65,1.09,0.07,0.18,0.06,,
2000,FL,IMP,median,10.1,10.9,354,8.2,6,6.9,1.7,1,1.61,1.06,0.04,0.13,0.05,,
2000,FL,IMP,n,25,25,25,25,25,25,25,25,8,8,8,8,8,0,0
2000,FL,IMP,p10,8.8,10.3,345,8,3,2.6,0.5,1,1.09,0.37,0.01,0.11,0.03,,
2000,FL,IMP,p25,9.45,10.55,348,8.1,4,3.9,1.15,1,1.57,0.79,0.02,0.12,0.04,,
2000,FL,IMP,p75,10.9,11.7,368,8.4,9,11.75,2.8,6.42,1.66,1.07,0.05,0.14,0.06,,
2000,FL,IMP,p90,12.7,11.9,373,8.6,12,17.1,5,16.92,1.85,1.1,0.06,0.15,0.07,,
2000,FL,MC,median,10.2,11.3,362,8.3,6,5.6,2.2,8.17,1.48,0.89,0.04,0.13,0.05,,
2000,FL,MC,n,25,25,25,25,25,25,25,25,8,8,8,8,8,0,0
2000,FL,MC,p10,9.3,10.4,343,8.1,4,3.1,1.1,1.36,1.35,0.62,0.03,0.12,0.05,,
2000,FL,MC,p25,9.6,10.65,353,8.2,4,4.45,1.75,5.84,1.39,0.71,0.03,0.12,0.05,,
2000,FL,MC,p75,13.1,12.4,366,8.55,7,8.9,3.25,24.52,1.64,1.14,0.05,0.13,0.06,,
2000,FL,MC,p90,13.2,12.9,378,8.6,9,11.9,3.8,34.84,1.71,1.25,0.11,0.14,0.08,,
2000,FL,POOL,median,10.197,11.163,355.411,8.318,6.067,7.13,2.253,6.544,1.564,0.905,0.035,0.125,0.047,,
2000,FL,POOL,n,139,139,139,139,139,139,139,139,46,46,46,46,46,,
2000,FL,POOL,p10,8.923,10.3,340.976,8.013,3.086,2.903,0.5,1,1.011,0.1,0.01,0.102,0.022,,
2000,FL,POOL,p25,9.515,10.605,348.347,8.104,3.871,4.576,1.543,1,1.336,0.561,0.026,0.122,0.034,,
2000,FL,POOL,p75,11.979,12.357,368.086,8.527,8.837,11.941,3.482,17.119,1.626,1.066,0.051,0.134,0.058,,
2000,FL,POOL,p90,13.072,13.388,378.09,8.722,11.968,17.78,5.591,29.397,1.68,1.132,0.069,0.149,0.067,,
2000,FL,SC,median,10.85,11.55,353.5,8.4,7,8.5,2.65,12.23,1.39,0.77,0.05,0.13,0.06,,
2000,FL,SC,n,30,30,30,30,30,30,30,30,10,10,10,10,10,0,0
2000,FL,SC,p10,9.5,10.5,348,8.1,4,3.35,0.75,1,1.26,0.47,0.03,0.12,0.04,,
2000,FL,SC,p25,10,10.8,349,8.2,5,6.5,2.1,2.65,1.31,0.56,0.04,0.12,0.04,,
2000,FL,SC,p75,11.7,13.3,368,8.7,9,10.6,3.8,22.37,1.62,1.14,0.06,0.14,0.07,,
2000,FL,SC,p90,13.55,14.3,380.5,8.85,14,22,7.1,40.65,1.63,1.15,0.07,0.23,0.07,,
2000,SM,BWC,median,25.4,8.5,376.5,8.1,15.5,20.25,5.7,22.06,2.51,1.53,0.06,0.17,0.05,,
2000,SM,BWC,n,54,54,54,54,54,54,54,54,20,20,20,20,20,0,0
2000,SM,BWC,p10,22,1.5,316.5,7.1,7,7.4,2.8,7.32,1.11,0.1,0.04,0.13,0.02,,
2000,SM,BWC,p25,23.1,6.6,368,7.9,9,14.1,4.2,13.8,1.33,0.1,0.05,0.14,0.03,,
2000,SM,BWC,p75,26.3,10.4,394,8.3,27,37.5,10.3,32.01,2.82,1.82,0.09,0.23,0.07,,
2000,SM,BWC,p90,27.55,12.15,419,8.65,52,81.5,17.95,61.4,3.39,2.24,0.11,0.61,0.1,,
2000,SM,IMP,median,25.9,8.4,375,8.2,13,14.9,4.4,13.23,2.98,2.24,0.07,0.14,0.06,,
2000,SM,IMP,n,25,25,25,25,25,25,25,25,8,8,8,8,9,0,0
2000,SM,IMP,p10,24.5,6.3,369,7.8,7,7.8,2.2,6.11,1.95,1.24,0.05,0.13,0.04,,
2000,SM,IMP,p25,25.1,7.8,370,8.05,9.5,9.6,3.25,8.82,2.62,1.92,0.06,0.13,0.04,,
2000,SM,IMP,p75,26.35,9.4,389,8.4,16,16.95,4.55,19.3,3.13,2.4,0.08,0.15,0.07,,
2000,SM,IMP,p90,26.6,10.2,396,8.5,18,25.8,5.3,22.06,3.23,2.42,0.11,0.17,0.07,,
2000,SM,MC,median,24.6,7.9,390,8.1,11,14.4,3.8,17.12,2.93,2.17,0.07,0.14,0.07,,
2000,SM,MC,n,25,25,25,25,25,25,25,25,8,8,8,8,8,0,0
2000,SM,MC,p10,23.5,6.4,379,7.8,7,9.6,2.4,7.32,2.77,2.02,0.05,0.13,0.06,,
2000,SM,MC,p25,23.9,7,380.5,7.9,8,10.75,2.95,11.7,2.79,2.06,0.05,0.13,0.06,,
2000,SM,MC,p75,24.95,8.25,393,8.1,13,17.55,4.5,19.35,3.08,2.35,0.1,0.15,0.07,,
2000,SM,MC,p90,25.2,8.8,414,8.2,16,23.4,4.8,22.62,3.27,2.55,0.12,0.15,0.07,,
2000,SM,POOL,median,25.281,8.049,376.514,8.06,12.069,15.187,4.293,16.076,2.765,2.054,0.067,0.141,0.059,,
2000,SM,POOL,n,134,134,134,134,134,134,134,134,46,46,46,46,47,,
2000,SM,POOL,p10,23.515,6.171,366.466,7.736,6.541,7.961,2.271,6.542,1.28,0.436,0.044,0.13,0.031,,
2000,SM,POOL,p25,24.474,7.353,369.66,7.926,8.583,10.342,3.23,11.335,2.592,1.814,0.054,0.131,0.042,,
2000,SM,POOL,p75,26.04,9.061,389.572,8.223,15.565,19.728,4.685,20.94,3.024,2.313,0.078,0.151,0.065,,
2000,SM,POOL,p90,26.561,10.198,399.215,8.387,22.588,34.555,8.362,27.07,3.263,2.425,0.121,0.196,0.073,,
2000,SM,SC,median,24.95,7.8,375.5,8.05,12,14.25,4.2,16.03,2.7,2.04,0.08,0.14,0.07,,
2000,SM,SC,n,30,30,30,30,30,30,30,30,10,10,10,10,10,0,0
2000,SM,SC,p10,23.9,6.9,366.5,7.9,7,8.75,2.45,10.89,2.11,1.27,0.05,0.13,0.05,,
2000,SM,SC,p25,24.3,7.4,368,8,8,11.5,2.9,12.75,2.61,1.94,0.07,0.14,0.06,,
2000,SM,SC,p75,25.7,8.4,386,8.1,13,18,4.6,19.22,2.75,2.08,0.1,0.16,0.07,,
2000,SM,SC,p90,26.2,9.15,392.5,8.3,18,21.1,5.4,24.98,2.78,2.27,0.13,0.22,0.08,,
2000,SP,BWC,median,16.1,16,299,9.1,17,27.05,9.4,63.9,1.28,0.1,0.05,0.11,0.01,,
2000,SP,BWC,n,60,60,60,60,60,60,60,59,21,21,21,21,21,0,0
2000,SP,BWC,p10,13.3,11.5,249,8.9,9,13.65,5.85,7.44,1.12,0.1,0.04,0.09,0,,
2000,SP,BWC,p25,14.4,14.45,268.5,9,14,22,7.7,39.79,1.2,0.1,0.04,0.1,0,,
2000,SP,BWC,p75,18.15,17.9,314,9.3,22.5,37.15,12.85,77.69,1.37,0.25,0.07,0.14,0.01,,
2000,SP,BWC,p90,18.9,18.9,329,9.5,28.5,51.9,15.7,89.27,1.42,0.36,0.09,0.17,0.01,,
2000,SP,IMP,median,12.3,15.6,310,9,14,21.8,7.8,64,1.25,0.29,0.05,0.1,0,,
2000,SP,IMP,n,25,25,25,25,25,25,25,25,8,8,8,8,8,0,0
2000,SP,IMP,p10,11.3,14.6,245,8.8,11,18.2,7.3,39.5,1.11,0.1,0.05,0.09,0,,
2000,SP,IMP,p25,11.6,14.9,307.5,8.9,12,19.1,7.45,50.55,1.2,0.1,0.05,0.09,0,,
2000,SP,IMP,p75,13.15,15.95,317,9.1,18,30.15,8.6,71.71,1.38,0.38,0.06,0.1,0,,
2000,SP,IMP,p90,15.1,16.2,349,9.1,19,31.8,9.5,78.94,1.57,0.6,0.07,0.12,0.01,,
2000,SP,MC,median,12.7,13.6,263,8.8,14,21.8,6.9,52.71,1.27,0.28,0.04,0.1,0,,
2000,SP,MC,n,25,25,25,25,25,25,25,25,8,8,8,8,8,0,0
2000,SP,MC,p10,11.7,12.8,244,8.6,12,20.1,5.8,44.03,1.19,0.16,0.03,0.1,0,,
2000,SP,MC,p25,12.15,13.05,253,8.8,13,21.05,6.3,45.72,1.23,0.24,0.04,0.1,0,,
2000,SP,MC,p75,13.5,14.2,269,8.9,15,23.35,7.3,58.65,1.34,0.35,0.05,0.11,0.01,,
2000,SP,MC,p90,14.6,14.6,308,8.9,16,24.2,7.5,70.36,1.37,0.38,0.06,0.11,0.01,,
2000,SP,POOL,median,12.787,15.098,305.423,8.925,14.196,23.311,7.799,59.059,1.258,0.261,0.049,0.099,0.002,,
2000,SP,POOL,n,139,139,139,139,140,140,140,139,48,48,48,48,48,,
2000,SP,POOL,p10,11.381,13.021,244.838,8.705,11.035,18.301,6.006,36.656,1.151,0.1,0.035,0.083,0.002,,
2000,SP,POOL,p25,12.076,14.092,262.636,8.819,12.433,20.25,7.271,47.609,1.201,0.1,0.041,0.089,0.002,,
2000,SP,POOL,p75,14.584,15.904,310.934,9.059,17.067,29.923,9.1,73.212,1.331,0.338,0.055,0.11,0.004,,
2000,SP,POOL,p90,17.447,16.773,327.957,9.23,19.499,35.061,12.208,81.678,1.441,0.402,0.068,0.13,0.006,,
2000,SP,SC,median,13.5,15,266,9,15,25.95,8.4,72,1.27,0.25,0.05,0.11,0,,
2000,SP,SC,n,29,29,29,29,30,30,30,30,11,11,11,11,11,0,0
2000,SP,SC,p10,11.75,13.7,250,8.8,13,20.6,6.9,41.77,1.17,0.1,0.03,0.1,0,,
2000,SP,SC,p25,12.2,14.1,257,8.85,14,22.9,7.5,50.78,1.24,0.1,0.04,0.1,0,,
2000,SP,SC,p75,14.75,15.5,305.5,9.1,17,29.9,9.8,80.39,1.32,0.35,0.06,0.12,0.01,,
2000,SP,SC,p90,15.2,16.45,310,9.2,19,33.45,10.7,87.15,1.34,0.42,0.07,0.13,0.01,,
2000,WN,BWC,median,0.15,12.2,432.5,7.75,3,3.05,1.3,4.75,2.27,1.56,0.16,0.08,0.03,26,7
2000,WN,BWC,n,44,44,44,44,42,42,42,42,15,15,15,15,15,44,44
2000,WN,BWC,p10,0,0.55,393.5,7.35,2,1.45,0.5,2.39,1.38,0.1,0.05,0.07,0.01,17,1
2000,WN,BWC,p25,0.1,10.95,412.5,7.6,3,1.8,1,2.72,2.06,1.22,0.13,0.08,0.01,20,3.5
2000,WN,BWC,p75,0.25,12.95,488.5,7.8,6,7.8,3.5,17.97,2.51,1.59,0.2,0.13,0.03,29,9
2000,WN,BWC,p90,0.4,13.55,727,7.8,23.5,39.4,12.2,66.12,2.94,1.93,0.63,0.23,0.04,34,10
2000,WN,IMP,median,0.2,12.8,433,7.85,2,1.7,0.5,3.14,2.15,1.62,0.14,0.08,0.02,25,5.5
2000,WN,IMP,n,24,24,24,24,24,24,24,24,7,7,7,7,7,24,24
2000,WN,IMP,p10,0.2,12.5,415.5,7.75,2,1.2,0.5,2.51,2.12,1.59,0.07,0.08,0.01,20,0.5
2000,WN,IMP,p25,0.2,12.65,420.5,7.8,2,1.4,0.5,2.72,2.13,1.6,0.1,0.08,0.02,23,5
2000,WN,IMP,p75,0.2,12.9,453,7.9,3,1.85,0.5,3.84,2.26,1.75,0.16,0.09,0.03,30,7
2000,WN,IMP,p90,0.2,13.1,461.5,7.95,3,2.1,1.05,4.13,2.41,1.95,0.17,0.1,0.04,33,10
2000,WN,MC,median,0.2,13,422,7.8,2,1.25,0.5,3.01,2.14,1.59,0.14,0.09,0.03,18,4.5
2000,WN,MC,n,24,24,24,24,24,24,24,24,8,8,8,8,8,24,24
2000,WN,MC,p10,0.2,11.95,410,7.8,2,1,0.5,1.97,2.05,1.52,0.11,0.08,0.02,12.5,0
2000,WN,MC,p25,0.2,12.6,415,7.8,2,1.1,0.5,2.63,2.08,1.55,0.11,0.08,0.02,14.5,1
2000,WN,MC,p75,0.2,13.55,430.5,7.9,3,1.5,0.5,3.88,2.24,1.7,0.14,0.09,0.04,24.5,8
2000,WN,MC,p90,0.2,14,445.5,7.9,3.5,1.9,1.25,5.99,2.38,1.8,0.14,0.09,0.05,30,9
2000,WN,POOL,median,0.143,12.724,422.732,7.764,2.168,1.658,0.5,3.249,2.15,1.593,0.139,0.083,0.021,23.56,4.939
2000,WN,POOL,n,119,119,119,119,117,117,117,116,40,40,40,40,40,119,119
2000,WN,POOL,p10,0.049,11.625,406.505,7.612,2,1.109,0.5,2.385,2.026,1.492,0.068,0.077,0.009,14.921,0.177
2000,WN,POOL,p25,0.11,12.42,415.294,7.713,2,1.339,0.5,2.652,2.118,1.562,0.115,0.079,0.013,18.516,2.511
2000,WN,POOL,p75,0.175,12.967,449.065,7.826,2.747,2.037,0.923,3.953,2.327,1.623,0.155,0.089,0.03,27.702,7.479
2000,WN,POOL,p90,0.194,13.281,461.842,7.882,3.669,3.77,1.387,7.507,2.457,1.933,0.188,0.096,0.037,30.894,9.112
2000,WN,SC,median,0.2,12.6,409,7.8,3,1.8,0.5,3.26,2.18,1.59,0.13,0.09,0.02,20,4
2000,WN,SC,n,27,27,27,27,27,27,27,26,10,10,10,10,10,27,27
2000,WN,SC,p10,0.1,12.05,403.5,7.7,2,1.25,0.5,2.22,1.99,1.46,0.1,0.08,0.01,12,1
2000,WN,SC,p25,0.1,12.45,406.5,7.8,3,1.5,0.5,2.72,2.07,1.55,0.12,0.08,0.02,16,2
2000,WN,SC,p75,0.2,13.1,423,7.8,3,2.2,1,3.55,2.29,1.76,0.16,0.09,0.03,25,7
2000,WN,SC,p90,0.2,13.5,450.5,7.9,3,2.35,1.1,3.71,2.48,1.97,0.24,0.1,0.04,29,8.5
2001,FL,BWC,median,12.3,10.7,375.5,8.4,9,13.95,3.3,18.89,1.42,0.76,0.06,0.13,0.05,,
2001,FL,BWC,n,56,56,56,56,56,56,56,56,20,20,20,20,20,0,0
2001,FL,BWC,p10,11.05,7.55,352.5,7.6,3,3.65,1.3,7.67,0.63,0.1,0.05,0.05,0.01,,
2001,FL,BWC,p25,11.5,9.3,368.5,8.2,7,9.25,2.4,13.88,0.91,0.1,0.05,0.1,0.03,,
2001,FL,BWC,p75,13.35,11.35,392,8.5,17.5,30.75,6.2,30.15,1.54,0.9,0.06,0.14,0.06,,
2001,FL,BWC,p90,13.8,12.55,416,8.65,30.5,53.1,9.7,43.72,1.63,0.94,0.08,0.3,0.06,,
2001,FL,IMP,median,12.2,10.9,376,8.5,10,13,3.1,21.46,1.57,0.9,0.05,0.12,0.05,,
2001,FL,IMP,n,25,25,25,25,25,25,25,25,8,8,8,8,8,0,0
2001,FL,IMP,p10,11.3,10,371,8.3,6,6,1.7,7.84,1.28,0.64,0.04,0.1,0.04,,
2001,FL,IMP,p25,11.9,10.25,373,8.4,8,9.9,2.6,16.62,1.41,0.73,0.04,0.11,0.04,,
2001,FL,IMP,p75,13,11.1,394,8.5,12.5,16.25,3.65,29.08,1.77,1.17,0.06,0.12,0.06,,
2001,FL,IMP,p90,13.9,11.4,399,8.6,18,26.7,4.9,32.33,1.83,1.24,0.1,0.16,0.06,,
2001,FL,MC,median,12.4,10.6,375,8.4,8,9.6,2.4,16.32,1.57,0.93,0.06,0.12,0.05,,
2001,FL,MC,n,25,25,25,25,25,25,25,25,8,8,8,8,8,0,0
2001,FL,MC,p10,11.7,10,369,8.3,7,8.3,2.1,14.52,1.43,0.76,0.05,0.11,0.04,,
2001,FL,MC,p25,12.25,10.35,373,8.3,7,8.9,2.2,15.34,1.49,0.83,0.05,0.11,0.05,,
2001,FL,MC,p75,12.65,10.7,386,8.4,8,10.45,2.6,18.25,1.61,0.99,0.07,0.12,0.05,,
2001,FL,MC,p90,13.6,10.9,392,8.4,9,11.2,2.6,23.08,1.76,1.15,0.08,0.12,0.06,,
2001,FL,POOL,median,12.169,10.587,374.823,8.366,8.35,11.71,2.783,18.211,1.513,0.847,0.054,0.12,0.046,,
2001,FL,POOL,n,136,136,136,136,136,136,136,136,46,46,46,46,46,,
2001,FL,POOL,p10,11.234,9.714,365.607,8.209,5.565,6.572,1.842,10.261,1.077,0.454,0.04,0.093,0.031,,
2001,FL,POOL,p25,11.82,10.194,370.363,8.278,7.008,9.404,2.362,15.853,1.409,0.698,0.048,0.109,0.04,,
2001,FL,POOL,p75,12.869,10.988,391.047,8.464,11.398,15.672,3.521,25.481,1.683,0.981,0.062,0.126,0.053,,
2001,FL,POOL,p90,13.816,11.388,398.719,8.554,21.38,36.863,6.264,32.112,1.818,1.172,0.079,0.158,0.058,,
2001,FL,SC,median,12.1,10.6,369.5,8.4,9,12.05,2.8,18.16,1.52,0.8,0.06,0.13,0.05,,
2001,FL,SC,n,30,30,30,30,30,30,30,30,10,10,10,10,10,0,0
2001,FL,SC,p10,11.25,9.9,358.5,8.2,7,7.95,2,11.14,1.33,0.67,0.05,0.11,0.04,,
2001,FL,SC,p25,11.7,10.3,368,8.3,8,9.7,2.4,16.06,1.44,0.68,0.05,0.12,0.04,,
2001,FL,SC,p75,12.5,11,380,8.5,12,15.4,3.4,23,1.61,0.94,0.07,0.14,0.05,,
2001,FL,SC,p90,13.6,11.6,392.5,8.6,24,44.95,7.4,31.52,1.95,1.04,0.11,0.28,0.06,,
2001,SM,BWC,median,27.25,9.1,415,8.45,13,17.95,4.5,29.6,1.61,0.55,0.05,0.17,0.05,,
2001,SM,BWC,n,52,52,52,52,52,52,51,52,21,21,21,21,21,0,0
2001,SM,BWC,p10,25.15,5.9,387,7.9,8.5,8.45,2.7,8.9,1.27,0.1,0.03,0.15,0.03,,
2001,SM,BWC,p25,26.5,7.55,399.5,8.2,10,13,3.9,17.16,1.38,0.1,0.03,0.16,0.04,,
2001,SM,BWC,p75,28.35,10.65,434,8.6,19,23.95,6.75,44.5,1.78,0.85,0.08,0.22,0.07,,
2001,SM,BWC,p90,30.1,11.4,448,8.8,23.5,30.9,10.15,59.02,2.09,0.99,0.12,0.33,0.09,,
2001,SM,IMP,median,27.6,8.9,422,8.5,12,17.9,4,23.17,1.86,0.92,0.04,0.15,0.05,,
2001,SM,IMP,n,25,25,25,25,25,25,25,25,8,8,8,8,8,0,0
2001,SM,IMP,p10,26.5,6,405,8,6,8.4,1.5,5.19,1.68,0.71,0.03,0.14,0.04,,
2001,SM,IMP,p25,27.2,7.35,418.5,8.15,8,9.9,3.25,13.92,1.76,0.8,0.04,0.15,0.05,,
2001,SM,IMP,p75,28.25,10.4,428,8.65,17.5,23.85,6.2,45.7,2.04,1.13,0.06,0.16,0.07,,
2001,SM,IMP,p90,28.8,10.7,439,8.7,21,28.6,7.1,51.29,2.13,1.26,0.13,0.17,0.08,,
2001,SM,MC,median,26.8,8.1,423,8.4,11,14.8,4.4,32.05,2.17,1.21,0.04,0.15,0.05,,
2001,SM,MC,n,25,25,25,25,25,25,25,25,8,8,8,8,8,0,0
2001,SM,MC,p10,25.5,6.9,414,8.1,8,10.8,3,20.77,1.7,0.68,0.03,0.14,0.04,,
2001,SM,MC,p25,26.15,7.8,418,8.25,9,13.3,3.5,26.36,1.79,0.76,0.03,0.15,0.04,,
2001,SM,MC,p75,27.5,8.5,438,8.45,13.5,19.35,4.65,41.05,2.41,1.5,0.06,0.16,0.06,,
2001,SM,MC,p90,27.8,9.8,441,8.6,16,22.4,5.2,48.99,2.43,1.51,0.16,0.16,0.09,,
2001,SM,POOL,median,27.378,8.577,421.31,8.387,11.04,17.209,4.256,29.407,1.818,0.846,0.043,0.154,0.049,,
2001,SM,POOL,n,132,132,132,132,132,132,131,132,47,47,47,47,47,,
2001,SM,POOL,p10,26.104,5.981,402.259,7.955,6.463,8.658,2.213,5.708,1.575,0.384,0.027,0.143,0.032,,
2001,SM,POOL,p25,26.703,7.428,414.279,8.134,8.799,12.691,3.33,17.807,1.698,0.663,0.033,0.148,0.04,,
2001,SM,POOL,p75,28.073,9.945,432.126,8.551,16.239,23.145,5.52,44.853,2.041,1.059,0.063,0.167,0.063,,
2001,SM,POOL,p90,28.743,10.652,440.549,8.655,20.507,28.534,7.256,51.38,2.281,1.308,0.149,0.199,0.077,,
2001,SM,SC,median,27.55,8.4,421,8.35,11,17.25,4.1,30.49,1.92,0.98,0.08,0.17,0.06,,
2001,SM,SC,n,30,30,30,30,30,30,30,30,10,10,10,10,10,0,0
2001,SM,SC,p10,26.15,6.15,404,8,8,10.1,2.25,9.58,1.71,0.65,0.04,0.15,0.04,,
2001,SM,SC,p25,26.9,7.5,415,8.2,10,15.2,3.3,20.45,1.8,0.69,0.05,0.15,0.05,,
2001,SM,SC,p75,28.4,9.3,435,8.6,14,23.5,5.1,45.85,2.06,1.06,0.11,0.19,0.07,,
2001,SM,SC,p90,29.2,10.2,442,8.7,24.5,37.7,9,52.08,2.3,1.35,0.18,0.21,0.1,,
2001,SP,BWC,median,13.7,8.6,276,7.6,15,17.95,2.7,7.3,3.42,2.68,0.07,0.14,0.07,,
2001,SP,BWC,n,59,59,59,59,59,58,58,59,21,21,21,21,21,0,0
2001,SP,BWC,p10,9.15,7.75,243.5,7.5,9.5,9.15,1.85,3.9,2.63,2.03,0.04,0.11,0.05,,
2001,SP,BWC,p25,11.75,8.05,257,7.6,12,12.4,2.2,5.58,2.86,2.15,0.05,0.13,0.07,,
2001,SP,BWC,p75,15.5,9.5,319,7.6,17,19.8,3.5,7.99,4.3,3.16,0.15,0.16,0.08,,
2001,SP,BWC,p90,15.9,10.05,372.5,7.8,20,21.05,3.85,8.76,5.06,4.07,0.19,0.18,0.09,,
2001,SP,IMP,median,14.2,8.6,287,7.6,16,19.6,2.9,7.07,3.4,2.52,0.09,0.14,0.07,,
2001,SP,IMP,n,25,25,25,25,25,25,25,25,8,8,8,8,8,0,0
2001,SP,IMP,p10,13.5,8.4,246,7.5,14,17,2.3,6.07,2.87,1.76,0.04,0.12,0.05,,
2001,SP,IMP,p25,13.9,8.45,254,7.6,15,17.85,2.45,6.5,3.06,1.92,0.05,0.13,0.06,,
2001,SP,IMP,p75,15.75,8.8,357.5,7.8,17.5,22.15,3.05,7.42,4.13,2.91,0.09,0.15,0.07,,
2001,SP,IMP,p90,15.9,8.9,367,7.8,18,24.2,3.4,8.29,4.34,3.07,0.09,0.15,0.08,,
2001,SP,MC,median,12.8,8.9,310,7.6,19,22.3,4.1,5.16,4.07,3.09,0.14,0.18,0.08,,
2001,SP,MC,n,25,25,25,25,25,25,25,25,8,8,8,8,8,0,0
2001,SP,MC,p10,8.9,8.4,260,7.6,14,16.7,2.5,3.7,3.22,2.26,0.08,0.14,0.06,,
2001,SP,MC,p25,9.3,8.65,292.5,7.6,17.5,18.95,2.85,4.13,3.41,2.82,0.09,0.15,0.07,,
2001,SP,MC,p75,13.4,10.1,320.5,7.7,26,26.8,4.85,6.42,4.17,3.35,0.21,0.2,0.1,,
2001,SP,MC,p90,13.9,10.2,326,7.7,28,28.9,5.2,6.76,4.48,3.65,0.24,0.2,0.11,,
2001,SP,POOL,median,13.976,8.586,288.993,7.562,15.313,19.26,2.87,6.802,3.385,2.678,0.079,0.14,0.069,,
2001,SP,POOL,n,138,138,138,138,138,137,137,138,47,47,47,47,47,,
2001,SP,POOL,p10,9.334,7.888,245.044,7.449,11.622,13.401,2.123,4.188,2.688,1.711,0.037,0.118,0.049,,
2001,SP,POOL,p25,13.358,8.347,259.202,7.511,13.582,17.238,2.395,5.79,2.98,1.96,0.048,0.129,0.056,,
2001,SP,POOL,p75,15.491,9.006,333.545,7.676,17.353,21.581,3.18,7.485,4.134,2.945,0.087,0.15,0.073,,
2001,SP,POOL,p90,15.793,9.919,368.349,7.768,20.763,24.261,3.987,8.484,4.507,3.329,0.179,0.176,0.084,,
2001,SP,SC,median,14.4,8.5,289,7.6,14,18,2.9,6.76,2.82,2.02,0.06,0.14,0.07,,
2001,SP,SC,n,29,29,29,29,29,29,29,29,10,10,10,10,10,0,0
2001,SP,SC,p10,12.05,7.8,242.5,7.5,10,12,2.15,4.89,2.57,1.7,0.04,0.13,0.06,,
2001,SP,SC,p25,13.55,8,256,7.5,13,16.35,2.35,5.73,2.68,1.77,0.05,0.13,0.06,,
2001,SP,SC,p75,15.6,9,322,7.7,16.5,19.55,3.15,8.41,3,2.31,0.08,0.15,0.07,,
2001,SP,SC,p90,15.8,9.3,379,7.8,18,21.95,3.35,9.06,4.59,3.31,0.12,0.15,0.08,,
2001,WN,BWC,median,0.2,12.4,404,7.5,3,2.2,0.6,2.78,2.01,1.38,0.27,0.09,0.04,34,1
2001,WN,BWC,n,40,40,35,40,38,38,38,38,16,16,16,16,16,41,41
2001,WN,BWC,p10,0,1.25,377,7.3,2,1,0.2,1,1.2,0.21,0.2,0.06,0.01,23.5,0
2001,WN,BWC,p25,0.1,11.35,389.5,7.4,2,1.5,0.3,1,1.69,0.46,0.23,0.08,0.03,29.5,0
2001,WN,BWC,p75,0.2,13.1,460.5,7.6,4,3.5,0.9,4.84,2.21,1.49,0.53,0.1,0.05,37.5,5
2001,WN,BWC,p90,0.95,13.45,573,7.7,5.5,11.35,2.15,7.81,2.28,1.51,0.77,0.11,0.06,41.5,6
2001,WN,IMP,median,0.2,13,396.5,7.6,2,1.15,0.3,2.53,2.17,1.51,0.18,0.1,0.05,34,0
2001,WN,IMP,n,22,22,22,22,22,22,22,22,7,7,7,7,7,22,22
2001,WN,IMP,p10,0.1,12.4,379,7.5,2,0.8,0.2,1,1.88,1.35,0.17,0.08,0.05,30.5,0
2001,WN,IMP,p25,0.1,12.9,388,7.6,2,1,0.2,1,2.06,1.47,0.18,0.09,0.05,32,0
2001,WN,IMP,p75,0.2,13.2,410,7.7,3,1.7,0.4,2.78,2.25,1.57,0.2,0.11,0.06,38,2
2001,WN,IMP,p90,0.2,13.5,425.5,7.7,3,1.8,0.45,2.91,2.37,1.69,0.22,0.12,0.07,39.5,2
2001,WN,MC,median,0.2,13.1,387,7.6,2,1,0.3,1,2.2,1.5,0.19,0.1,0.06,23,2
2001,WN,MC,n,25,25,25,25,25,25,25,25,8,8,8,8,8,25,25
2001,WN,MC,p10,0.2,12.4,376,7.5,2,0.8,0.15,1,2.16,1.46,0.17,0.1,0.04,18,0
2001,WN,MC,p25,0.2,12.7,380.5,7.5,2,0.9,0.25,1,2.17,1.47,0.17,0.1,0.05,21,1
2001,WN,MC,p75,0.2,13.35,392,7.6,3,1.4,0.4,1,2.31,1.54,0.24,0.11,0.06,28,3
2001,WN,MC,p90,0.2,13.4,401,7.7,3,1.6,0.4,2.78,2.43,1.7,0.31,0.11,0.06,31,4
2001,WN,POOL,median,0.132,12.869,392.01,7.543,2,1.406,0.296,1,2.172,1.497,0.181,0.096,0.049,32.411,0.352
2001,WN,POOL,n,117,117,112,117,115,115,115,115,41,41,41,41,41,118,118
2001,WN,POOL,p10,0.022,11.868,375.667,7.379,2,0.768,0.162,1,1.726,1.248,0.167,0.069,0.036,20.639,0
2001,WN,POOL,p25,0.084,12.393,382.069,7.458,2,0.955,0.25,1,2.078,1.428,0.174,0.087,0.046,26.724,0
2001,WN,POOL,p75,0.17,13.129,407.781,7.618,2.581,1.699,0.403,2.731,2.285,1.525,0.227,0.105,0.057,36.308,1.953
2001,WN,POOL,p90,0.192,13.352,431.797,7.672,2.931,2.406,0.62,3.111,2.396,1.731,0.294,0.112,0.06,38.766,3.9
2001,WN,SC,median,0.2,12.65,379.5,7.6,3,1.5,0.4,1,2.2,1.51,0.19,0.09,0.05,27,1.5
2001,WN,SC,n,30,30,30,30,30,30,30,30,10,10,10,10,10,30,30
2001,WN,SC,p10,0.1,12,355.5,7.4,2,0.85,0.2,1,2.17,1.45,0.17,0.09,0.05,12,0
2001,WN,SC,p25,0.1,12.3,374,7.4,2,1.2,0.3,1,2.17,1.48,0.18,0.09,0.05,21,0
2001,WN,SC,p75,0.2,12.9,394,7.6,3,1.7,0.4,2.53,2.48,1.85,0.23,0.1,0.05,34,3
2001,WN,SC,p90,0.2,13.05,428,7.7,3,2.2,0.5,2.99,2.61,1.91,0.27,0.11,0.06,39,3.5
2002,SM,BWC,median,26.7,7.3,325.5,7.9,12,19,6,22.19,1.5,0.49,0.05,0.18,0.07,,
2002,SM,BWC,n,58,58,58,58,57,57,57,57,20,20,20,20,20,0,0
2002,SM,BWC,p10,24.4,2.7,279.5,7.05,7,8.05,3.85,13.68,1.04,0.1,0.04,0.16,0.05,,
2002,SM,BWC,p25,25.9,5.5,301,7.6,9,12.2,4.2,17.21,1.33,0.3,0.05,0.17,0.06,,
2002,SM,BWC,p75,27.5,8,351,8.1,16.5,25.2,8.35,26.64,1.7,0.54,0.07,0.21,0.09,,
2002,SM,BWC,p90,28.2,8.95,361,8.3,23,45.65,13.9,40.76,1.87,0.85,0.1,0.27,0.1,,
2002,SM,IMP,median,28,8.2,342,8,13,19.2,5.2,18.54,1.65,0.76,0.06,0.17,0.07,,
2002,SM,IMP,n,25,25,25,25,25,25,25,25,8,8,8,8,8,0,0
2002,SM,IMP,p10,27.2,6.6,308,7.8,8,10.4,4,16.13,1.51,0.53,0.05,0.16,0.06,,
2002,SM,IMP,p25,27.5,7.4,314.5,7.95,11,14.35,4.35,17.04,1.57,0.59,0.05,0.16,0.07,,
2002,SM,IMP,p75,28.3,8.9,348,8.3,16.5,25.1,6.2,21.41,1.77,0.89,0.06,0.17,0.08,,
2002,SM,IMP,p90,28.5,10.4,356,8.5,19,28.8,6.7,22.86,1.87,0.98,0.07,0.18,0.09,,
2002,SM,MC,median,26.9,7.3,342,8,14,20.2,5.1,19.12,1.54,0.63,0.06,0.17,0.07,,
2002,SM,MC,n,25,25,25,25,25,25,25,25,8,8,8,8,8,0,0
2002,SM,MC,p10,26.4,6.8,298,7.8,11,14.4,4.2,16.05,1.42,0.51,0.04,0.15,0.07,,
2002,SM,MC,p25,26.7,6.9,324.5,7.9,11.5,15.85,4.9,17.34,1.5,0.52,0.05,0.17,0.07,,
2002,SM,MC,p75,27.3,7.55,352,8.05,15.5,25.4,5.85,21.12,1.73,0.76,0.07,0.17,0.08,,
2002,SM,MC,p90,27.6,7.7,358,8.1,17,26.5,6.4,22.69,1.89,0.91,0.07,0.17,0.09,,
2002,SM,POOL,median,27.35,7.56,340.023,7.958,12.339,19.085,5.143,20.081,1.592,0.581,0.054,0.169,0.072,,
2002,SM,POOL,n,138,138,138,138,137,137,137,137,46,46,46,46,46,,
2002,SM,POOL,p10,26.156,6.312,297.816,7.636,7.996,10.398,3.938,15.816,1.418,0.44,0.045,0.157,0.057,,
2002,SM,POOL,p25,26.73,6.984,313.223,7.835,10.307,14.39,4.397,17.456,1.487,0.519,0.048,0.164,0.067,,
2002,SM,POOL,p75,28.001,8.329,347.717,8.08,15.506,24.615,6.204,22.481,1.681,0.776,0.062,0.174,0.08,,
2002,SM,POOL,p90,28.293,9.149,355.938,8.275,18.077,28.774,7.168,25.761,1.862,0.968,0.073,0.183,0.089,,
2002,SM,SC,median,27.1,7.6,320,8,12,16.55,4.95,21.62,1.54,0.56,0.05,0.17,0.08,,
2002,SM,SC,n,30,30,30,30,30,30,30,30,10,10,10,10,10,0,0
2002,SM,SC,p10,26.55,6.9,297,7.75,10,13.35,4.2,17.46,1.44,0.53,0.04,0.17,0.07,,
2002,SM,SC,p25,26.8,7.3,300,7.9,11,14.7,4.4,18.79,1.48,0.53,0.05,0.17,0.07,,
2002,SM,SC,p75,27.4,7.9,341,8.1,14,21,5.8,24.02,1.63,0.7,0.06,0.17,0.08,,
2002,SM,SC,p90,27.6,8.55,353,8.1,16.5,28.1,6.55,26.56,1.81,0.89,0.07,0.18,0.09,,
2002,SP,BWC,median,12.2,10.9,229,8.1,8,12.15,4,15.29,1.5,0.64,0.06,0.09,0.02,,
2002,SP,BWC,n,59,59,59,59,60,60,60,60,22,20,20,22,22,0,0
2002,SP,BWC,p10,9.75,10.35,212,7.9,5,6.15,2.9,9.18,1.02,0.1,0.04,0.06,0,,
2002,SP,BWC,p25,10.6,10.65,222,7.9,6,8.2,3.3,9.88,1.3,0.34,0.05,0.09,0.01,,
2002,SP,BWC,p75,14.8,12.1,281,8.4,9,14.6,4.65,20.15,1.58,0.78,0.08,0.11,0.03,,
2002,SP,BWC,p90,17.85,13.8,324.5,8.75,12.5,16.3,6.7,25.75,1.73,0.86,0.1,0.14,0.03,,
2002,SP,IMP,median,11.6,10.9,241,8.1,8,13.1,4,11.63,1.61,0.8,0.07,0.09,0.02,,
2002,SP,IMP,n,25,25,25,25,25,25,25,25,8,8,8,8,8,0,0
2002,SP,IMP,p10,10.4,10.6,219,8,7,10,3.7,8.91,1.56,0.43,0.04,0.08,0.01,,
2002,SP,IMP,p25,10.95,10.7,225,8,7.5,11.7,3.85,9.61,1.56,0.76,0.07,0.09,0.02,,
2002,SP,IMP,p75,13.5,11.35,271,8.3,9,14.4,4.1,16.8,1.67,0.89,0.09,0.09,0.03,,
2002,SP,IMP,p90,14.2,11.7,279,8.3,9,15.6,4.2,20.03,1.74,0.91,0.12,0.1,0.03,,
2002,SP,MC,median,10.7,10.8,264,8,10,15,4.3,12.33,1.78,0.94,0.05,0.1,0.02,,
2002,SP,MC,n,25,25,25,25,25,25,25,25,8,8,8,8,8,0,0
2002,SP,MC,p10,10.3,10.5,232,7.8,8,12.6,3.9,9.3,1.54,0.7,0.03,0.09,0.02,,
2002,SP,MC,p25,10.55,10.65,249.5,7.9,8,13.45,4.2,11.4,1.69,0.82,0.04,0.09,0.02,,
2002,SP,MC,p75,12.65,11,278,8.1,10,16.5,4.5,16.26,2.29,1.52,0.06,0.1,0.02,,
2002,SP,MC,p90,14,11.4,308,8.3,12,19.3,4.9,18.16,3.97,3.29,0.06,0.11,0.03,,
2002,SP,POOL,median,11.459,10.789,240.758,7.987,7.862,13.266,3.984,12.444,1.603,0.804,0.059,0.092,0.021,,
2002,SP,POOL,n,139,139,139,139,140,140,140,140,48,46,46,48,48,,
2002,SP,POOL,p10,10.04,10.484,217.407,7.826,6.152,9.06,3.429,8.981,1.442,0.1,0.024,0.082,0.004,,
2002,SP,POOL,p25,10.625,10.633,224.883,7.912,7.131,11.875,3.801,9.881,1.555,0.747,0.039,0.085,0.017,,
2002,SP,POOL,p75,13.316,11.209,272.354,8.157,8.815,14.811,4.223,17.201,1.711,0.887,0.074,0.096,0.026,,
2002,SP,POOL,p90,14.25,11.654,305.77,8.297,9.951,16.164,4.683,20.36,1.929,1.078,0.092,0.101,0.028,,
2002,SP,SC,median,11.3,10.75,232.5,8,9,13.75,4.1,13.42,1.65,0.83,0.04,0.1,0.03,,
2002,SP,SC,n,30,30,30,30,30,30,30,30,10,10,10,10,10,0,0
2002,SP,SC,p10,9.55,10.45,213,7.9,8,11.65,3.65,9.3,1.58,0.76,0.02,0.09,0.02,,
2002,SP,SC,p25,10.6,10.6,220,7.9,8,12.9,3.9,10.31,1.61,0.79,0.03,0.09,0.02,,
2002,SP,SC,p75,12.8,10.9,278,8.1,9,14.8,4.3,17.85,1.96,1.06,0.06,0.1,0.03,,
2002,SP,SC,p90,13.6,11.1,297.5,8.2,11.5,16.5,4.75,19.91,2.07,1.22,0.09,0.1,0.03,,
2002,WN,BWC,median,0.25,15,408.5,8,4,3.5,2,11.26,2.25,1.73,0.07,0.08,0.02,19.5,0
2002,WN,BWC,n,56,56,56,56,53,53,53,53,18,18,18,18,18,56,56
2002,WN,BWC,p10,0,9.85,378.5,7.2,3,2.15,1.4,5.35,0.97,0.4,0.04,0.05,0,0,0
2002,WN,BWC,p25,0.05,13.8,387.5,7.8,3,2.9,1.6,8.63,1.36,1.17,0.05,0.06,0.01,15,0
2002,WN,BWC,p75,0.8,16.15,446.5,8.2,5,5.35,2.45,14.82,2.38,1.84,0.08,0.09,0.02,23.5,2
2002,WN,BWC,p90,2.1,18.3,559.5,8.25,8,11.5,4.85,19.13,2.57,2,0.1,0.1,0.03,27,3
2002,WN,IMP,median,0.1,15.6,410,8.1,3,3.3,2,13.02,2.35,1.83,0.04,0.09,0.02,18,0
2002,WN,IMP,n,25,25,25,25,25,25,25,25,8,8,8,8,8,25,25
2002,WN,IMP,p10,0,15,386,8,3,2.8,1.8,11.19,2.17,1.64,0.04,0.07,0.02,2,0
2002,WN,IMP,p25,0,15.2,396.5,8.05,3,3,1.85,12.22,2.32,1.77,0.04,0.09,0.02,10.5,0
2002,WN,IMP,p75,0.2,15.85,416.5,8.2,4,3.6,2.2,14.74,2.62,2.12,0.06,0.1,0.03,21.5,0
2002,WN,IMP,p90,0.4,16.2,434,8.2,4,4.4,2.3,15.77,2.66,2.19,0.1,0.1,0.06,23,1
2002,WN,MC,median,-0.1,15,401,8,3,2.8,1.6,10.12,2.35,1.83,0.05,0.09,0.02,2,0
2002,WN,MC,n,25,25,25,25,25,25,25,25,8,8,8,8,8,25,25
2002,WN,MC,p10,-0.1,14.5,387,7.9,3,2.5,1.5,8.51,2.28,1.76,0.05,0.09,0.02,0,0
2002,WN,MC,p25,-0.1,14.65,390.5,7.9,3,2.6,1.55,9.01,2.32,1.8,0.05,0.09,0.02,0,0
2002,WN,MC,p75,0.05,15.25,408.5,8,4,3.25,1.75,10.69,2.41,1.87,0.06,0.09,0.03,10.5,0.5
2002,WN,MC,p90,0.5,15.4,414,8.1,4,3.6,2,11.42,2.46,1.97,0.07,0.1,0.03,13,1
2002,WN,POOL,median,0.037,15.199,406.146,8.006,2.887,3.137,1.83,11.848,2.326,1.811,0.048,0.088,0.021,16.036,0
2002,WN,POOL,n,136,136,136,136,132,132,132,132,44,44,44,44,44,136,136
2002,WN,POOL,p10,-0.135,14.309,382.854,7.792,2.159,2.515,1.49,8.395,2.03,1.352,0.035,0.063,0.011,0,0
2002,WN,POOL,p25,-0.062,14.69,390.12,7.921,2.432,2.788,1.576,9.866,2.27,1.726,0.041,0.081,0.018,4.73,0
2002,WN,POOL,p75,0.199,15.718,414.852,8.088,3.527,3.601,2.098,13.363,2.419,1.87,0.064,0.094,0.026,20.539,0.309
2002,WN,POOL,p90,0.514,16.168,436.569,8.162,3.947,4.469,2.284,15.71,2.61,2.108,0.106,0.096,0.029,23.108,1.481
2002,WN,SC,median,0,14.85,392.5,8,3,3,1.6,10.42,2.32,1.78,0.06,0.09,0.03,9.5,0
2002,WN,SC,n,30,30,30,30,29,29,29,29,10,10,10,10,10,30,30
2002,WN,SC,p10,-0.1,14.4,379,7.8,3,2.5,1.5,8.56,2.11,1.67,0.04,0.08,0.02,0,0
2002,WN,SC,p25,-0.1,14.6,387,7.9,3,2.6,1.6,9.28,2.26,1.7,0.05,0.08,0.02,3,0
2002,WN,SC,p75,0.1,15.3,409,8.1,4,3.5,1.85,11.92,2.37,1.83,0.07,0.1,0.03,18,2
2002,WN,SC,p90,0.4,15.75,441,8.1,4,3.8,2.1,13.56,2.42,1.91,0.14,0.1,0.03,22.5,2.5
2004,FL,BWC,median,9.7,9.7,428,8.1,5,6,2.1,5.44,2.78,2.31,0.07,0.12,0.03,,
2004,FL,BWC,n,53,53,53,53,48,48,48,48,17,17,17,17,17,0,0
2004,FL,BWC,p10,8.55,6.6,320.5,7.4,2,2.4,1.15,3.11,0.58,0.01,0.03,0.06,0.01,,
2004,FL,BWC,p25,9.1,8.1,407,7.7,3,2.9,1.4,4.47,0.86,0.05,0.05,0.08,0.01,,
2004,FL,BWC,p75,12.85,10.85,435,8.2,9.5,12.6,4.3,9.21,3.18,2.74,0.08,0.13,0.04,,
2004,FL,BWC,p90,13.8,12.1,441,8.3,16,26.3,5.9,27.15,3.53,2.91,0.11,0.14,0.04,,
2004,FL,IMP,median,14.7,9.2,428,8.1,3,3.4,1.1,2.57,3.35,2.83,0.08,0.12,0.04,,
2004,FL,IMP,n,25,25,25,25,25,25,25,25,8,8,8,8,8,0,0
2004,FL,IMP,p10,13.6,8.1,410,7.9,2,1.4,0.6,2.03,3.28,2.73,0.06,0.1,0.03,,
2004,FL,IMP,p25,14.1,8.4,416.5,8,3,2.2,0.85,2.14,3.3,2.8,0.06,0.11,0.03,,
2004,FL,IMP,p75,15.45,9.65,432.5,8.15,5,5.05,1.4,3.5,3.42,2.86,0.09,0.12,0.04,,
2004,FL,IMP,p90,16.2,12.1,447,8.3,5,6.8,1.6,4.82,3.59,3.04,0.09,0.14,0.04,,
2004,FL,MC,median,14.4,9,433,8,5,5.4,1.4,3.81,3.45,2.88,0.07,0.12,0.04,,
2004,FL,MC,n,25,25,25,25,25,25,25,25,8,8,8,8,8,0,0
2004,FL,MC,p10,9.4,8.5,421,8,4,4.1,1.2,2.34,3.19,2.62,0.06,0.11,0.03,,
2004,FL,MC,p25,11.85,8.65,423,8,4,4.65,1.4,2.92,3.37,2.73,0.06,0.12,0.03,,
2004,FL,MC,p75,14.55,9.75,442.5,8.1,6,7.35,1.75,5.05,3.55,3.04,0.08,0.13,0.04,,
2004,FL,MC,p90,14.9,10.3,451,8.1,7,9.5,2.2,5.44,3.59,3.06,0.09,0.14,0.05,,
2004,FL,POOL,median,14.182,9.152,428.218,8.006,4.178,4.846,1.356,3.497,3.325,2.818,0.067,0.115,0.034,,
2004,FL,POOL,n,133,133,133,133,128,128,128,128,43,43,43,43,43,,
2004,FL,POOL,p10,9.191,8.022,408.209,7.824,1.755,2.013,0.783,2.07,2.54,2.081,0.049,0.095,0.018,,
2004,FL,POOL,p25,11.54,8.519,417.447,7.926,2.693,3.039,1.045,2.528,3.127,2.598,0.059,0.107,0.029,,
2004,FL,POOL,p75,14.713,9.981,435.093,8.079,5.107,6.769,1.784,5.034,3.449,2.861,0.083,0.123,0.037,,
2004,FL,POOL,p90,15.582,11.088,446.262,8.191,9.172,12.519,3.757,6.322,3.681,3.143,0.089,0.136,0.042,,
2004,FL,SC,median,13.3,9.2,430.5,8.1,5,6.05,1.6,4.2,3.37,2.8,0.07,0.12,0.04,,
2004,FL,SC,n,30,30,30,30,30,30,30,30,10,10,10,10,10,0,0
2004,FL,SC,p10,9.25,8.55,410,7.9,4.5,3.8,1.25,3.27,2.78,2.34,0.06,0.11,0.03,,
2004,FL,SC,p25,9.5,8.8,421,8,5,5.5,1.4,3.66,3.06,2.49,0.06,0.11,0.03,,
2004,FL,SC,p75,14.6,10,439,8.1,6,7.6,1.9,5.05,3.68,3.15,0.09,0.12,0.04,,
2004,FL,SC,p90,15.05,10.5,443.5,8.1,7.5,9.15,2.1,5.25,3.75,3.2,0.1,0.13,0.05,,
2004,SM,BWC,median,25.95,7.8,422.5,8.35,10.5,12.9,6.45,30.1,3.49,2.3,0.05,0.15,0.03,,
2004,SM,BWC,n,52,52,52,52,52,52,52,52,19,19,19,19,19,0,0
2004,SM,BWC,p10,24,3,313,7.15,4,4.05,2,9.68,1.21,0.01,0.03,0.11,0.01,,
2004,SM,BWC,p25,25.2,5.85,370,7.8,6,6.05,4,17.27,1.91,0.65,0.04,0.13,0.01,,
2004,SM,BWC,p75,26.5,10.4,439.5,8.8,16,20.15,8.95,58.32,3.66,2.46,0.08,0.22,0.06,,
2004,SM,BWC,p90,27,14.15,462.5,8.95,20.5,30.6,11.8,80.32,4.51,3.15,0.14,0.29,0.1,,
2004,SM,IMP,median,26,8.6,426,8.6,10,9.3,4.3,23.7,3.28,2.23,0.06,0.12,0.03,,
2004,SM,IMP,n,25,25,25,25,25,25,25,25,8,8,8,8,8,0,0
2004,SM,IMP,p10,24.9,6,406,8.1,3,1.9,1.8,12.17,1.05,0.25,0.04,0.09,0.03,,
2004,SM,IMP,p25,25.45,7.15,415,8.4,7,6.6,3.5,17.41,1.95,1.1,0.05,0.1,0.03,,
2004,SM,IMP,p75,27,10.45,440,8.7,12,16.65,6.75,40.17,3.34,2.4,0.08,0.14,0.06,,
2004,SM,IMP,p90,27.3,12.7,446,8.8,15,23.6,9.5,53.61,3.39,2.43,0.11,0.16,0.07,,
2004,SM,MC,median,25.6,12.8,436,8.9,15,20.4,9.9,64.79,4.2,2.92,0.03,0.1,0.01,,
2004,SM,MC,n,25,25,25,25,25,25,25,25,9,9,9,9,9,0,0
2004,SM,MC,p10,25.1,8.2,426,8.6,9,7.2,5.3,35.68,3.47,2.44,0.03,0.1,0.01,,
2004,SM,MC,p25,25.4,12.1,429.5,8.8,12,17.35,8.7,52.68,3.77,2.68,0.03,0.1,0.01,,
2004,SM,MC,p75,26.2,13.85,446,8.9,17,23.45,10.6,73.09,4.52,3.2,0.05,0.12,0.02,,
2004,SM,MC,p90,27,14.6,462,9,20,28.4,11.5,77.92,4.74,3.56,0.05,0.13,0.02,,
2004,SM,POOL,median,25.709,9.072,428.216,8.564,10.769,13.448,6.321,35.489,3.334,2.324,0.05,0.121,0.025,,
2004,SM,POOL,n,132,132,132,132,132,132,132,132,46,46,46,46,46,,
2004,SM,POOL,p10,24.799,5.833,392.569,7.965,4.079,4.831,2.678,12.47,1.173,0.083,0.03,0.092,0.006,,
2004,SM,POOL,p25,25.339,7.49,410.866,8.357,7.417,7.613,4.02,19.968,2.598,1.671,0.036,0.102,0.011,,
2004,SM,POOL,p75,26.498,12.336,439.502,8.773,14.931,21.203,9.333,53.876,3.652,2.483,0.069,0.136,0.051,,
2004,SM,POOL,p90,27.092,13.978,447.243,8.921,19.233,26.523,10.907,73.058,4.247,3.017,0.095,0.182,0.063,,
2004,SM,SC,median,25.7,9.85,426,8.6,15,20.75,8.05,41.81,3.6,2.4,0.07,0.13,0.02,,
2004,SM,SC,n,30,30,30,30,30,30,30,30,10,10,10,10,10,0,0
2004,SM,SC,p10,24.9,7.15,407,8.4,8,7.55,4.3,20.64,2.65,1.62,0.03,0.09,0.01,,
2004,SM,SC,p25,25.5,8,411,8.6,12,13,6.5,35.77,3.51,2.3,0.04,0.1,0.01,,
2004,SM,SC,p75,26.4,12.3,438,8.9,20,25.9,10.1,57.6,3.78,2.58,0.09,0.13,0.03,,
2004,SM,SC,p90,26.9,14.75,442.5,9,21.5,35.55,10.95,69.98,4.43,3.25,0.1,0.16,0.04,,
2004,SP,BWC,median,17.2,13.2,261,9.1,13,20.75,9.3,45.23,1.25,0.03,0.03,0.13,0.01,,
2004,SP,BWC,n,57,57,57,57,56,56,56,56,20,20,20,20,20,0,0
2004,SP,BWC,p10,15.75,8.3,246,8.35,4.5,4.7,2.95,3.5,0.92,0.03,0.02,0.08,0.01,,
2004,SP,BWC,p25,16.25,10.75,250,8.7,10.5,17.05,8.1,18.51,1.12,0.03,0.03,0.12,0.01,,
2004,SP,BWC,p75,18.65,13.85,283,9.1,15.5,24.95,11.65,59.05,1.38,0.05,0.05,0.18,0.01,,
2004,SP,BWC,p90,20.25,14.8,322,9.25,20.5,41.55,13.55,64.16,1.58,0.12,0.07,0.23,0.05,,
2004,SP,IMP,median,16.4,12.6,251,9,14,22.1,9.1,55.8,1.21,0.04,0.03,0.12,0.01,,
2004,SP,IMP,n,25,25,25,25,25,25,25,25,8,8,8,8,8,0,0
2004,SP,IMP,p10,15.9,10.7,246,8.4,10,17.3,8.1,36.07,1.13,0.03,0.03,0.1,0,,
2004,SP,IMP,p25,16,11.65,250,8.85,11.5,20.35,8.6,47.65,1.15,0.03,0.03,0.11,0.01,,
2004,SP,IMP,p75,17.35,13.5,261,9.1,15,25.9,10.4,60.33,1.28,0.16,0.03,0.15,0.01,,
2004,SP,IMP,p90,18.4,13.8,265,9.1,17,29.3,11.4,63.19,1.41,0.33,0.14,0.17,0.02,,
2004,SP,MC,median,14.9,11.9,257,8.7,11,19.7,8.1,52.63,1.29,0.13,0.03,0.11,0,,
2004,SP,MC,n,25,25,25,25,25,25,25,25,8,8,8,8,8,0,0
2004,SP,MC,p10,13.1,10.6,250,8.5,9,15.5,6.4,31.23,1.19,0.04,0.02,0.09,0,,
2004,SP,MC,p25,14.15,11.6,251,8.5,10,17.45,7.25,50.16,1.24,0.05,0.02,0.1,0,,
2004,SP,MC,p75,16.45,12.2,267.5,8.9,13.5,23,9.25,61.12,1.33,0.21,0.03,0.12,0.01,,
2004,SP,MC,p90,18,12.5,288,9,14,24.6,9.6,69.09,1.38,0.32,0.04,0.13,0.02,,
2004,SP,POOL,median,16.306,12.511,253.898,8.919,12.065,21.747,9.015,54.766,1.239,0.045,0.027,0.116,0.005,,
2004,SP,POOL,n,137,137,137,137,135,135,135,135,46,46,46,46,46,,
2004,SP,POOL,p10,14.404,10.352,246.505,8.428,9.003,14.686,6.424,21.77,1.106,0.031,0.02,0.087,0.001,,
2004,SP,POOL,p25,15.794,11.637,249.456,8.706,10.218,19.114,8.092,46.004,1.151,0.033,0.024,0.098,0.002,,
2004,SP,POOL,p75,17.431,13.403,265.021,9.028,13.872,24.822,9.91,60.589,1.307,0.118,0.03,0.137,0.008,,
2004,SP,POOL,p90,18.454,13.844,281.751,9.1,16.733,29.182,11.781,63.947,1.496,0.21,0.052,0.165,0.014,,
2004,SP,SC,median,15.4,12.7,257,9,12,22.1,8.9,58.88,1.24,0.1,0.03,0.12,0,,
2004,SP,SC,n,30,30,30,30,29,29,29,29,10,10,10,10,10,0,0
2004,SP,SC,p10,14.35,11.2,244,8.7,9.5,17.55,7.65,52.23,1.16,0.05,0.02,0.1,0,,
2004,SP,SC,p25,14.6,12.2,251,8.9,11,19.6,7.85,53.86,1.21,0.08,0.02,0.1,0,,
2004,SP,SC,p75,16.2,13.1,268,9.1,13.5,24.6,10.05,63.99,1.38,0.12,0.03,0.13,0.01,,
2004,SP,SC,p90,17.85,14,270.5,9.15,17.5,29.45,11.65,70.55,1.51,0.16,0.03,0.16,0.01,,
2004,WN,BWC,median,0.1,10.3,451,7.7,3,2.5,2,5.1,2.2,,,0.07,,34,19
2004,WN,BWC,n,46,46,46,46,37,37,37,37,14,0,0,14,0,46,46
2004,WN,BWC,p10,0,1.05,421.5,7.2,2,1.65,1.2,2.18,1.46,,,0.05,,23.5,16.5
2004,WN,BWC,p25,0,1.6,423,7.3,2,1.85,1.3,2.77,1.83,,,0.05,,30,17
2004,WN,BWC,p75,0.6,13.2,579,7.9,4.5,6.65,3.75,13.26,2.35,,,0.13,,35,20
2004,WN,BWC,p90,1.3,13.75,726,8,10.5,13.2,6.25,39.54,2.52,,,0.21,,45,22
2004,WN,IMP,median,-0.1,13.3,425,7.9,2,1.6,1.2,2.41,2.29,,,0.04,,34.5,17
2004,WN,IMP,n,24,24,24,24,23,23,23,23,8,0,0,8,0,24,24
2004,WN,IMP,p10,-0.1,12.05,250.5,7.75,2,1.2,1,2.02,2.22,,,0.04,,27,15
2004,WN,IMP,p25,-0.1,12.65,421,7.8,2,1.5,1.1,2.26,2.23,,,0.04,,29,16.5
2004,WN,IMP,p75,0,13.75,432.5,7.9,3,1.9,1.45,2.81,2.34,,,0.05,,37,19.5
2004,WN,IMP,p90,0.05,14,439.5,8,3.5,5.4,1.9,6.6,2.36,,,0.06,,37.5,21.5
2004,WN,MC,median,0,13.9,426,7.9,2,1.7,1.3,2.57,2.25,,,0.05,,22,16
2004,WN,MC,n,25,25,25,25,25,25,25,25,8,0,0,8,0,25,25
2004,WN,MC,p10,-0.1,12.6,416,7.8,2,1.4,1.2,2.18,2.22,,,0.04,,13,0
2004,WN,MC,p25,-0.1,13.3,422,7.9,2,1.55,1.25,2.26,2.23,,,0.04,,15.5,2
2004,WN,MC,p75,0,14.4,438,8.1,3,1.9,1.4,2.89,2.31,,,0.05,,24,19.5
2004,WN,MC,p90,0,14.9,441,8.1,3,2.3,1.6,3.12,2.34,,,0.05,,27,21
2004,WN,POOL,median,-0.081,13.127,425,7.819,2,1.739,1.281,2.69,2.256,,,0.044,,31.152,17.103
2004,WN,POOL,n,124,124,124,124,113,113,113,113,38,,,38,,124,124
2004,WN,POOL,p10,-0.178,6.431,413.281,7.458,2,1.297,1.007,2.001,2.052,,,0.039,,19.123,6.246
2004,WN,POOL,p25,-0.142,12.245,420.561,7.725,2,1.511,1.107,2.243,2.217,,,0.042,,23.81,15.094
2004,WN,POOL,p75,-0.016,13.707,438.159,7.891,2.663,2.172,1.525,3.022,2.328,,,0.052,,35.244,19.273
2004,WN,POOL,p90,0.231,14.064,467.151,7.975,3.537,5.215,3.184,9.592,2.379,,,0.067,,37.194,20.856
2004,WN,SC,median,0,12.8,422,7.9,3,1.9,1.35,2.61,2.31,,,0.05,,28,18
2004,WN,SC,n,29,29,29,29,28,28,28,28,8,0,0,8,0,29,29
2004,WN,SC,p10,-0.1,11.7,413,7.75,2,1.45,1.15,1.98,2.16,,,0.04,,17.5,3
2004,WN,SC,p25,-0.05,12.3,414.5,7.8,2,1.6,1.2,2.18,2.28,,,0.04,,21,7
2004,WN,SC,p75,0,13.35,435.5,7.9,3,2.1,1.55,2.93,2.39,,,0.05,,35,20
2004,WN,SC,p90,0.1,13.75,443.5,8,3,2.6,1.7,5.61,2.48,,,0.06,,39,20.5
2005,FL,BWC,median,15.15,7.4,381,7.7,8,8.4,3.15,8.27,2.26,1.62,0.05,0.13,0.04,,
2005,FL,BWC,n,60,60,60,60,60,60,60,60,21,21,21,21,21,0,0
2005,FL,BWC,p10,14.3,6.15,338,7.4,3,2.5,1.6,4.44,1.76,0.96,0.03,0.1,0.02,,
2005,FL,BWC,p25,14.7,6.85,348.5,7.5,4.5,4.15,2.35,6.81,2,1.25,0.04,0.1,0.03,,
2005,FL,BWC,p75,15.4,7.8,396,7.9,14,17.55,4.3,10.37,2.74,1.91,0.06,0.15,0.05,,
2005,FL,BWC,p90,15.9,9.4,415.5,8.05,19,25.6,5.35,15.65,3.06,2.39,0.07,0.17,0.06,,
2005,FL,IMP,median,14.7,8,364,7.9,12,13,3.8,8.53,2.17,1.45,0.06,0.14,0.06,,
2005,FL,IMP,n,25,25,25,25,25,25,25,25,8,8,8,8,8,0,0
2005,FL,IMP,p10,14,7.2,340,7.7,3,2.3,1.8,4.12,1.8,1.18,0.05,0.11,0.03,,
2005,FL,IMP,p25,14.45,7.6,346.5,7.8,7.5,7.3,2.3,5.9,1.92,1.29,0.06,0.12,0.04,,
2005,FL,IMP,p75,15.15,8.5,377.5,8,18,26.75,5.2,10.37,2.55,1.81,0.07,0.16,0.07,,
2005,FL,IMP,p90,15.3,9,386,8.1,21,34.2,5.8,19.52,3.11,2.08,0.07,0.26,0.07,,
2005,FL,MC,median,14.1,8.8,389,7.9,16,22.5,5,8.97,3.07,2.38,0.03,0.15,0.05,,
2005,FL,MC,n,25,25,25,25,25,25,25,25,8,8,8,8,8,0,0
2005,FL,MC,p10,13.5,8.2,342,7.8,14,18.8,4.4,6.17,2.86,2.09,0.03,0.14,0.05,,
2005,FL,MC,p25,13.5,8.35,365,7.85,15,20.05,4.6,7.08,3,2.35,0.03,0.14,0.05,,
2005,FL,MC,p75,14.55,8.9,392.5,8,20,27.45,5.35,10.42,3.1,2.4,0.03,0.15,0.05,,
2005,FL,MC,p90,14.7,9,397,8,26,44.4,7.1,11.66,3.11,2.41,0.04,0.18,0.06,,
2005,FL,POOL,median,14.67,7.983,373.258,7.804,13.888,19.108,4.364,8.504,2.425,1.731,0.053,0.142,0.05,,
2005,FL,POOL,n,140,140,140,140,140,140,140,140,47,47,47,47,47,,
2005,FL,POOL,p10,13.631,7.086,339.377,7.494,3.077,3.438,1.81,4.942,1.856,1.138,0.028,0.106,0.029,,
2005,FL,POOL,p25,14.293,7.439,347.933,7.688,8.278,9.02,3.106,6.557,2.082,1.36,0.044,0.113,0.042,,
2005,FL,POOL,p75,15.048,8.679,386.45,7.919,17.724,26.948,5.254,10.172,2.913,2.109,0.062,0.158,0.058,,
2005,FL,POOL,p90,15.265,8.925,401.038,7.996,20.992,33.952,6.457,12.167,3.115,2.386,0.069,0.169,0.065,,
2005,FL,SC,median,14.8,8.25,376.5,7.8,18,27.05,5,8.59,2.71,1.99,0.05,0.16,0.05,,
2005,FL,SC,n,30,30,30,30,30,30,30,30,10,10,10,10,10,0,0
2005,FL,SC,p10,13.8,7.4,343,7.5,12,14.95,3.6,6.17,2.38,1.64,0.04,0.12,0.05,,
2005,FL,SC,p25,14.3,7.6,350,7.7,15,21.5,4.5,7.35,2.58,1.76,0.05,0.14,0.05,,
2005,FL,SC,p75,14.9,8.5,390,8,21,31.8,6.4,10.04,2.88,2.1,0.05,0.17,0.06,,
2005,FL,SC,p90,15,8.9,408,8,24,40.8,7.1,11.23,3.16,2.47,0.06,0.17,0.06,,
2005,SM,BWC,median,24.6,4.85,437,7.55,5,7.4,3.8,6.66,1.37,0.15,0.06,0.2,0.09,,
2005,SM,BWC,n,56,56,56,56,53,53,53,53,20,20,20,20,19,0,0
2005,SM,BWC,p10,20.65,1.25,370.5,6.8,2,2.15,1.4,1,0.76,0.01,0.02,0.09,0.02,,
2005,SM,BWC,p25,22.9,2.05,392,7.1,3,3.55,2.3,1,0.95,0.01,0.03,0.16,0.03,,
2005,SM,BWC,p75,26.55,10.15,446,8.4,9,12.8,6.65,35.38,1.75,0.74,0.1,0.28,0.1,,
2005,SM,BWC,p90,28.15,11.6,453,8.7,16.5,28.8,9.8,63.98,1.91,0.93,0.17,0.58,0.14,,
2005,SM,IMP,median,25.2,7.3,433,8,5,6.8,3.3,9.66,1.7,0.8,0.1,0.17,0.09,,
2005,SM,IMP,n,25,25,25,25,25,25,25,25,8,8,8,8,8,0,0
2005,SM,IMP,p10,24.5,5.2,425,7.6,2,1.9,1.2,1,1.51,0.53,0.03,0.16,0.07,,
2005,SM,IMP,p25,24.7,6.05,428,7.8,3,3.65,2.25,1.7,1.63,0.72,0.06,0.16,0.07,,
2005,SM,IMP,p75,27.5,9.35,435.5,8.4,5,7.95,3.65,22.27,1.72,0.87,0.14,0.23,0.1,,
2005,SM,IMP,p90,27.8,9.7,441,8.5,7,8.7,3.7,27.29,2.18,0.93,0.14,0.58,0.14,,
2005,SM,MC,median,26.4,9.3,442,8.4,10,15.3,6.5,40.74,1.85,0.9,0.02,0.17,0.06,,
2005,SM,MC,n,25,25,25,25,25,25,25,25,8,8,8,8,8,0,0
2005,SM,MC,p10,24.6,6.7,435,7.8,5,7.8,3.4,15.28,1.51,0.39,0.02,0.15,0.04,,
2005,SM,MC,p25,26,7.45,436.5,8.1,8.5,12.95,4.15,23.77,1.63,0.58,0.02,0.16,0.05,,
2005,SM,MC,p75,27.2,10.65,449.5,8.6,11.5,19.2,7.25,73.38,1.97,0.99,0.05,0.17,0.06,,
2005,SM,MC,p90,27.3,11.8,451,8.7,13,22.3,7.5,82.65,2,1.01,0.08,0.18,0.06,,
2005,SM,POOL,median,25.741,7.704,434.62,8.012,4.835,7.887,3.549,17.202,1.701,0.781,0.072,0.166,0.071,,
2005,SM,POOL,n,136,136,136,136,133,133,133,132,46,46,46,46,45,,
2005,SM,POOL,p10,23.947,4.079,415.584,7.28,1.803,2.714,1.309,1,1.106,0.124,0.018,0.15,0.039,,
2005,SM,POOL,p25,24.539,6.07,427.994,7.753,3.277,5.162,2.832,3.329,1.435,0.355,0.021,0.157,0.056,,
2005,SM,POOL,p75,27.204,9.987,441.938,8.457,8.175,13.352,5.59,33.354,1.802,0.897,0.11,0.188,0.091,,
2005,SM,POOL,p90,27.726,11.502,449.174,8.626,10.957,18.447,7.293,68.945,2.004,0.982,0.136,0.287,0.133,,
2005,SM,SC,median,27.1,10.55,439,8.5,8,13.3,5.6,34.47,1.75,0.83,0.02,0.17,0.06,,
2005,SM,SC,n,30,30,30,30,30,30,30,29,10,10,10,10,10,0,0
2005,SM,SC,p10,24.45,6.3,423.5,7.9,4.5,5.7,2.4,4.25,1.11,0.31,0.02,0.16,0.04,,
2005,SM,SC,p25,25.1,7.6,427,8,7,9.3,3.8,15.8,1.16,0.37,0.02,0.16,0.05,,
2005,SM,SC,p75,27.4,11.3,449,8.6,10,15.1,6.6,66,1.86,1.19,0.09,0.17,0.08,,
2005,SM,SC,p90,27.7,11.85,451,8.7,11.5,18.6,8.75,81.93,2.19,1.28,0.21,0.22,0.14,,
2005,SP,BWC,median,11.5,11.55,374,8.4,8,11.05,4.05,15.78,3.12,2.24,0.02,0.11,0.02,,
2005,SP,BWC,n,60,60,60,60,60,60,60,60,21,21,21,21,21,0,0
2005,SP,BWC,p10,9.75,9.2,234.5,7.7,5.5,5.65,2.85,9.3,1.29,0.32,0.02,0.08,0.01,,
2005,SP,BWC,p25,10.75,9.85,278,7.95,7,8.45,3.4,12.73,1.61,0.47,0.02,0.09,0.01,,
2005,SP,BWC,p75,12.05,12.3,430.5,8.6,10.5,14.95,4.95,21.42,3.76,2.96,0.04,0.12,0.04,,
2005,SP,BWC,p90,12.9,15.5,453,8.8,12.5,18.3,6.25,37.71,4.34,3.61,0.05,0.13,0.04,,
2005,SP,IMP,median,10.3,12.3,438,8.4,7,9.4,3.8,15.52,4.07,3.28,0.02,0.08,0.01,,
2005,SP,IMP,n,25,25,25,25,25,25,25,25,8,8,8,8,8,0,0
2005,SP,IMP,p10,9.6,11.8,392,8.2,6,7.2,3.2,12.04,3.63,2.86,0.02,0.08,0.01,,
2005,SP,IMP,p25,9.95,12,417,8.35,7,8.1,3.5,13.46,3.99,3.14,0.02,0.08,0.01,,
2005,SP,IMP,p75,10.75,12.85,444,8.6,8,10.5,4.2,17.31,4.29,3.49,0.02,0.09,0.02,,
2005,SP,IMP,p90,11,13.5,453,8.7,9,13.3,4.4,19.31,4.44,3.64,0.02,0.09,0.02,,
2005,SP,MC,median,11.6,9.9,392,8.1,11,16.8,3.9,11.72,4.23,3.37,0.03,0.1,0.03,,
2005,SP,MC,n,25,25,25,25,25,25,25,25,8,8,8,8,8,0,0
2005,SP,MC,p10,9,9.4,326,7.8,8,10.3,3.3,9.4,3.72,2.8,0.02,0.08,0.02,,
2005,SP,MC,p25,9.45,9.7,364.5,8,8,11.15,3.6,10.51,3.83,2.87,0.02,0.09,0.02,,
2005,SP,MC,p75,11.9,11.5,407,8.2,12,18.9,4.2,13.94,4.4,3.63,0.05,0.11,0.04,,
2005,SP,MC,p90,12.1,11.7,442,8.3,14,23.2,4.4,17.2,4.6,3.71,0.06,0.11,0.04,,
2005,SP,POOL,median,10.67,11.863,413.094,8.309,7.664,10.385,3.828,14.878,3.952,3.149,0.018,0.084,0.016,,
2005,SP,POOL,n,140,140,140,140,140,140,140,140,47,47,47,47,47,,
2005,SP,POOL,p10,9.41,9.471,277.858,7.831,5.92,7.379,3.18,9.873,2.714,1.818,0.014,0.074,0.007,,
2005,SP,POOL,p25,9.938,9.931,366.002,7.996,6.573,8.63,3.45,12.169,3.321,2.584,0.015,0.078,0.01,,
2005,SP,POOL,p75,11.577,12.288,441.685,8.449,9.61,14.362,4.166,17.136,4.19,3.398,0.024,0.103,0.024,,
2005,SP,POOL,p90,11.969,13.366,452.304,8.604,11.147,17.709,4.543,19.348,4.44,3.635,0.041,0.117,0.039,,
2005,SP,SC,median,11.25,9.85,338.5,8,9,13.5,3.9,13.72,3.79,2.95,0.02,0.1,0.02,,
2005,SP,SC,n,30,30,30,30,30,30,30,30,10,10,10,10,10,0,0
2005,SP,SC,p10,9.6,9.35,272.5,7.85,7,8.75,3.4,8.51,2.89,1.94,0.02,0.08,0.01,,
2005,SP,SC,p25,9.9,9.6,283,7.9,8,9.9,3.7,9.51,2.94,2.08,0.02,0.08,0.01,,
2005,SP,SC,p75,11.7,11.8,420,8.4,11,15.4,4.1,15.94,3.92,3.15,0.04,0.11,0.04,,
2005,SP,SC,p90,11.95,12.3,454.5,8.45,12,18.05,4.7,18.1,4.3,3.57,0.06,0.13,0.05,,
2005,WN,BWC,median,0,12.9,482,7.5,3,2.7,1.5,6.97,3.01,2.28,0.11,0.06,0.01,30,10
2005,WN,BWC,n,39,39,39,39,35,35,35,35,13,13,13,13,13,39,39
2005,WN,BWC,p10,-0.1,2.25,449.5,7.1,3,2.1,1.3,4.74,1.29,0.61,0.06,0.03,0,19,3
2005,WN,BWC,p25,-0.1,4.6,477,7.2,3,2.45,1.45,5.96,2.56,1.55,0.11,0.05,0.01,23,7
2005,WN,BWC,p75,0.65,13.6,562.5,7.7,4,3.5,2.2,7.56,3.1,2.42,0.13,0.08,0.01,34,12
2005,WN,BWC,p90,1.45,14.25,690,7.7,6,7.5,5.6,52.28,3.35,2.46,0.27,0.12,0.02,36,14
2005,WN,IMP,median,-0.1,13.65,484.5,7.8,3,2.4,1.3,5.01,3.03,2.42,0.12,0.06,0.01,31.5,11.5
2005,WN,IMP,n,24,24,24,24,24,24,24,24,7,7,7,7,7,24,24
2005,WN,IMP,p10,-0.2,10.85,469.5,7.5,3,1.85,1,3.26,2.12,1.66,0.11,0.05,0.01,22.5,7
2005,WN,IMP,p25,-0.1,13.05,472.5,7.6,3,2,1.2,4.32,2.99,2.37,0.11,0.06,0.01,29,10
2005,WN,IMP,p75,-0.05,13.95,500.5,8,3,2.8,1.4,6.02,3.11,2.53,0.13,0.07,0.01,36,12
2005,WN,IMP,p90,0.35,14.3,505,8,4,4.4,1.65,6.92,3.19,2.61,0.15,0.09,0.02,39.5,14
2005,WN,MC,median,-0.1,14.4,492,7.8,3,2.5,1.4,7.29,3.14,2.51,0.11,0.06,0.01,23,12
2005,WN,MC,n,25,25,25,25,25,25,25,25,8,8,8,8,8,25,25
2005,WN,MC,p10,-0.2,13.6,470,7.7,3,2.2,1.2,4.53,3.05,2.45,0.09,0.05,0.01,16,8
2005,WN,MC,p25,-0.2,14,479,7.75,3,2.35,1.3,5.11,3.08,2.47,0.1,0.05,0.01,18,9
2005,WN,MC,p75,-0.1,14.6,503,7.9,4,2.9,1.55,8.72,3.26,2.57,0.11,0.06,0.01,29,13
2005,WN,MC,p90,-0.1,14.7,510,7.9,4,3.1,1.8,9.73,3.46,2.83,0.12,0.06,0.01,33,15
2005,WN,POOL,median,-0.143,13.662,483.77,7.676,2.699,2.495,1.359,6.015,3.059,2.437,0.109,0.058,0.011,29.046,10.822
2005,WN,POOL,n,115,115,115,115,110,110,110,110,38,38,38,38,38,115,115
2005,WN,POOL,p10,-0.2,7.752,469.188,7.341,2.118,1.868,1.109,3.836,1.608,1.201,0.092,0.045,0.002,17.769,5.322
2005,WN,POOL,p25,-0.188,12.943,474.317,7.524,2.336,2.222,1.211,4.713,2.977,2.348,0.106,0.053,0.009,22.222,8.776
2005,WN,POOL,p75,-0.089,14.16,502.256,7.813,3.211,2.848,1.496,7.126,3.171,2.564,0.119,0.063,0.012,33.223,12.046
2005,WN,POOL,p90,0.35,14.415,510.985,7.944,3.949,3.817,1.81,8.453,3.278,2.61,0.133,0.075,0.016,37.382,13.849
2005,WN,SC,median,-0.1,14,479,7.7,3,2.75,1.5,6.76,3.23,2.55,0.11,0.06,0.01,26,12
2005,WN,SC,n,27,27,27,27,26,26,26,26,10,10,10,10,10,27,27
2005,WN,SC,p10,-0.2,13.05,469,7.4,3,2.2,1.25,5.38,2.97,2.36,0.09,0.06,0.01,16,5.5
2005,WN,SC,p25,-0.15,13.45,476,7.6,3,2.4,1.4,6.12,3.08,2.44,0.1,0.06,0.01,18.5,9.5
2005,WN,SC,p75,-0.1,14.3,507,7.8,4,2.9,1.6,7.61,3.29,2.66,0.12,0.07,0.02,32,13
2005,WN,SC,p90,0,14.5,511,7.95,4.5,3.3,1.7,7.98,3.46,2.88,0.13,0.07,0.02,35,15.5
2006,FL,BWC,median,8.8,10.05,419,8,6,6.8,3.5,13.99,1.27,0.57,0.02,0.12,0.05,,
2006,FL,BWC,n,60,60,58,60,60,60,60,60,21,21,21,21,21,0,0
2006,FL,BWC,p10,7.3,4.3,398,7.25,3,2.1,1.45,5.81,0.83,0.01,0.01,0.08,0.01,,
2006,FL,BWC,p25,8,6.9,412,7.55,4,4.75,2.5,10.27,1.05,0.27,0.01,0.1,0.04,,
2006,FL,BWC,p75,13.55,11.35,438,8.3,10,11.85,4.95,23.33,1.47,0.66,0.05,0.15,0.07,,
2006,FL,BWC,p90,14.85,12.1,469.5,8.5,19.5,24.2,8.5,28.67,1.8,0.92,0.13,0.19,0.1,,
2006,FL,IMP,median,9.2,11.1,426,8.3,5,5.9,2.7,15.89,1.48,0.89,0.03,0.09,0.04,,
2006,FL,IMP,n,25,25,25,25,25,25,25,25,8,8,8,8,8,0,0
2006,FL,IMP,p10,8.5,9.8,415,8.1,2,1.7,1.1,6.3,0.79,0.2,0.01,0.08,0.03,,
2006,FL,IMP,p25,8.75,10.5,422,8.2,2,2.3,1.45,8.71,1.18,0.58,0.01,0.08,0.03,,
2006,FL,IMP,p75,11.35,11.55,429.5,8.4,8,10.1,3.8,19.57,1.62,0.92,0.06,0.12,0.08,,
2006,FL,IMP,p90,13.9,12.1,431,8.6,11,12.1,4.6,21.96,1.66,0.93,0.08,0.13,0.09,,
2006,FL,MC,median,15,10.1,428,8.5,8,11.2,4.2,22.55,1.41,0.74,0.02,0.14,0.05,,
2006,FL,MC,n,25,25,25,25,25,25,25,25,8,8,8,8,7,0,0
2006,FL,MC,p10,10.9,9.8,418,8.3,6,9.2,3.7,20.4,1.32,0.64,0.01,0.14,0.05,,
2006,FL,MC,p25,11.2,9.95,420.5,8.4,7,10.55,3.9,21.38,1.35,0.65,0.01,0.14,0.05,,
2006,FL,MC,p75,15.15,10.2,432,8.6,8,12.05,4.85,26.17,1.43,0.83,0.02,0.14,0.07,,
2006,FL,MC,p90,15.3,10.5,443,8.6,9,13.5,5.1,29.2,1.44,0.84,0.02,0.15,0.07,,
2006,FL,POOL,median,9.965,10.411,425.086,8.252,5.905,8.745,3.578,18.067,1.381,0.743,0.021,0.121,0.049,,
2006,FL,POOL,n,140,140,138,140,140,140,140,140,47,47,47,47,46,,
2006,FL,POOL,p10,8.244,8.683,412.943,7.813,2,2.118,1.334,6.454,0.959,0.059,0.009,0.077,0.024,,
2006,FL,POOL,p25,8.747,9.778,415.861,8.113,3.498,4.536,2.372,13.166,1.243,0.58,0.01,0.087,0.031,,
2006,FL,POOL,p75,14.25,11.22,429.403,8.39,7.592,11.483,4.247,22.47,1.536,0.894,0.042,0.135,0.068,,
2006,FL,POOL,p90,14.985,11.678,439.227,8.562,9.954,13.755,4.972,26.667,1.653,0.934,0.059,0.141,0.081,,
2006,FL,SC,median,14.35,9.95,418,8.35,7,10.05,3.85,20.05,1.32,0.7,0.02,0.13,0.05,,
2006,FL,SC,n,30,30,30,30,30,30,30,30,10,10,10,10,10,0,0
2006,FL,SC,p10,8.55,8.95,413.5,8.1,4.5,5.55,2.7,13.16,1.18,0.57,0.01,0.1,0.04,,
2006,FL,SC,p25,10.9,9.4,415,8.2,6,7.4,3,16.29,1.27,0.62,0.01,0.11,0.05,,
2006,FL,SC,p75,14.8,10.6,428,8.4,8,11.4,4.6,25.88,1.56,0.93,0.02,0.14,0.06,,
2006,FL,SC,p90,15.15,11.35,435,8.5,8,13,4.9,28.08,1.75,1.15,0.03,0.14,0.08,,
2006,SM,BWC,median,27.4,6.9,416.5,8,13,16.7,9.1,64.18,1.74,0.49,0.03,0.2,0.02,,
2006,SM,BWC,n,55,55,52,55,53,53,53,53,19,19,19,19,19,0,0
2006,SM,BWC,p10,24,0.7,391,6.8,2,3.45,2.65,8.33,0.9,0.01,0.01,0.12,0,,
2006,SM,BWC,p25,26.05,2,406,7.1,5,7.55,5.1,27.04,1.1,0.02,0.02,0.14,0,,
2006,SM,BWC,p75,28.4,11.5,434.5,8.85,19.5,27.2,13.35,112.56,2.15,0.77,0.1,0.35,0.14,,
2006,SM,BWC,p90,28.9,14.3,450,9.1,31,42.85,18.05,168.93,2.33,0.89,0.17,0.44,0.27,,
2006,SM,IMP,median,28.1,8.1,406,8.6,12,17,8.8,67.82,1.64,0.43,0.04,0.17,0.03,,
2006,SM,IMP,n,25,25,25,25,25,25,25,25,8,8,8,8,8,0,0
2006,SM,IMP,p10,27.2,4.7,374,8.2,2,1.3,1.6,5.22,1.39,0.3,0.02,0.15,0.01,,
2006,SM,IMP,p25,27.7,6.65,396.5,8.45,4.5,5.65,3.4,17.88,1.46,0.36,0.02,0.15,0.01,,
2006,SM,IMP,p75,28.55,9.35,413.5,8.8,17,22.85,11.05,93.67,1.75,0.46,0.09,0.2,0.05,,
2006,SM,IMP,p90,28.6,11.4,420,9,24,37,14,113.8,2,0.64,0.14,0.21,0.07,,
2006,SM,MC,median,28.2,12.8,418,8.8,17,23.8,12.9,120.94,2.04,1.03,0.02,0.13,0,,
2006,SM,MC,n,25,25,25,25,25,25,25,25,8,8,8,8,8,0,0
2006,SM,MC,p10,26.8,7.9,407,8.5,13,17,8.9,73.01,1.65,0.5,0.01,0.09,0,,
2006,SM,MC,p25,27.45,10.8,412.5,8.65,14,20.4,11.2,87.11,1.82,0.66,0.01,0.11,0,,
2006,SM,MC,p75,28.9,13.8,421,8.9,18.5,30.9,14.45,146.2,2.34,1.09,0.04,0.15,0.02,,
2006,SM,MC,p90,29.2,14.6,423,8.9,20,33.2,14.8,168.48,2.42,1.16,0.09,0.18,0.03,,
2006,SM,POOL,median,28.072,8.69,409.437,8.625,14.13,19.266,10.118,80.385,1.735,0.49,0.018,0.151,0.011,,
2006,SM,POOL,n,135,135,132,135,133,133,133,133,46,46,46,46,46,,
2006,SM,POOL,p10,26.572,3.768,390.112,7.611,2.548,2.798,1.876,7.4,1.266,0.259,0.011,0.115,0.001,,
2006,SM,POOL,p25,27.412,7.047,403.021,8.407,9.243,13.231,7.507,49.956,1.501,0.364,0.014,0.129,0.003,,
2006,SM,POOL,p75,28.509,11.819,418.852,8.791,17.572,26.423,12.878,110.872,2.102,0.779,0.053,0.192,0.032,,
2006,SM,POOL,p90,28.898,14.232,424.913,8.984,23.303,36.52,15.356,148.239,2.255,0.981,0.123,0.216,0.063,,
2006,SM,SC,median,28.35,11.35,410,8.8,16,22.75,10.95,98.02,1.99,0.85,0.02,0.12,0,,
2006,SM,SC,n,30,30,30,30,30,30,30,30,11,11,11,11,11,0,0
2006,SM,SC,p10,27.45,8.2,400.5,8.5,11.5,18,9.3,76.2,1.7,0.57,0.01,0.11,0,,
2006,SM,SC,p25,27.7,9.1,406,8.6,13,19.3,10.3,84.31,1.79,0.61,0.01,0.12,0,,
2006,SM,SC,p75,28.8,13.8,419,8.9,19,29.1,14.4,129.77,2.18,0.89,0.02,0.14,0.01,,
2006,SM,SC,p90,29.35,15.25,425.5,9.1,21.5,35.55,15.4,151.98,2.31,1,0.05,0.17,0.03,,
2006,SP,BWC,median,16.55,11.95,481,8.6,7,9.95,4.55,24.75,2.32,1.54,0.02,0.08,0.01,,
2006,SP,BWC,n,60,60,60,60,60,60,60,60,21,21,21,21,21,0,0
2006,SP,BWC,p10,15.2,10.25,352.5,8.2,3,3.15,2.7,10.22,0.69,0.01,0.02,0.05,0.01,,
2006,SP,BWC,p25,15.8,11.2,427.5,8.4,5,7,3.8,17.79,1.44,0.34,0.02,0.06,0.01,,
2006,SP,BWC,p75,18.35,14.2,516.5,8.7,9,14.25,5.25,29.11,3.57,2.94,0.04,0.1,0.01,,
2006,SP,BWC,p90,19.45,16.85,537.5,8.95,11.5,19.1,6.9,42.73,4.57,3.84,0.06,0.15,0.02,,
2006,SP,IMP,median,15,10.9,536,8.4,9,13,4.3,18.94,4.79,4.35,0.02,0.08,0.02,,
2006,SP,IMP,n,25,25,25,25,25,25,25,25,8,8,8,8,8,0,0
2006,SP,IMP,p10,14.1,10.6,474,8.3,6,8.5,3.8,16.64,1.94,1.22,0.02,0.07,0.01,,
2006,SP,IMP,p25,14.3,10.7,507,8.3,8,11.5,4.15,17.36,3.81,3.23,0.02,0.08,0.02,,
2006,SP,IMP,p75,15.8,11.15,547,8.4,10.5,15.65,4.65,21.36,4.95,4.44,0.03,0.1,0.02,,
2006,SP,IMP,p90,16.9,13.4,549,8.6,12,18.6,4.8,27.41,5.01,4.48,0.05,0.11,0.02,,
2006,SP,MC,median,14.2,10,536,8.4,9,13.3,4.5,20.15,3.9,3.27,0.02,0.09,0.02,,
2006,SP,MC,n,25,25,25,25,25,25,25,25,8,8,8,8,8,0,0
2006,SP,MC,p10,13.4,9.7,516,8.2,8,11.5,3.9,14.34,3.6,3.03,0.02,0.08,0.01,,
2006,SP,MC,p25,13.6,9.8,521,8.2,8,12.2,4.15,15.49,3.68,3.09,0.02,0.08,0.01,,
2006,SP,MC,p75,14.9,10.3,542.5,8.5,9,14.45,4.6,22.27,4.94,4.35,0.04,0.09,0.02,,
2006,SP,MC,p90,15,10.6,551,8.5,12,23.6,4.9,23.18,5.59,5.12,0.06,0.1,0.02,,
2006,SP,POOL,median,14.983,10.828,530.009,8.362,7.895,12.942,4.419,19.664,4.335,3.503,0.017,0.081,0.015,,
2006,SP,POOL,n,140,140,140,140,140,140,140,140,47,47,47,47,47,,
2006,SP,POOL,p10,13.828,9.932,443.941,8.164,5.097,7.264,3.725,14.797,0.992,0.046,0.013,0.059,0.006,,
2006,SP,POOL,p25,14.204,10.393,487.681,8.265,6.781,10.955,4.107,17.327,2.979,2.41,0.016,0.072,0.009,,
2006,SP,POOL,p75,16.283,11.808,542.778,8.482,9.033,14.728,4.655,23.25,4.898,4.386,0.027,0.092,0.017,,
2006,SP,POOL,p90,17.75,13.924,548.654,8.657,11.005,18.405,5.137,29.059,5.014,4.476,0.048,0.106,0.019,,
2006,SP,SC,median,14.95,10.65,508.5,8.45,8,13.15,4.55,19.85,4.31,3.46,0.02,0.08,0.02,,
2006,SP,SC,n,30,30,30,30,30,30,30,30,10,10,10,10,10,0,0
2006,SP,SC,p10,13.65,9.9,477,8.2,7,8.75,4.05,16.09,3.24,2.59,0.02,0.06,0.01,,
2006,SP,SC,p25,14,10.1,488,8.3,8,12,4.2,17.85,3.87,3.18,0.02,0.07,0.01,,
2006,SP,SC,p75,16.1,11.8,539,8.5,9,14.5,4.7,24.39,4.9,4.24,0.03,0.09,0.02,,
2006,SP,SC,p90,16.7,14,550,8.75,10,16.8,5.1,31.65,5.29,4.67,0.05,0.1,0.02,,
2006,WN,BWC,median,1.4,14.8,484,8.2,4,3,1.8,6.19,2.61,2.23,0.02,0.06,0.01,5,0
2006,WN,BWC,n,54,54,54,54,52,52,52,52,20,20,20,20,20,54,54
2006,WN,BWC,p10,0.25,12.05,426.5,7.2,3,1.85,1.3,3.3,0.8,0.02,0,0.04,0.01,0,0
2006,WN,BWC,p25,0.6,13.9,468,7.8,3,2.2,1.35,4.26,1.18,0.37,0.01,0.05,0.01,0,0
2006,WN,BWC,p75,2.1,16.8,497,8.3,5.5,5.4,3.05,13.36,3.13,2.74,0.03,0.08,0.02,13,0
2006,WN,BWC,p90,4.35,19.4,533.5,8.5,10.5,13.05,5,23.6,3.28,2.89,0.11,0.09,0.02,21.5,0
2006,WN,IMP,median,1,14.1,495,8.3,4,2.9,1.4,4.58,3.07,2.66,0.03,0.06,0.02,0,0
2006,WN,IMP,n,25,25,25,25,25,25,25,25,8,8,8,8,8,25,25
2006,WN,IMP,p10,0.8,13.8,472,8.2,3,2.3,1.2,3.68,2.88,2.5,0.02,0.05,0.02,0,0
2006,WN,IMP,p25,0.9,13.9,477.5,8.2,3,2.45,1.3,4.14,2.93,2.51,0.03,0.05,0.02,0,0
2006,WN,IMP,p75,1.25,14.35,504.5,8.3,4,3.85,1.55,4.96,3.17,2.69,0.03,0.06,0.02,0,0
2006,WN,IMP,p90,1.4,14.8,518,8.4,6,7.6,2.2,5.35,3.36,2.85,0.03,0.07,0.02,0,0
2006,WN,MC,median,0.2,14.7,502,8.3,4,2.4,1.3,3.37,3.19,2.74,0.04,0.06,0.02,0,0
2006,WN,MC,n,25,25,25,25,25,25,25,24,8,8,8,8,8,25,25
2006,WN,MC,p10,0.2,14,483,8.2,3,2.2,1.2,2.98,3,2.58,0.03,0.05,0.01,0,0
2006,WN,MC,p25,0.2,14.4,495.5,8.2,3,2.3,1.2,3.17,3.1,2.65,0.03,0.05,0.02,0,0
2006,WN,MC,p75,0.35,14.75,512,8.3,4,2.7,1.4,3.81,3.27,2.85,0.04,0.06,0.02,0,0
2006,WN,MC,p90,1.1,14.8,515,8.3,4,3.3,1.4,4.52,3.33,2.93,0.04,0.06,0.02,0,0
2006,WN,POOL,median,0.906,14.285,491.752,8.215,3.097,2.58,1.322,4.432,3.058,2.649,0.028,0.055,0.015,0,0
2006,WN,POOL,n,134,134,134,134,132,132,132,131,46,46,46,46,46,134,134
2006,WN,POOL,p10,0.122,13.737,465.008,7.882,2.164,2.034,1.134,3.022,1.727,1.182,0.012,0.048,0.009,0,0
2006,WN,POOL,p25,0.46,13.922,476.277,8.133,2.509,2.273,1.222,3.607,2.873,2.497,0.02,0.053,0.013,0,0
2006,WN,POOL,p75,1.294,14.768,505.021,8.277,3.767,3.632,1.523,5.11,3.192,2.746,0.033,0.059,0.016,0,0
2006,WN,POOL,p90,1.579,15.577,516.273,8.349,5.674,6.885,2.558,7.393,3.374,2.948,0.039,0.079,0.018,10.049,0
2006,WN,SC,median,0.6,14.55,477,8.2,3,2.4,1.3,4.26,3.04,2.7,0.03,0.06,0.02,0,0
2006,WN,SC,n,30,30,30,30,30,30,30,30,10,10,10,10,10,30,30
2006,WN,SC,p10,0,13.8,410.5,7.85,3,1.35,1.1,2.92,2.14,1.61,0.01,0.05,0.01,0,0
2006,WN,SC,p25,0.1,14.1,469,8,3,2.1,1.2,3.55,2.99,2.54,0.02,0.05,0.01,0,0
2006,WN,SC,p75,1.3,15.2,493,8.3,4,2.9,1.4,5.09,3.36,2.92,0.04,0.06,0.02,4,0
2006,WN,SC,p90,1.85,16.2,516,8.35,5,5.4,1.8,6.12,3.41,2.97,0.05,0.08,0.02,9.5,0
2007,FL,BWC,median,14.55,8.4,383,7.9,10,10.8,3.4,6.52,1.8,1.11,0.08,0.16,0.07,,
2007,FL,BWC,n,60,60,59,60,59,59,59,59,22,22,22,22,22,0,0
2007,FL,BWC,p10,13.55,4.25,367.5,7.5,3,1.95,1.35,3.54,0.84,0.04,0.06,0.09,0.02,,
2007,FL,BWC,p25,14,7,372.5,7.8,5,4.55,2.1,4.7,1.31,0.23,0.07,0.12,0.03,,
2007,FL,BWC,p75,14.95,9,439,8,16,22.85,5.05,12.28,1.89,1.19,0.09,0.2,0.08,,
2007,FL,BWC,p90,19.05,9.2,462.5,8.15,22,33.95,8.65,20.9,2.65,1.95,0.21,0.24,0.09,,
2007,FL,IMP,median,13.9,8.6,398,8.3,8,9.5,2.3,3.76,2.34,1.83,0.08,0.14,0.06,,
2007,FL,IMP,n,25,25,25,25,25,25,25,25,8,8,8,7,7,0,0
2007,FL,IMP,p10,13.3,7.8,377,7.9,4,2.8,1.3,2.98,1.67,1.13,0.06,0.12,0.05,,
2007,FL,IMP,p25,13.65,8.2,386.5,8.05,6.5,6.5,1.9,3.37,1.89,1.3,0.07,0.13,0.06,,
2007,FL,IMP,p75,14.3,8.95,442.5,8.3,11,17.2,3.35,4.31,2.81,2.09,0.09,0.15,0.07,,
2007,FL,IMP,p90,14.8,9.1,452,8.3,14,20.6,4.1,4.86,2.95,2.25,0.09,0.18,0.08,,
2007,FL,MC,median,16.4,8.2,389,8.1,25,38.1,8.5,9.07,2.15,1.37,0.07,0.2,0.08,,
2007,FL,MC,n,25,25,25,25,25,25,25,25,8,8,8,8,8,0,0
2007,FL,MC,p10,15.8,7.2,380,8,18,25.7,5.9,6.52,2.07,1.33,0.06,0.18,0.07,,
2007,FL,MC,p25,16.1,7.35,385,8,20,31.45,6.85,7.52,2.09,1.34,0.07,0.19,0.08,,
2007,FL,MC,p75,18.9,8.4,394.5,8.1,35.5,56.6,10.05,10.34,2.24,1.53,0.07,0.21,0.09,,
2007,FL,MC,p90,19.1,8.4,408,8.2,48,78.3,11.4,11.06,3.01,2.15,0.08,0.24,0.09,,
2007,FL,POOL,median,14.359,8.33,395.012,8.023,9.983,15.225,3.393,4.619,2.085,1.368,0.075,0.154,0.069,,
2007,FL,POOL,n,140,140,139,140,139,139,139,139,48,48,48,47,47,,
2007,FL,POOL,p10,13.382,7.081,372.629,7.771,3.862,3.258,1.607,3.235,1.637,0.986,0.056,0.109,0.029,,
2007,FL,POOL,p25,13.758,7.796,378.664,7.904,6.545,7.667,2.102,3.627,1.833,1.178,0.065,0.133,0.056,,
2007,FL,POOL,p75,15.826,8.756,434.486,8.202,18.512,28.682,6.619,7.859,2.493,1.958,0.082,0.195,0.08,,
2007,FL,POOL,p90,18.855,9.071,450.446,8.262,31.299,49.115,9.449,10.161,2.864,2.111,0.09,0.209,0.084,,
2007,FL,SC,median,15.85,8.3,404,8,16,24.95,5.35,6.41,1.99,1.29,0.08,0.19,0.08,,
2007,FL,SC,n,30,30,30,30,30,30,30,30,10,10,10,10,10,0,0
2007,FL,SC,p10,13.9,7.1,370,7.9,8,9.75,2.95,3.7,1.82,1.23,0.06,0.16,0.06,,
2007,FL,SC,p25,14.3,7.8,374,8,12,17.2,3.8,4.42,1.92,1.25,0.07,0.17,0.07,,
2007,FL,SC,p75,16.2,8.5,433,8.1,25,36.4,8.1,8.29,2.3,1.51,0.08,0.2,0.08,,
2007,FL,SC,p90,19.25,9.2,444.5,8.2,47,76.75,11.6,9.29,3.15,2.21,0.1,0.22,0.09,,
2007,SM,BWC,median,25.6,5.6,434,8,7,9.2,6.3,21.51,1.12,0.01,0.03,0.25,0.1,,
2007,SM,BWC,n,61,61,60,61,61,61,61,61,21,21,21,21,21,0,0
2007,SM,BWC,p10,23.05,0.45,373.5,7.1,2,3.15,1.85,5.83,0.94,0.01,0.01,0.13,0.02,,
2007,SM,BWC,p25,24.05,1.35,419,7.3,4,4.7,3.2,9.03,1.03,0.01,0.02,0.16,0.04,,
2007,SM,BWC,p75,27.6,8.8,452,8.6,13,20.75,9.25,35,1.29,0.01,0.06,0.39,0.2,,
2007,SM,BWC,p90,28.95,10.8,477,8.8,17.5,32.35,14,49,1.37,0.06,0.09,1.08,0.66,,
2007,SM,IMP,median,27.8,9.3,432,8.7,5,6,3.4,10.54,0.96,0.03,0.03,0.18,0.1,,
2007,SM,IMP,n,25,25,25,25,25,25,25,25,8,8,8,8,8,0,0
2007,SM,IMP,p10,24.1,6.3,397,8.1,1,1.3,1.6,2.48,0.75,0.01,0.02,0.15,0.05,,
2007,SM,IMP,p25,25.45,8.2,420.5,8.4,2,2.25,1.85,4.1,0.82,0.01,0.02,0.17,0.06,,
2007,SM,IMP,p75,28.7,10.95,439,8.85,6,7.75,4.5,20.11,1.04,0.04,0.04,0.4,0.18,,
2007,SM,IMP,p90,29.2,12,442,9.1,8,10.7,5.7,24.2,1.05,0.11,0.05,0.59,0.37,,
2007,SM,MC,median,26.7,10.7,438,8.9,14,22.9,8.1,45.64,1.07,0.05,0.01,0.16,0.04,,
2007,SM,MC,n,25,25,25,25,25,25,25,24,8,8,8,8,8,0,0
2007,SM,MC,p10,25.1,8.7,432,8.5,5,5,3,12.16,0.95,0.01,0.01,0.15,0.01,,
2007,SM,MC,p25,25.2,9.25,434,8.85,11,15.55,6.7,32.04,1.05,0.01,0.01,0.15,0.02,,
2007,SM,MC,p75,27.35,11.3,445,9.1,15.5,25.7,10.8,53.48,1.16,0.2,0.02,0.18,0.09,,
2007,SM,MC,p90,28.4,11.6,446,9.1,17,29.1,13.1,63.33,1.26,0.39,0.04,0.21,0.13,,
2007,SM,POOL,median,26.996,9.2,433.732,8.682,5.989,8.347,4.63,20.139,1.026,0.015,0.019,0.173,0.062,,
2007,SM,POOL,n,140,140,139,140,140,140,140,139,47,47,47,47,47,,
2007,SM,POOL,p10,24.007,2.787,399.985,7.653,1.18,1.683,1.721,3.538,0.765,0.005,0.007,0.147,0.032,,
2007,SM,POOL,p25,25.093,7.116,424.248,8.313,3.576,4.763,2.936,8.123,0.926,0.005,0.01,0.155,0.042,,
2007,SM,POOL,p75,28.158,10.791,440.754,8.851,11.307,16.743,7.488,34.133,1.073,0.055,0.036,0.282,0.153,,
2007,SM,POOL,p90,28.964,11.557,447.344,9.026,14.899,25.365,10.651,46.439,1.293,0.127,0.049,0.5,0.2,,
2007,SM,SC,median,26.9,10,437,8.8,12,16.3,7.2,33.27,1.02,0.09,0.01,0.17,0.05,,
2007,SM,SC,n,29,29,29,29,29,29,29,29,10,10,10,10,10,0,0
2007,SM,SC,p10,25,6.7,427.5,8.25,7,9.3,4.6,20.11,0.91,0.01,0,0.15,0.04,,
2007,SM,SC,p25,25.4,8.35,430.5,8.5,9,11.2,5.35,23.86,0.97,0.01,0.01,0.15,0.04,,
2007,SM,SC,p75,28.15,11.1,441.5,8.9,13.5,22.45,8.25,38.7,1.1,0.11,0.03,0.18,0.07,,
2007,SM,SC,p90,28.5,11.7,444.5,9.05,17,26.5,11.25,42.28,1.92,0.11,0.1,0.34,0.12,,
2007,SP,BWC,median,17.1,13.8,422.5,9,12,21.5,9.65,68.96,3.13,1.74,0.01,0.13,0,,
2007,SP,BWC,n,60,60,60,60,60,60,60,60,21,21,21,21,21,0,0
2007,SP,BWC,p10,13.85,10.45,324.5,8.4,8,11.75,7.25,24.19,1.3,0.01,0,0.1,0,,
2007,SP,BWC,p25,15.15,12.95,382,8.85,9.5,16.55,8.3,61.49,2.24,0.52,0.01,0.12,0,,
2007,SP,BWC,p75,18.05,14.35,451.5,9.1,15,28.9,10.85,78.94,3.47,2.12,0.02,0.16,0.01,,
2007,SP,BWC,p90,19.45,15.85,474,9.15,23,37.05,13.4,94.46,3.76,2.37,0.03,0.21,0.03,,
2007,SP,IMP,median,14.1,13.7,456,9,13,26.3,9.3,70.78,3.43,2.18,0.01,0.12,0,,
2007,SP,IMP,n,25,25,25,25,25,25,25,25,8,8,8,8,5,0,0
2007,SP,IMP,p10,12.2,12.3,425,8.9,11,22.1,8.6,63.37,3.29,1.91,0.01,0.09,0,,
2007,SP,IMP,p25,12.3,12.65,439.5,8.9,12,24.3,8.95,66.73,3.35,2.02,0.01,0.1,0,,
2007,SP,IMP,p75,16.8,14.4,462.5,9.1,17.5,31.75,10.45,78.26,3.69,2.45,0.02,0.16,0.01,,
2007,SP,IMP,p90,17,14.7,466,9.1,25,44.1,11.6,86.18,4.12,2.76,0.04,0.18,0.01,,
2007,SP,MC,median,13.6,12.5,460,8.9,12,22.2,8.3,60.97,3.94,2.6,0.01,0.14,0.01,,
2007,SP,MC,n,25,25,25,25,25,25,25,25,8,8,8,8,7,0,0
2007,SP,MC,p10,12.1,11.6,444,8.7,11,20.2,7.6,56.18,3.47,2.2,0.01,0.12,0.01,,
2007,SP,MC,p25,13.35,12,450,8.8,11,20.8,7.85,57.66,3.68,2.41,0.01,0.12,0.01,,
2007,SP,MC,p75,13.75,13.05,465.5,8.9,14,26.5,9.5,67.93,4.08,2.8,0.02,0.19,0.01,,
2007,SP,MC,p90,15.8,13.3,469,8.9,19,35.1,11.2,71.58,4.13,2.87,0.02,0.22,0.02,,
2007,SP,POOL,median,14.43,13.407,454.301,8.893,12.399,24.899,9.15,69.478,3.354,2.157,0.011,0.123,0.004,,
2007,SP,POOL,n,140,140,140,140,140,140,140,140,47,47,47,47,43,,
2007,SP,POOL,p10,12.181,11.527,414.584,8.712,9.682,19.027,7.772,56.465,2.835,1.542,0.006,0.09,0.002,,
2007,SP,POOL,p25,13.544,12.565,425.359,8.815,10.779,21.789,8.547,63.166,3.232,1.93,0.01,0.106,0.003,,
2007,SP,POOL,p75,16.757,13.99,462.523,8.984,14.509,29.626,10.123,76.762,3.704,2.416,0.014,0.151,0.008,,
2007,SP,POOL,p90,17.923,14.656,469.205,9.069,20.682,36.594,11.568,83.766,4.039,2.751,0.026,0.179,0.012,,
2007,SP,SC,median,15.55,13.5,455.5,9,12,24.8,9.05,70.39,3.24,2.14,0.01,0.11,0.01,,
2007,SP,SC,n,30,30,30,30,30,30,30,30,10,10,10,10,10,0,0
2007,SP,SC,p10,13.4,12.3,419.5,8.8,10.5,21.35,8.3,53.85,2.94,1.78,0,0.09,0,,
2007,SP,SC,p25,13.8,12.9,425,8.9,11,22.2,8.6,62.23,3.02,1.87,0.01,0.09,0,,
2007,SP,SC,p75,16.6,14,467,9,14,26.2,9.9,77.85,3.29,2.22,0.01,0.13,0.01,,
2007,SP,SC,p90,16.95,14.25,479.5,9.1,16,29.45,10.95,82.53,3.52,2.38,0.02,0.15,0.01,,
2007,WN,BWC,median,0,12.7,481,8,3,2.8,2.2,8.55,2.51,1.74,0.11,0.09,0.02,18,6
2007,WN,BWC,n,43,43,35,43,38,38,38,37,14,14,14,14,13,43,43
2007,WN,BWC,p10,-0.1,6.95,379,7.45,3,2.15,1.6,2,1.83,0.48,0.03,0.05,0.02,11.5,3
2007,WN,BWC,p25,-0.1,11.9,461.5,7.8,3,2.5,1.9,2.3,2.34,1.56,0.07,0.06,0.02,14,4
2007,WN,BWC,p75,0.55,13.45,501,8.2,4,5.3,2.7,13.36,2.53,1.77,0.12,0.17,0.02,22.5,7
2007,WN,BWC,p90,1.3,13.8,550,8.35,7.5,13.65,4.25,23.34,2.69,1.96,0.21,0.28,0.03,29.5,9.5
2007,WN,IMP,median,0,13.5,458,8.4,3,2.9,2,9.27,2.59,1.88,0.07,0.06,0.02,12,8
2007,WN,IMP,n,25,25,25,25,25,25,25,25,8,8,8,7,7,25,25
2007,WN,IMP,p10,-0.1,12.1,450,8,3,1.7,1.4,1.34,2.01,1.5,0.04,0.04,0.02,8,2
2007,WN,IMP,p25,-0.1,12.7,452.5,8.1,3,2.35,1.8,2.06,2.48,1.71,0.05,0.05,0.02,9,5.5
2007,WN,IMP,p75,0,13.75,475,8.5,4,3.5,2.25,10.65,2.76,2.12,0.11,0.07,0.02,14.5,11
2007,WN,IMP,p90,0.1,13.9,490,8.5,4,3.8,2.5,13.84,2.8,2.15,0.16,0.07,0.02,19,15
2007,WN,MC,median,-0.1,13.7,474,8.3,3,3.2,1.9,3.14,2.64,1.85,0.1,0.06,0.02,15,6
2007,WN,MC,n,25,25,25,25,25,25,25,25,8,8,8,8,8,25,25
2007,WN,MC,p10,-0.1,13.1,443,7.8,3,2.2,1.7,1.46,2.34,1.76,0.05,0.05,0.01,5,3
2007,WN,MC,p25,-0.1,13.25,460,7.9,3,2.45,1.75,2,2.43,1.79,0.08,0.06,0.02,12,4.5
2007,WN,MC,p75,-0.1,14.25,484,8.5,4,3.4,2.15,10.53,2.82,2.05,0.11,0.06,0.02,19,7.5
2007,WN,MC,p90,0,14.5,498,8.5,4,3.7,2.5,11.43,2.84,2.17,0.14,0.06,0.02,22,9
2007,WN,POOL,median,-0.097,13.415,464.394,8.195,2.867,2.864,1.997,8.781,2.529,1.766,0.087,0.059,0.018,13.396,5.992
2007,WN,POOL,n,123,123,115,123,118,118,118,116,40,40,40,39,35,123,123
2007,WN,POOL,p10,-0.181,11.915,439.818,7.753,2.13,1.998,1.531,1.495,2.27,1.288,0.034,0.051,0.014,7.616,1.861
2007,WN,POOL,p25,-0.15,12.805,452.307,7.961,2.406,2.409,1.713,2.146,2.438,1.701,0.052,0.054,0.015,9.773,3.967
2007,WN,POOL,p75,-0.024,13.727,483.593,8.391,3.524,3.483,2.308,11.106,2.715,1.994,0.13,0.066,0.021,17.875,8.868
2007,WN,POOL,p90,0.081,14.078,497.893,8.476,3.966,4.406,2.638,14.099,2.813,2.135,0.173,0.145,0.022,21.686,10.991
2007,WN,SC,median,-0.05,13.55,464.5,8.25,4,3.3,2.2,9.51,2.54,1.77,0.12,0.07,0.02,14,6.5
2007,WN,SC,n,30,30,30,30,30,30,30,29,10,10,10,10,7,30,30
2007,WN,SC,p10,-0.1,12.9,435,7.8,3,2.2,1.7,2,2.34,1.57,0.05,0.06,0.02,9.5,2
2007,WN,SC,p25,-0.1,13.2,441,7.9,3,2.4,1.7,2.36,2.46,1.73,0.09,0.06,0.02,10,3
2007,WN,SC,p75,0,14.1,483,8.5,4,3.7,2.6,12.57,2.8,1.94,0.17,0.11,0.02,18,7
2007,WN,SC,p90,0.05,14.35,492,8.55,5,5.05,2.8,14.44,2.85,2.15,0.28,0.2,0.02,23,9.5
2008,FL,BWC,median,15.15,8.35,433.5,8.1,5,5.75,2.3,5.57,1.15,0.6,0.06,0.16,0.1,,
2008,FL,BWC,n,60,60,60,60,60,60,60,60,21,21,21,21,21,0,0
2008,FL,BWC,p10,12.5,2.8,395,7.55,3,2.4,1.4,2.08,0.73,0.02,0.02,0.07,0.02,,
2008,FL,BWC,p25,14.1,7.15,428,7.85,4,3.2,1.7,3.25,0.96,0.04,0.03,0.14,0.07,,
2008,FL,BWC,p75,16.95,9.25,450,8.3,7,9,3.2,10.7,1.29,0.74,0.09,0.21,0.13,,
2008,FL,BWC,p90,17.95,10.25,498.5,8.4,15.5,17.6,6,26.36,1.38,0.78,0.09,0.66,0.2,,
2008,FL,IMP,median,16.9,8.9,441,8.2,4,3,1.3,1.95,1.31,0.84,0.07,0.14,0.1,,
2008,FL,IMP,n,25,25,25,25,25,25,25,24,8,8,8,8,8,0,0
2008,FL,IMP,p10,15.8,7.6,430,8,2,0.8,0.9,1.07,1.07,0.54,0.05,0.12,0.08,,
2008,FL,IMP,p25,16.35,8.55,431.5,8.1,2,1.7,1.1,1.4,1.26,0.73,0.07,0.14,0.09,,
2008,FL,IMP,p75,17.6,9.75,448.5,8.3,6,6.95,1.85,2.63,1.46,1.01,0.09,0.17,0.11,,
2008,FL,IMP,p90,17.7,10.5,451,8.4,7,9.2,2.5,4.34,1.57,1.11,0.1,0.18,0.12,,
2008,FL,MC,median,14.7,8.7,435,8.1,5,5.8,1.8,2.77,1.33,0.86,0.07,0.16,0.11,,
2008,FL,MC,n,25,25,25,25,25,25,25,25,8,8,8,8,8,0,0
2008,FL,MC,p10,14.1,8.3,428,8.1,4,3.5,1.4,1.67,1.27,0.76,0.07,0.16,0.1,,
2008,FL,MC,p25,14.45,8.55,431.5,8.1,4,3.95,1.5,1.88,1.28,0.78,0.07,0.16,0.11,,
2008,FL,MC,p75,14.95,8.7,437.5,8.2,5,6.8,1.9,4.14,1.36,0.9,0.08,0.17,0.12,,
2008,FL,MC,p90,16.6,9.1,440,8.3,5,7.3,2,5.37,1.46,1.02,0.08,0.19,0.13,,
2008,FL,POOL,median,16.158,8.712,437.042,8.124,4.151,5.258,1.711,2.431,1.297,0.781,0.072,0.155,0.102,,
2008,FL,POOL,n,140,140,140,140,140,140,140,139,47,47,47,47,47,,
2008,FL,POOL,p10,14.251,7.169,427.474,7.858,2,1.562,0.972,1.274,0.895,0.362,0.029,0.12,0.064,,
2008,FL,POOL,p25,14.823,8.282,430.081,8.012,2.792,2.696,1.27,1.659,1.248,0.665,0.062,0.14,0.089,,
2008,FL,POOL,p75,16.989,9.14,448.225,8.23,5.759,7.2,2.127,4.571,1.383,0.915,0.079,0.165,0.11,,
2008,FL,POOL,p90,17.563,10.102,452.791,8.31,7.64,9.647,2.846,6.636,1.547,1.139,0.088,0.182,0.124,,
2008,FL,SC,median,15.55,8.8,446.5,8.2,5.5,6.25,1.9,2.63,1.39,0.8,0.08,0.16,0.11,,
2008,FL,SC,n,30,30,30,30,30,30,30,30,10,10,10,10,10,0,0
2008,FL,SC,p10,14.65,7.8,427.5,7.95,4,3.9,1.5,1.67,1.15,0.62,0.06,0.14,0.08,,
2008,FL,SC,p25,14.9,8.6,430,8.1,4,4.9,1.7,1.95,1.25,0.76,0.07,0.14,0.08,,
2008,FL,SC,p75,16.3,9.1,454,8.3,7,9.2,2.2,4.68,1.55,1.16,0.08,0.16,0.11,,
2008,FL,SC,p90,17.1,9.35,459,8.3,9,9.95,2.8,5.64,1.65,1.23,0.08,0.19,0.12,,
2008,SM,BWC,median,26.6,8.1,441,8.2,9,8.4,4.3,15.85,1.58,0.54,0.04,0.17,0.07,,
2008,SM,BWC,n,61,61,61,61,58,58,58,58,23,23,23,23,23,0,0
2008,SM,BWC,p10,23.9,0.9,335,7.25,3.5,2.85,1.8,3.32,0.76,0.01,0.02,0.12,0.03,,
2008,SM,BWC,p25,25.2,5.35,356,7.75,5,4,2.5,7.63,1.01,0.01,0.03,0.15,0.06,,
2008,SM,BWC,p75,27.3,10.5,467,8.5,12,13.3,7.1,27.27,1.94,1.01,0.05,0.29,0.1,,
2008,SM,BWC,p90,27.65,12.25,481.5,8.6,15,19.25,10.25,46.98,2.19,1.21,0.1,0.55,0.23,,
2008,SM,IMP,median,26.9,10,465,8.7,9,6.1,4,12.37,1.62,0.72,0.04,0.14,0.06,,
2008,SM,IMP,n,25,25,25,25,25,25,25,25,8,8,8,8,8,0,0
2008,SM,IMP,p10,26.5,8.3,437,8.4,2,0.8,1.4,2.76,0.69,0.06,0.02,0.07,0.02,,
2008,SM,IMP,p25,26.7,9.4,451,8.6,2,1.35,1.95,6.45,1.05,0.31,0.02,0.08,0.02,,
2008,SM,IMP,p75,27.35,11.5,470.5,8.8,11.5,9.85,5.6,23.79,1.83,0.9,0.05,0.16,0.07,,
2008,SM,IMP,p90,28,14,474,9.1,13,12.5,7,33.68,1.94,1.04,0.06,0.18,0.08,,
2008,SM,MC,median,26,9.1,480,8.3,11,10.8,5.1,21.56,2.17,1.33,0.02,0.16,0.07,,
2008,SM,MC,n,25,25,25,25,25,25,25,25,8,8,8,8,8,0,0
2008,SM,MC,p10,25.5,8.6,450,8.2,8,8.9,4,16.55,1.96,1.21,0.02,0.15,0.07,,
2008,SM,MC,p25,25.75,8.75,470,8.2,10,9.8,4.8,19.96,2.05,1.26,0.02,0.15,0.07,,
2008,SM,MC,p75,26.3,9.5,490.5,8.35,12,13.05,5.6,26.92,2.35,1.46,0.02,0.16,0.08,,
2008,SM,MC,p90,26.6,9.8,494,8.5,15,21.9,6.2,32.42,2.42,1.55,0.03,0.16,0.09,,
2008,SM,POOL,median,26.695,9.426,463.787,8.45,9.296,9.219,4.874,18.695,1.757,0.781,0.03,0.152,0.067,,
2008,SM,POOL,n,141,141,141,141,138,138,138,138,49,49,49,49,49,,
2008,SM,POOL,p10,25.572,5.862,398.311,7.943,2,1.266,1.764,3.897,0.8,0.005,0.017,0.068,0.017,,
2008,SM,POOL,p25,25.997,8.45,448.107,8.211,3.998,4.065,3.131,9.314,1.238,0.423,0.02,0.128,0.052,,
2008,SM,POOL,p75,27.108,10.709,471.633,8.614,11.343,11.67,5.939,26.09,2.024,1.153,0.045,0.168,0.079,,
2008,SM,POOL,p90,27.814,12.549,483.429,8.786,13.438,17.569,7.995,33.543,2.255,1.351,0.053,0.205,0.095,,
2008,SM,SC,median,26.35,8.7,461.5,8.35,10,11.05,5.1,20.87,2.07,1,0.03,0.17,0.08,,
2008,SM,SC,n,30,30,30,30,30,30,30,30,10,10,10,10,10,0,0
2008,SM,SC,p10,25.65,5.95,422,8,4,5.9,3.1,9.38,1.53,0.61,0.02,0.15,0.06,,
2008,SM,SC,p25,25.9,7.8,454,8.2,8,6.9,3.7,12.79,1.82,0.79,0.02,0.15,0.07,,
2008,SM,SC,p75,27,9.7,475,8.5,12,12.6,7.3,26.85,2.25,1.34,0.04,0.18,0.09,,
2008,SM,SC,p90,27.5,11.65,489.5,8.65,18.5,18.5,9.2,33.33,2.33,1.42,0.05,0.22,0.11,,
2008,SP,BWC,median,11.5,11.3,292.5,8.2,9.5,12.75,4.2,18.33,2.38,1.55,0.02,0.09,0.02,,
2008,SP,BWC,n,60,60,60,60,60,60,60,60,21,21,21,21,21,0,0
2008,SP,BWC,p10,9.35,10.4,251,8,5,4.5,2.5,11.58,1.74,0.81,0.01,0.07,0.01,,
2008,SP,BWC,p25,10,11,270.5,8.1,7,6.5,3.5,14.76,1.96,1.2,0.01,0.08,0.01,,
2008,SP,BWC,p75,12.4,12.45,359.5,8.45,12,16.7,5.7,22.93,2.5,1.77,0.02,0.11,0.03,,
2008,SP,BWC,p90,14.25,14.65,385.5,8.7,16.5,25.45,7.05,43.7,2.71,1.86,0.02,0.12,0.05,,
2008,SP,IMP,median,9.1,12,320,8.2,16,21.7,5.6,16.08,2.79,1.99,0.02,0.12,0.03,,
2008,SP,IMP,n,25,25,25,25,25,25,25,25,8,8,8,8,8,0,0
2008,SP,IMP,p10,8.1,11.1,282,8.1,15,19.1,4.7,14.76,2.32,1.65,0.02,0.11,0.02,,
2008,SP,IMP,p25,8.3,11.4,289.5,8.1,15,19.55,5.2,15.26,2.56,1.74,0.02,0.11,0.03,,
2008,SP,IMP,p75,9.8,12.1,337.5,8.2,19,25.5,6.15,16.84,3.01,2.1,0.03,0.13,0.03,,
2008,SP,IMP,p90,10,12.2,352,8.2,22,35.6,6.3,19.37,3.09,2.24,0.03,0.14,0.03,,
2008,SP,MC,median,10,11.3,329,8.1,15,21.1,5.1,14.98,2.87,2.17,0.02,0.11,0.03,,
2008,SP,MC,n,25,25,25,25,25,25,25,25,8,8,8,8,8,0,0
2008,SP,MC,p10,8.5,11.1,294,8,13,18.8,4.5,12.35,2.5,1.8,0.01,0.11,0.02,,
2008,SP,MC,p25,9.4,11.15,300,8.05,14.5,19.45,4.9,13.99,2.76,2,0.02,0.11,0.02,,
2008,SP,MC,p75,10.3,11.55,344.5,8.2,16,24.8,5.45,15.42,3.09,2.35,0.03,0.12,0.03,,
2008,SP,MC,p90,10.4,12.1,355,8.2,18,27,5.6,15.64,3.18,2.42,0.04,0.12,0.04,,
2008,SP,POOL,median,9.706,11.445,316.143,8.12,14.926,20.161,5.233,15.525,2.68,1.854,0.019,0.111,0.026,,
2008,SP,POOL,n,140,140,140,140,140,140,140,140,47,47,47,47,47,,
2008,SP,POOL,p10,8.197,10.788,262.056,7.94,8.097,10.184,3.803,13.138,2.162,1.382,0.013,0.088,0.021,,
2008,SP,POOL,p25,8.614,11.054,285.439,8.034,12.875,17.187,4.556,14.49,2.335,1.628,0.015,0.104,0.022,,
2008,SP,POOL,p75,10.405,12.012,342.486,8.178,16.368,24.338,5.819,16.932,2.946,2.089,0.025,0.12,0.032,,
2008,SP,POOL,p90,12.072,12.178,355.917,8.261,19.778,31.163,6.248,20.032,3.112,2.366,0.028,0.13,0.034,,
2008,SP,SC,median,9.6,11.1,283.5,8.1,14,19.3,4.85,13.99,2.47,1.78,0.02,0.11,0.03,,
2008,SP,SC,n,30,30,30,30,30,30,30,30,10,10,10,10,10,0,0
2008,SP,SC,p10,8.75,10.6,253,7.85,11,13.8,3.85,12.68,2.25,1.45,0.01,0.11,0.02,,
2008,SP,SC,p25,9.2,10.8,259,8,13,16.5,4.3,13.23,2.28,1.5,0.02,0.11,0.02,,
2008,SP,SC,p75,10.5,11.5,353,8.2,18,28.8,5.5,15.31,3.23,2.61,0.03,0.12,0.03,,
2008,SP,SC,p90,11.9,11.9,367,8.3,20,33.9,5.7,16.35,3.33,2.84,0.03,0.12,0.04,,
2008,WN,BWC,median,0,11.45,483,7.7,5,2.8,1.45,2.74,2.87,2.35,0.14,0.08,0.03,25,10.5
2008,WN,BWC,n,38,38,29,38,30,30,30,30,19,20,20,19,20,38,38
2008,WN,BWC,p10,-0.2,0.15,393.5,7.2,3,0.8,0.75,1.46,1.92,0.01,0.12,0.06,0.01,10,2
2008,WN,BWC,p25,-0.1,1.4,464,7.4,3,1.1,1.1,1.75,2.8,1.59,0.13,0.07,0.02,19,5
2008,WN,BWC,p75,0.3,12.4,505,7.8,8,10.2,2.5,12.09,3.05,2.42,0.16,0.11,0.03,31,15
2008,WN,BWC,p90,0.85,12.75,639.5,7.95,18.5,18.75,9,29.89,3.37,2.52,0.96,0.19,0.04,33.5,18.5
2008,WN,IMP,median,-0.1,12,504.5,7.8,3,1.1,0.8,1.46,3.54,2.92,0.12,0.07,0.03,32,6
2008,WN,IMP,n,24,24,24,24,24,23,23,24,8,8,8,8,8,24,24
2008,WN,IMP,p10,-0.15,10.85,480,7.8,2,0.8,0.7,1.32,3.08,2.67,0.1,0.06,0.03,25.5,2
2008,WN,IMP,p25,-0.1,11.3,495,7.8,3,0.85,0.7,1.46,3.19,2.69,0.11,0.06,0.03,28.5,2
2008,WN,IMP,p75,-0.1,12.6,520,7.9,3,1.3,1,1.61,3.69,3.2,0.12,0.08,0.03,34.5,9.5
2008,WN,IMP,p90,0.1,13.25,529.5,7.9,4,1.7,1,2.32,3.74,3.26,0.13,0.1,0.03,37.5,14
2008,WN,MC,median,-0.1,12.7,493,7.8,3,0.9,0.9,1.61,3.08,2.54,0.12,0.07,0.02,19,6
2008,WN,MC,n,25,25,25,25,25,25,25,25,8,8,8,7,7,25,25
2008,WN,MC,p10,-0.1,11.7,465,7.7,2,0.5,0.6,1.46,2.91,2.34,0.1,0.06,0.02,15,3
2008,WN,MC,p25,-0.1,12.15,479.5,7.8,2,0.6,0.8,1.46,2.96,2.45,0.11,0.07,0.02,16,5
2008,WN,MC,p75,-0.1,13.4,501.5,7.8,3,1.1,0.9,1.61,3.26,2.76,0.13,0.08,0.03,23.5,11
2008,WN,MC,p90,0,13.7,505,7.8,4,1.5,1,1.75,3.58,3.12,0.14,0.09,0.04,29,12
2008,WN,POOL,median,-0.136,12.057,496.59,7.746,2.626,1.064,0.847,1.479,3.124,2.667,0.119,0.07,0.026,27.676,6.924
2008,WN,POOL,n,114,114,105,114,106,105,105,106,45,46,46,44,45,114,114
2008,WN,POOL,p10,-0.196,4.931,463.337,7.473,2,0.634,0.639,1.191,2.819,2.284,0.098,0.056,0.019,14.821,1.26
2008,WN,POOL,p25,-0.174,11.246,478.369,7.682,2.195,0.776,0.719,1.369,2.947,2.392,0.108,0.062,0.023,21.123,2.876
2008,WN,POOL,p75,-0.094,12.581,515.322,7.796,3.238,1.55,0.987,1.746,3.613,2.928,0.133,0.083,0.029,31.847,9.997
2008,WN,POOL,p90,0.204,13.325,528.29,7.863,6.021,7.73,1.902,5.566,3.729,3.193,0.143,0.105,0.033,34.662,13.745
2008,WN,SC,median,-0.1,12.1,479,7.7,3,1.1,0.9,1.46,3.03,2.42,0.14,0.07,0.03,23,6
2008,WN,SC,n,27,27,27,27,27,27,27,27,10,10,10,10,10,27,27
2008,WN,SC,p10,-0.1,11.3,464,7.7,3,0.7,0.7,1.16,2.83,2.37,0.1,0.06,0.02,12.5,2
2008,WN,SC,p25,-0.1,11.6,467,7.7,3,0.75,0.8,1.32,2.88,2.37,0.12,0.07,0.02,19,4
2008,WN,SC,p75,0,12.25,504.5,7.8,3.5,1.6,1,1.54,3.1,2.6,0.14,0.08,0.03,28,10
2008,WN,SC,p90,0,12.85,520,7.9,5.5,6.9,1.65,1.75,3.6,3.09,0.15,0.27,0.04,32.5,11
2009,FL,BWC,median,10.05,9.8,412,8.1,4,3.65,1.65,5.93,1.34,0.65,0.04,0.13,0.07,,
2009,FL,BWC,n,60,60,60,60,60,60,60,60,21,21,21,21,21,0,0
2009,FL,BWC,p10,6.7,6.05,368,7.6,2,1.1,1,2.16,0.78,0.01,0.01,0.03,0.01,,
2009,FL,BWC,p25,8.6,8.2,395,7.8,3,2.05,1.2,2.99,1.03,0.01,0.01,0.11,0.03,,
2009,FL,BWC,p75,10.7,11.05,442.5,8.2,7,7.15,3.4,13.39,1.46,0.85,0.06,0.16,0.09,,
2009,FL,BWC,p90,11.45,12.75,496,8.45,14,14.7,5.95,34.21,1.51,0.92,0.08,0.22,0.12,,
2009,FL,IMP,median,8.5,10.5,415,8.3,2,1.1,0.9,2.16,1.43,0.84,0.05,0.16,0.09,,
2009,FL,IMP,n,25,25,25,25,25,25,24,25,8,8,8,8,8,0,0
2009,FL,IMP,p10,7.7,9.4,404,8.1,1,0.4,0.75,1.52,1.33,0.73,0.03,0.12,0.07,,
2009,FL,IMP,p25,8.3,9.85,407.5,8.2,2,0.65,0.8,1.71,1.36,0.78,0.04,0.13,0.08,,
2009,FL,IMP,p75,10.25,12.05,422.5,8.35,2,2.15,1.1,3.11,1.49,0.92,0.06,0.18,0.13,,
2009,FL,IMP,p90,10.9,13.3,434,8.5,3,3,1.65,3.82,1.58,1.02,0.07,0.18,0.14,,
2009,FL,MC,median,9,10.5,407,8.3,3,2.1,1.1,2.03,1.41,0.94,0.06,0.14,0.11,,
2009,FL,MC,n,25,25,25,25,25,25,25,25,8,8,8,8,8,0,0
2009,FL,MC,p10,8.3,10.4,398,8.2,2,1.3,1,1.64,1.28,0.68,0.05,0.14,0.1,,
2009,FL,MC,p25,8.8,10.4,402,8.2,2,1.75,1,1.64,1.36,0.72,0.05,0.14,0.1,,
2009,FL,MC,p75,9.15,10.65,429.5,8.3,3,3,1.3,2.41,1.45,0.95,0.08,0.18,0.14,,
2009,FL,MC,p90,9.2,10.9,434,8.3,3,3.4,1.4,3.05,1.45,0.97,0.11,0.19,0.15,,
2009,FL,POOL,median,8.912,10.432,412.517,8.197,1.951,2.071,1.063,2.388,1.415,0.849,0.051,0.138,0.099,,
2009,FL,POOL,n,140,140,140,140,140,140,139,140,47,47,47,47,47,,
2009,FL,POOL,p10,7.644,8.983,393.734,7.945,1.049,0.545,0.745,1.456,1.248,0.413,0.016,0.112,0.051,,
2009,FL,POOL,p25,8.31,9.883,404.278,8.111,1.387,1.041,0.861,1.758,1.34,0.716,0.04,0.128,0.074,,
2009,FL,POOL,p75,10.122,10.897,425.861,8.278,2.769,3.137,1.31,3.836,1.479,0.933,0.065,0.175,0.119,,
2009,FL,POOL,p90,10.799,12.421,436.722,8.408,4.308,4.972,2.613,6.85,1.617,0.988,0.074,0.18,0.141,,
2009,FL,SC,median,8.8,10.6,413,8.25,3,3.05,1.2,2.8,1.52,0.96,0.07,0.17,0.11,,
2009,FL,SC,n,30,30,30,30,30,30,30,30,10,10,10,10,10,0,0
2009,FL,SC,p10,8.3,10.2,394.5,8.15,2,1.45,0.9,1.46,1.38,0.72,0.04,0.14,0.08,,
2009,FL,SC,p25,8.3,10.3,405,8.2,2,2.5,1,1.77,1.42,0.87,0.05,0.14,0.1,,
2009,FL,SC,p75,9.3,10.9,427,8.3,4,4.4,1.3,5.48,1.62,1,0.07,0.18,0.12,,
2009,FL,SC,p90,10.15,11.45,434.5,8.4,4.5,5.8,1.75,6.5,1.69,1.03,0.08,0.19,0.14,,
2009,SM,BWC,median,22.8,4.9,448.5,7.9,5,5.4,3.3,10.15,1.14,0.39,0.03,0.18,0.09,,
2009,SM,BWC,n,60,60,60,60,60,60,60,60,21,21,21,21,21,0,0
2009,SM,BWC,p10,20.3,1.25,356.5,7.15,2,1.6,1.45,5.25,0.57,0.01,0.01,0.1,0.02,,
2009,SM,BWC,p25,21.45,2.5,421,7.45,3,2.5,1.9,6.68,0.89,0.01,0.02,0.15,0.05,,
2009,SM,BWC,p75,23.6,7.7,458,8.3,6.5,8.65,4.55,18.76,1.36,0.57,0.05,0.23,0.11,,
2009,SM,BWC,p90,25.05,9.8,495,8.7,10.5,14.95,9.3,34.85,1.67,0.79,0.06,0.43,0.15,,
2009,SM,IMP,median,24.4,10.8,432,8.9,4,3.4,2.2,7.76,1.15,0.43,0.03,0.17,0.08,,
2009,SM,IMP,n,25,25,25,25,25,25,25,25,8,8,8,8,8,0,0
2009,SM,IMP,p10,23.3,8.1,374,8.4,1,0.5,0.9,3.93,0.74,0.01,0.01,0.08,0.02,,
2009,SM,IMP,p25,23.85,9,408.5,8.65,2,1.45,1.35,4.83,0.85,0.14,0.02,0.13,0.05,,
2009,SM,IMP,p75,24.85,13.3,445.5,9.15,5.5,4.9,2.85,12.36,1.33,0.62,0.05,0.18,0.11,,
2009,SM,IMP,p90,26.1,16.4,449,9.4,8,5.4,4.1,29.41,1.39,0.7,0.06,0.19,0.13,,
2009,SM,MC,median,23.4,8.7,448,8.5,5,6.5,3.3,18.4,1.46,0.89,0.05,0.19,0.11,,
2009,SM,MC,n,25,25,25,25,25,25,25,25,8,8,8,8,8,0,0
2009,SM,MC,p10,23.3,7.4,442,8.3,4,4.3,2.4,9.91,1.34,0.53,0.02,0.18,0.08,,
2009,SM,MC,p25,23.4,7.95,444,8.3,4,4.8,2.8,12.78,1.41,0.67,0.03,0.18,0.09,,
2009,SM,MC,p75,23.75,9.3,459.5,8.5,8,9.05,4.4,27.19,1.69,0.95,0.07,0.19,0.12,,
2009,SM,MC,p90,23.9,9.9,462,8.6,10,10.5,5.3,56.79,1.73,1.09,0.08,0.2,0.12,,
2009,SM,POOL,median,23.832,8.846,443.051,8.481,3.966,4.563,2.695,11.898,1.292,0.51,0.032,0.175,0.087,,
2009,SM,POOL,n,140,140,140,140,140,140,140,140,47,47,47,47,47,,
2009,SM,POOL,p10,22.068,2.984,384.299,7.528,1.195,0.9,1.068,4.317,0.761,0.005,0.011,0.076,0.017,,
2009,SM,POOL,p25,23.292,7.31,423.045,8.239,2.522,2.397,1.607,6.187,0.992,0.263,0.017,0.16,0.066,,
2009,SM,POOL,p75,24.467,10.716,449.949,8.823,5.989,6.966,3.9,19.041,1.404,0.732,0.046,0.188,0.11,,
2009,SM,POOL,p90,25.076,13.54,461.101,9.179,8.488,10.162,5.247,33.001,1.571,0.877,0.059,0.201,0.122,,
2009,SM,SC,median,24,8.75,447.5,8.5,5.5,6.3,3.55,15.12,1.39,0.75,0.03,0.18,0.09,,
2009,SM,SC,n,30,30,30,30,30,30,30,30,10,10,10,10,10,0,0
2009,SM,SC,p10,22.9,6.3,418.5,8.1,3,2.2,1.5,5.49,1.05,0.32,0.02,0.17,0.08,,
2009,SM,SC,p25,23.5,7.6,437,8.4,5,4.1,2.3,8.96,1.29,0.59,0.02,0.17,0.08,,
2009,SM,SC,p75,24.3,9.3,452,8.6,7,8,4.1,25.58,1.47,0.82,0.04,0.2,0.11,,
2009,SM,SC,p90,25.15,10.2,459.5,8.65,9.5,13.65,5.9,39.28,1.58,0.88,0.06,0.2,0.13,,
2009,SP,BWC,median,12.8,12.2,351.5,8.6,10,14.75,6.25,33.41,1.57,0.53,0.03,0.1,0.01,,
2009,SP,BWC,n,60,60,60,60,60,60,60,60,21,21,21,21,21,0,0
2009,SP,BWC,p10,9.8,10.55,299.5,8.3,6,5.6,3.3,11.7,0.95,0.01,0.02,0.08,0.01,,
2009,SP,BWC,p25,10.4,11.3,342.5,8.5,8,10.3,4.7,24.34,1.29,0.01,0.02,0.09,0.01,,
2009,SP,BWC,p75,13.45,13.2,391,8.7,13,18.15,7.45,42.66,1.73,0.88,0.04,0.14,0.01,,
2009,SP,BWC,p90,14.05,14.45,458.5,8.9,17,23.95,10.2,67.44,1.88,1.05,0.06,0.15,0.02,,
2009,SP,IMP,median,11,11.5,357,9.3,11,16.7,5.6,26.89,1.91,0.91,0.04,0.11,0.01,,
2009,SP,IMP,n,25,25,25,25,25,25,25,25,8,8,8,8,8,0,0
2009,SP,IMP,p10,10.5,11.2,344,8.6,8,11.1,4.5,23.38,1.7,0.7,0.02,0.08,0.01,,
2009,SP,IMP,p25,10.6,11.25,345.5,8.65,9.5,13.8,4.9,24.63,1.76,0.79,0.03,0.09,0.01,,
2009,SP,IMP,p75,12.75,12.05,379,9.5,13,20.8,6.4,34.55,1.97,1.07,0.05,0.12,0.01,,
2009,SP,IMP,p90,13.2,12.2,384,9.5,14,25.8,6.8,48.89,2.04,1.19,0.05,0.13,0.02,,
2009,SP,MC,median,10.8,11,360,8.6,11,16.3,5.2,26.44,1.81,0.89,0.04,0.1,0.02,,
2009,SP,MC,n,25,25,25,25,25,25,25,25,8,8,8,8,8,0,0
2009,SP,MC,p10,10.4,10.4,345,8.4,10,13.9,4.8,22.02,1.69,0.78,0.03,0.09,0.01,,
2009,SP,MC,p25,10.6,10.6,348,8.4,10,14.35,4.95,24.4,1.73,0.82,0.03,0.09,0.02,,
2009,SP,MC,p75,12.4,11.4,378.5,9.3,12.5,21.6,5.8,29.45,2.05,1.25,0.05,0.11,0.02,,
2009,SP,MC,p90,12.7,11.9,401,9.3,15,23.9,6.4,32.33,2.1,1.33,0.05,0.12,0.02,,
2009,SP,POOL,median,12.217,11.4,356.606,8.635,10.449,16.161,5.509,27.174,1.755,0.819,0.038,0.1,0.012,,
2009,SP,POOL,n,140,140,140,140,140,140,140,140,47,47,47,47,47,,
2009,SP,POOL,p10,10.333,10.514,342.313,8.361,7.368,10.97,4.468,22.414,1.4,0.392,0.021,0.076,0.009,,
2009,SP,POOL,p25,10.561,11.068,345.139,8.481,9.088,13.698,4.913,24.501,1.66,0.756,0.027,0.091,0.01,,
2009,SP,POOL,p75,12.753,12.041,378.306,9.255,12.189,19.323,6.267,34.644,1.92,1.04,0.045,0.111,0.014,,
2009,SP,POOL,p90,13.204,12.594,394.804,9.442,14.37,23.966,7.388,46.439,2.019,1.195,0.051,0.135,0.018,,
2009,SP,SC,median,12.4,11.1,355.5,8.6,11,16.15,5.4,28.2,1.72,0.86,0.04,0.1,0.01,,
2009,SP,SC,n,30,30,30,30,30,30,30,30,10,10,10,10,10,0,0
2009,SP,SC,p10,10.3,10.2,343,8.4,9,13.4,4.6,22.19,1.6,0.76,0.02,0.09,0.01,,
2009,SP,SC,p25,12.2,10.6,345,8.5,10,13.9,5,25.3,1.65,0.79,0.03,0.09,0.01,,
2009,SP,SC,p75,12.7,11.7,378,8.7,12,17.9,6,34.15,1.75,0.9,0.05,0.1,0.01,,
2009,SP,SC,p90,13,12.65,389,9,14,18.85,6.25,38.57,1.83,0.98,0.06,0.11,0.02,,
2009,WN,BWC,median,0.2,11.15,496,7.4,4,2.4,1.5,1.26,2.4,1.67,0.19,0.06,0.01,35,10
2009,WN,BWC,n,32,32,32,32,29,29,29,29,22,22,22,22,22,32,32
2009,WN,BWC,p10,0,1.05,438.5,7.3,3,1.1,1,1,0.96,0.11,0.03,0.04,0,21.5,2
2009,WN,BWC,p25,0.1,3.05,466.5,7.3,3,1.6,1.05,1,2.19,0.92,0.13,0.05,0.01,29,5.5
2009,WN,BWC,p75,0.9,12,620.5,7.5,5,3.95,2.95,7.11,2.49,1.84,0.25,0.06,0.02,43,12.5
2009,WN,BWC,p90,1.6,12.9,842,7.85,14.5,16,6.6,13.81,2.93,2.04,0.37,0.09,0.03,46.5,15
2009,WN,IMP,median,0,13.7,487,7.8,3,0.9,0.8,1,2.62,1.88,0.21,0.05,0.03,41.5,6
2009,WN,IMP,n,24,24,24,24,24,24,24,24,8,8,8,8,8,24,24
2009,WN,IMP,p10,-0.1,12.05,366.5,7.75,2,0.6,0.65,1,2.53,1.5,0.18,0.05,0.02,30.5,0
2009,WN,IMP,p25,-0.1,12.9,457.5,7.8,2,0.7,0.7,1,2.57,1.75,0.2,0.05,0.02,37.5,1
2009,WN,IMP,p75,0.1,13.85,493.5,7.9,3,1.7,1.15,1,2.67,2.02,0.29,0.06,0.03,45,9.5
2009,WN,IMP,p90,0.3,16,495.5,7.95,5,3.4,1.55,1.41,2.71,2.11,0.36,0.14,0.08,47.5,12
2009,WN,MC,median,0,13.2,489,7.7,2,0.8,0.9,1,2.5,1.84,0.18,0.05,0.02,25,10
2009,WN,MC,n,25,25,25,25,25,25,25,25,8,8,8,8,8,25,25
2009,WN,MC,p10,-0.1,11.9,469,7.5,2,0.5,0.7,1,2.4,1.69,0.15,0.05,0.01,18,4
2009,WN,MC,p25,-0.1,12.75,478.5,7.6,2,0.7,0.8,1,2.41,1.7,0.17,0.05,0.01,21.5,8
2009,WN,MC,p75,0,13.6,494,7.8,3,0.95,1,1,2.62,2,0.19,0.05,0.02,30,11
2009,WN,MC,p90,0,13.9,498,7.8,3,2.2,1.1,1,2.86,2.25,0.22,0.07,0.03,31,14
2009,WN,POOL,median,-0.017,12.921,485.482,7.706,2.415,0.972,0.926,1,2.56,1.812,0.198,0.053,0.023,36.393,7.972
2009,WN,POOL,n,108,108,108,108,105,105,105,105,48,48,48,48,48,108,108
2009,WN,POOL,p10,-0.169,9.241,438.829,7.313,2,0.569,0.651,1,2.258,1.229,0.141,0.047,0.009,20.487,0
2009,WN,POOL,p25,-0.121,11.847,465.782,7.474,2,0.709,0.762,1,2.462,1.692,0.173,0.052,0.014,27.859,3.639
2009,WN,POOL,p75,0.095,13.64,494.121,7.792,2.978,2.314,1.212,1,2.64,1.988,0.245,0.057,0.025,42.867,10.388
2009,WN,POOL,p90,0.381,13.857,506.827,7.869,4.64,3.949,1.954,2.478,2.723,2.111,0.288,0.079,0.031,45.39,12.38
2009,WN,SC,median,0,12.5,471,7.6,3,1.5,1,1,2.59,1.87,0.22,0.06,0.02,31,10
2009,WN,SC,n,27,27,27,27,27,27,27,27,10,10,10,10,10,27,27
2009,WN,SC,p10,-0.1,11.5,461.5,7.4,2,0.65,0.9,1,2.4,1.69,0.15,0.05,0.01,21,3.5
2009,WN,SC,p25,-0.1,11.8,466,7.5,3,0.9,0.9,1,2.51,1.73,0.18,0.05,0.02,23,7
2009,WN,SC,p75,0.1,13.15,485.5,7.7,3,2.15,1.2,1.06,2.79,2.1,0.24,0.06,0.02,38,11
2009,WN,SC,p90,0.1,13.65,501,7.9,5,2.65,1.3,1.12,3.05,2.55,0.25,0.07,0.03,43.5,12
2010,FL,BWC,median,14.55,7.5,479,7.9,7,7.45,3.75,14.84,2.65,1.88,0.03,0.16,0.06,,
2010,FL,BWC,n,60,60,60,60,60,60,60,60,21,21,21,21,21,0,0
2010,FL,BWC,p10,12.7,3.8,377,7.45,3.5,3.05,2.25,9.46,0.81,0.17,0.02,0.09,0.02,,
2010,FL,BWC,p25,13.2,5.45,456.5,7.55,5,4.25,2.95,13.02,1.93,0.93,0.02,0.13,0.04,,
2010,FL,BWC,p75,15.85,8.25,496.5,8,14,15.35,4.75,22.19,3.08,2.3,0.07,0.18,0.07,,
2010,FL,BWC,p90,16.7,9.75,524,8.3,16.5,19.45,5.8,30.31,3.46,2.65,0.11,0.2,0.08,,
2010,FL,IMP,median,16.8,7.2,467,7.8,16,18.5,4.8,11.63,3.24,2.53,0.04,0.17,0.07,,
2010,FL,IMP,n,25,25,25,25,25,25,25,25,8,8,8,8,8,0,0
2010,FL,IMP,p10,15.9,6.7,426,7.7,11,10,3.4,9.95,2.8,1.99,0.03,0.15,0.05,,
2010,FL,IMP,p25,16.4,7.05,447.5,7.8,14,13.9,4,10.3,2.95,2.18,0.03,0.16,0.06,,
2010,FL,IMP,p75,16.95,7.65,479,7.85,18.5,21.35,5.3,13.93,3.53,2.74,0.04,0.18,0.08,,
2010,FL,IMP,p90,17.3,7.9,487,7.9,23,29.7,6.7,14.84,3.7,2.9,0.06,0.19,0.08,,
2010,FL,MC,median,14.5,8.6,503,8,12,15.7,4.7,14,3.1,2.39,0.03,0.17,0.06,,
2010,FL,MC,n,25,25,25,25,25,25,25,25,8,8,8,8,8,0,0
2010,FL,MC,p10,13.9,6.5,430,7.7,11,13.7,4.4,10.65,2.95,2.19,0.02,0.16,0.05,,
2010,FL,MC,p25,14.2,7.2,463.5,7.8,11,14.2,4.5,11.14,3.03,2.32,0.03,0.17,0.06,,
2010,FL,MC,p75,16.6,8.8,539,8.1,17,19.7,4.95,16.17,3.17,2.4,0.04,0.17,0.07,,
2010,FL,MC,p90,16.9,9,547,8.1,18,21.3,5.3,17.08,3.29,2.58,0.04,0.18,0.08,,
2010,FL,POOL,median,16.253,7.454,475.665,7.795,14.29,15.99,4.625,13.119,3.096,2.389,0.032,0.167,0.06,,
2010,FL,POOL,n,140,140,140,140,140,140,140,140,47,47,47,47,47,,
2010,FL,POOL,p10,13.604,6.395,429.037,7.629,5.768,5.368,3.124,9.952,2.54,1.8,0.019,0.137,0.045,,
2010,FL,POOL,p25,14.368,6.991,453.033,7.722,10.763,12.238,3.949,10.807,2.884,2.018,0.025,0.158,0.051,,
2010,FL,POOL,p75,16.772,8.157,493.715,7.924,16.613,20.499,5.088,15.321,3.462,2.619,0.037,0.178,0.068,,
2010,FL,POOL,p90,17.018,8.793,523.998,8.043,19.659,23.412,5.58,19.862,3.552,2.858,0.062,0.189,0.075,,
2010,FL,SC,median,15.15,8.1,493,7.95,14,16.5,4.8,14.49,3.18,2.44,0.03,0.18,0.06,,
2010,FL,SC,n,30,30,30,30,30,30,30,30,10,10,10,10,10,0,0
2010,FL,SC,p10,13.4,6.7,460,7.75,10,12.05,4.2,9.6,2.91,2.18,0.02,0.17,0.05,,
2010,FL,SC,p25,14.2,7.3,475,7.8,12,15.2,4.5,11.21,3.03,2.31,0.02,0.17,0.05,,
2010,FL,SC,p75,16.3,8.7,513,8.1,17,21.6,5.3,15.96,3.52,2.81,0.03,0.18,0.07,,
2010,FL,SC,p90,16.75,9.3,535.5,8.3,22,27.3,7.1,21,3.75,2.87,0.04,0.2,0.08,,
2010,SM,BWC,median,26.5,2.75,397,7.3,3,2.9,2,4.44,1.53,0.45,0.05,0.24,0.18,,
2010,SM,BWC,n,60,60,60,60,60,60,60,60,21,21,21,21,21,0,0
2010,SM,BWC,p10,24.1,0.35,350,6.8,1,0.4,0.9,1,1.06,0.01,0.02,0.17,0.08,,
2010,SM,BWC,p25,24.95,1.05,375,7,2,1.15,1.1,2.17,1.25,0.01,0.05,0.2,0.12,,
2010,SM,BWC,p75,27.4,5.15,432.5,7.6,5,5.4,3.8,14.52,1.82,1.01,0.08,0.43,0.27,,
2010,SM,BWC,p90,27.7,6.95,456,7.9,7,8.4,6.25,39.34,2.2,1.13,0.18,0.56,0.47,,
2010,SM,IMP,median,27.3,6.1,428,7.8,3,2.6,1.5,2.74,1.72,0.95,0.04,0.19,0.13,,
2010,SM,IMP,n,25,25,25,25,25,25,25,25,8,8,8,8,8,0,0
2010,SM,IMP,p10,26,4.2,393,7.5,1,0.8,0.9,1,1.06,0.21,0.02,0.17,0.08,,
2010,SM,IMP,p25,26.8,5,403,7.65,2,1.5,1.1,1.11,1.22,0.46,0.02,0.18,0.12,,
2010,SM,IMP,p75,27.7,7,445,8.05,4,3.9,2.1,5.93,1.91,1.18,0.05,0.2,0.15,,
2010,SM,IMP,p90,28,8.4,447,8.2,5,7.4,3.2,10.26,2.07,1.33,0.06,0.25,0.16,,
2010,SM,MC,median,26.4,5.6,433,7.8,6,7,2.7,7,2.02,1.17,0.05,0.2,0.1,,
2010,SM,MC,n,25,25,25,25,25,25,25,25,8,8,8,8,8,0,0
2010,SM,MC,p10,26.2,5.2,385,7.6,5,5.1,2.2,5.01,1.79,0.95,0.02,0.18,0.09,,
2010,SM,MC,p25,26.35,5.4,391.5,7.7,5,5.9,2.45,5.72,1.87,1.05,0.03,0.19,0.1,,
2010,SM,MC,p75,26.55,6.25,473.5,7.85,8,10.95,3.8,12.74,2.3,1.54,0.06,0.2,0.13,,
2010,SM,MC,p90,26.9,6.7,514,8,12,19.3,4.5,14.94,2.39,1.7,0.07,0.21,0.14,,
2010,SM,POOL,median,27.009,5.538,422.54,7.715,3.277,3.56,1.885,4.632,1.785,1.026,0.043,0.192,0.122,,
2010,SM,POOL,n,140,140,140,140,140,140,140,140,47,47,47,47,47,,
2010,SM,POOL,p10,25.571,1.453,372.089,7.151,1,0.791,0.917,1,1.037,0.07,0.022,0.171,0.077,,
2010,SM,POOL,p25,26.342,4.349,392.71,7.465,2.051,1.714,1.165,1.808,1.409,0.575,0.025,0.184,0.106,,
2010,SM,POOL,p75,27.445,6.329,443.925,7.859,4.997,6.691,2.861,7.608,1.979,1.139,0.055,0.213,0.151,,
2010,SM,POOL,p90,27.804,7.288,459.871,8.113,6.87,9.632,4.005,14.484,2.141,1.348,0.073,0.283,0.185,,
2010,SM,SC,median,27.1,5.5,418,7.75,5,4.9,2.15,5.37,1.87,1.13,0.05,0.21,0.12,,
2010,SM,SC,n,30,30,30,30,30,30,30,30,10,10,10,10,10,0,0
2010,SM,SC,p10,26.35,4.55,335.5,7.5,2,1.1,1.05,1.25,1.63,0.7,0.04,0.19,0.1,,
2010,SM,SC,p25,26.5,4.8,391,7.5,3,2.9,1.4,2.6,1.78,0.82,0.04,0.19,0.12,,
2010,SM,SC,p75,27.5,5.8,444,7.8,7,8.7,2.8,7.28,1.95,1.14,0.07,0.22,0.14,,
2010,SM,SC,p90,27.65,6.8,464,8,7.5,10.4,3.2,12.1,2.09,1.25,0.07,0.22,0.15,,
2010,SP,BWC,median,16.45,13.1,495.5,8.7,8,11.85,5.7,39.96,1.68,0.49,0.02,0.08,0,,
2010,SP,BWC,n,60,60,60,60,60,60,60,60,21,21,21,21,21,0,0
2010,SP,BWC,p10,14.35,9.75,395,8.35,5,5.05,2.9,6.78,0.86,0.01,0.02,0.07,0,,
2010,SP,BWC,p25,15.15,10.95,448.5,8.5,6,8.05,4.55,21.58,1.05,0.01,0.02,0.07,0,,
2010,SP,BWC,p75,17.5,14.3,524,8.8,10,15.7,7.05,51.49,2.1,1.22,0.03,0.12,0.01,,
2010,SP,BWC,p90,18.9,16.5,537,8.9,14.5,21.5,10,64.22,2.16,1.42,0.04,0.22,0.01,,
2010,SP,IMP,median,16.1,12.4,533,8.8,8,12.3,5.7,47,2.05,1.26,0.03,0.06,0,,
2010,SP,IMP,n,25,25,25,25,25,25,25,25,8,8,8,8,8,0,0
2010,SP,IMP,p10,13.5,10.7,501,8.6,6,8.1,3.8,25.64,1.86,1.08,0.02,0.05,0,,
2010,SP,IMP,p25,15.35,11.35,524,8.7,7,10.15,4.2,31.77,1.95,1.15,0.02,0.05,0,,
2010,SP,IMP,p75,16.6,12.6,537,8.9,9,15.7,6.5,52.22,2.12,1.47,0.03,0.07,0.01,,
2010,SP,IMP,p90,17.1,14.2,539,9,11,17.5,7.2,59.98,2.23,1.55,0.03,0.07,0.01,,
2010,SP,MC,median,14,11.1,531,8.7,7,10.9,4.7,31.71,2.35,1.43,0.03,0.07,0,,
2010,SP,MC,n,25,25,25,25,25,25,25,25,8,8,8,8,8,0,0
2010,SP,MC,p10,13.7,10.4,513,8.6,7,9.6,4.1,27.95,2.04,1.23,0.02,0.07,0,,
2010,SP,MC,p25,13.8,10.6,521,8.7,7,9.95,4.45,29.71,2.17,1.36,0.03,0.07,0,,
2010,SP,MC,p75,14.75,11.65,539,8.8,8,12,4.95,36.44,2.39,1.54,0.03,0.08,0,,
2010,SP,MC,p90,16,12.2,543,8.8,8,13,5.6,50.76,2.43,1.57,0.04,0.08,0.01,,
2010,SP,POOL,median,15.962,12.069,528.115,8.697,7.338,11.859,5.356,39.059,2.042,1.229,0.025,0.067,0.003,,
2010,SP,POOL,n,140,140,140,140,140,140,140,140,47,47,47,47,47,,
2010,SP,POOL,p10,13.711,10.341,478.073,8.509,5.221,8.011,3.753,24.709,1.529,0.17,0.014,0.051,0.001,,
2010,SP,POOL,p25,14.158,10.91,500.712,8.605,6.353,9.998,4.404,29.899,1.91,1.098,0.019,0.056,0.001,,
2010,SP,POOL,p75,16.504,12.785,536.161,8.826,8.47,14.084,6.284,50.715,2.219,1.479,0.029,0.07,0.004,,
2010,SP,POOL,p90,17.197,14.224,539.781,8.895,10.37,17.395,7.175,59.264,2.402,1.581,0.033,0.082,0.005,,
2010,SP,SC,median,14.6,12.05,510.5,8.7,8,12.2,5.35,41.6,2.24,1.35,0.03,0.07,0,,
2010,SP,SC,n,30,30,30,30,30,30,30,30,10,10,10,10,10,0,0
2010,SP,SC,p10,13.65,10.4,476,8.6,7,10.15,4.2,25.04,1.88,1.06,0.02,0.06,0,,
2010,SP,SC,p25,13.8,11.1,500,8.7,7,10.9,4.6,30.98,1.95,1.17,0.02,0.07,0,,
2010,SP,SC,p75,16,13.6,537,8.8,9,13.7,6,50.88,2.54,1.62,0.03,0.07,0,,
2010,SP,SC,p90,16.45,14.15,541.5,8.95,9,15.1,6.75,60.34,2.65,1.8,0.04,0.08,0,,
2010,WN,BWC,median,0.2,11.8,521,7.9,5,3.15,1.75,4.36,2.88,2.37,0.11,0.06,0.02,45.5,5
2010,WN,BWC,n,36,36,31,36,32,32,32,32,21,21,21,21,21,36,36
2010,WN,BWC,p10,-0.1,0.7,451.5,7.2,3,1.75,1.25,1.93,0.76,0.01,0.05,0.06,0.01,24,0
2010,WN,BWC,p25,0,3.05,503.5,7.4,4,2.35,1.3,2.29,2.59,2.02,0.1,0.06,0.02,33,1
2010,WN,BWC,p75,0.65,12.7,558,8,15.5,8.9,4.2,10.73,3.04,2.44,0.15,0.07,0.02,51,7
2010,WN,BWC,p90,1.3,13.15,810,8.05,188.5,75.95,29.1,51.93,3.26,2.57,0.2,0.1,0.03,53.5,7
2010,WN,IMP,median,0.2,12.8,541,7.9,3,1.8,1.3,3.29,3.16,2.58,0.09,0.06,0.02,41.5,0
2010,WN,IMP,n,22,22,22,22,22,22,22,22,8,8,8,8,8,22,22
2010,WN,IMP,p10,0.1,10.1,520,7.65,2,1.05,0.9,2.57,2.39,1.98,0.06,0.05,0.01,33.5,0
2010,WN,IMP,p25,0.1,11.9,530,7.7,3,1.5,1,2.79,2.68,2.25,0.07,0.06,0.02,37,0
2010,WN,IMP,p75,0.2,13.5,555,7.9,4,2.5,1.6,3.64,3.19,2.68,0.1,0.06,0.02,43,2
2010,WN,IMP,p90,0.85,14,582,8,10,5.55,2.8,7.37,3.25,2.69,0.11,0.07,0.02,45,4
2010,WN,MC,median,0.1,13.6,540.5,7.9,3,1.6,1.05,2.93,3.12,2.58,0.1,0.06,0.02,30,0
2010,WN,MC,n,23,23,22,23,22,22,22,22,8,8,8,8,8,23,23
2010,WN,MC,p10,-0.1,12.45,515,7.7,2,0.95,0.85,1.71,3.07,2.5,0.09,0.06,0.02,17.5,0
2010,WN,MC,p25,-0.1,13.1,529,7.8,3,1.3,0.9,2.21,3.08,2.53,0.09,0.06,0.02,24,0
2010,WN,MC,p75,0.1,14.05,545,7.9,3,2,1.2,3.07,3.15,2.73,0.11,0.07,0.02,34,0.5
2010,WN,MC,p90,0.2,14.6,547.5,8,4,2.7,1.5,3.43,3.22,2.74,0.11,0.08,0.03,40,2
2010,WN,POOL,median,0.088,12.753,536.754,7.832,2.89,1.921,1.24,2.904,3.067,2.493,0.101,0.058,0.021,39.253,0.297
2010,WN,POOL,n,109,109,103,109,104,104,104,104,47,47,47,47,47,109,109
2010,WN,POOL,p10,-0.1,7.524,502.734,7.535,2,1.037,0.895,1.941,2.357,1.453,0.057,0.047,0.01,23.768,0
2010,WN,POOL,p25,0.002,11.723,517.525,7.711,2.302,1.44,1.014,2.423,2.862,2.182,0.083,0.056,0.017,31.4,0
2010,WN,POOL,p75,0.192,13.444,551.122,7.895,4.097,3.093,1.646,3.66,3.176,2.64,0.116,0.065,0.022,42.809,3.855
2010,WN,POOL,p90,0.75,13.945,560.155,7.97,13.118,7.325,3.247,9.481,3.259,2.69,0.142,0.077,0.024,48.718,5.655
2010,WN,SC,median,0,13.25,510.5,7.9,3,1.85,1.3,2.5,2.99,2.41,0.13,0.06,0.02,33,1.5
2010,WN,SC,n,28,28,28,28,28,28,28,28,10,10,10,10,10,28,28
2010,WN,SC,p10,-0.1,11.2,493.5,7.75,3,1.05,0.95,1.93,2.54,1.09,0.11,0.05,0.02,22,0
2010,WN,SC,p25,-0.1,12.4,504.5,7.8,3,1.35,1.1,2.07,2.93,2.17,0.11,0.06,0.02,26,0.5
2010,WN,SC,p75,0.1,13.5,540,7.9,4.5,3.2,1.55,2.79,3.12,2.48,0.14,0.08,0.02,39.5,5
2010,WN,SC,p90,0.25,13.75,555,8,6,5.45,1.85,4.15,3.24,2.7,1.44,0.12,0.03,46,6
2011,FL,BWC,median,18.15,10.65,430,8.55,8,11.45,5.55,35.92,1.34,0.4,0.02,0.13,0.03,,
2011,FL,BWC,n,60,60,60,60,60,60,60,60,21,21,21,21,21,0,0
2011,FL,BWC,p10,10.3,4.8,356,7.6,4,3.45,2.25,5.91,0.79,0.01,0.01,0.09,0.03,,
2011,FL,BWC,p25,14.45,6,421.5,8,6.5,6.1,3.6,22.13,1.09,0.01,0.01,0.12,0.03,,
2011,FL,BWC,p75,19.3,12.7,446.5,8.8,12,16,6.5,54.22,1.43,0.56,0.04,0.15,0.06,,
2011,FL,BWC,p90,20.2,14.4,478,8.9,16,19.5,7.65,70.62,1.57,0.68,0.08,0.25,0.1,,
2011,FL,IMP,median,18.2,10.7,431,8.7,8,11.4,4.1,26.99,1.38,0.56,0.03,0.11,0.05,,
2011,FL,IMP,n,25,25,25,25,25,25,25,25,8,8,8,8,8,0,0
2011,FL,IMP,p10,12.3,8.4,420,8.4,4,4.1,2.1,10.68,1.28,0.34,0.03,0.1,0.04,,
2011,FL,IMP,p25,12.75,9.8,424.5,8.55,6.5,7.2,3.1,18.49,1.28,0.38,0.03,0.11,0.05,,
2011,FL,IMP,p75,18.65,12.45,441,8.85,10,16.3,6.15,50.84,1.48,0.73,0.05,0.12,0.05,,
2011,FL,IMP,p90,19,13.8,448,8.9,11,17.3,6.7,72.61,1.53,0.76,0.06,0.14,0.05,,
2011,FL,MC,median,17.9,12,447,8.8,8,12.7,4.8,59.25,1.51,0.67,0.02,0.12,0.04,,
2011,FL,MC,n,25,25,25,25,25,25,25,25,8,8,8,8,8,0,0
2011,FL,MC,p10,12.9,10.2,429,8.7,7,10,4.2,27.85,1.44,0.56,0.01,0.11,0.03,,
2011,FL,MC,p25,13.2,11,434,8.7,7,11.35,4.7,36.96,1.46,0.61,0.01,0.12,0.03,,
2011,FL,MC,p75,18.15,12.4,452,8.8,8,13.4,5.05,63.24,1.57,0.7,0.02,0.13,0.04,,
2011,FL,MC,p90,18.2,12.4,457,8.8,10,13.9,5.2,67.06,1.59,0.77,0.02,0.13,0.05,,
2011,FL,POOL,median,17.877,11.149,431.337,8.641,7.915,12.828,4.87,40.674,1.421,0.529,0.024,0.115,0.042,,
2011,FL,POOL,n,140,140,140,140,140,140,140,140,47,47,47,47,47,,
2011,FL,POOL,p10,12.237,8.049,419.169,8.315,4.314,4.294,2.598,14.334,1.202,0.283,0.011,0.101,0.027,,
2011,FL,POOL,p25,13.05,10.023,425.073,8.502,6.549,8.866,3.751,24.405,1.277,0.399,0.015,0.107,0.031,,
2011,FL,POOL,p75,18.409,12.172,445.724,8.752,10.144,15.638,5.976,59.823,1.511,0.692,0.033,0.126,0.051,,
2011,FL,POOL,p90,19.047,13.511,453.812,8.841,11.456,17.362,6.667,70.2,1.56,0.743,0.056,0.146,0.054,,
2011,FL,SC,median,17.9,11.45,430,8.7,10,15.35,5.65,51.53,1.42,0.52,0.02,0.12,0.03,,
2011,FL,SC,n,30,30,30,30,30,30,30,30,10,10,10,10,10,0,0
2011,FL,SC,p10,12.75,10.5,422,8.5,8,13,4.85,36.79,1.33,0.4,0.01,0.11,0.03,,
2011,FL,SC,p25,17.6,11.1,426,8.6,9,14.2,5.3,48.15,1.37,0.43,0.01,0.12,0.03,,
2011,FL,SC,p75,18.1,11.7,453,8.7,12,16.8,6,65.15,1.52,0.66,0.02,0.12,0.04,,
2011,FL,SC,p90,18.35,12.25,460,8.75,13.5,18.3,6.55,71.48,1.72,0.85,0.07,0.13,0.05,,
2011,SM,BWC,median,27.8,6.6,484,7.9,6,6.65,2.8,8.92,2.66,1.72,0.03,0.16,0.09,,
2011,SM,BWC,n,60,60,60,60,60,60,60,60,21,21,21,21,21,0,0
2011,SM,BWC,p10,26.6,4.45,437,7.4,2,1.85,1.55,3.35,1.14,0.2,0.02,0.12,0.04,,
2011,SM,BWC,p25,26.9,6.2,446.5,7.8,4,3.2,2,6.6,1.86,0.95,0.03,0.14,0.08,,
2011,SM,BWC,p75,28.55,7.6,530,8.1,9,13.95,3.55,11.4,2.98,2.12,0.05,0.17,0.11,,
2011,SM,BWC,p90,28.9,8.7,544,8.2,11.5,16,3.95,19.37,3.29,2.35,0.07,0.2,0.14,,
2011,SM,IMP,median,28.4,7.5,505,7.9,5,6,1.8,6.43,2.74,1.87,0.02,0.15,0.09,,
2011,SM,IMP,n,25,25,25,25,25,25,25,25,8,8,8,8,8,0,0
2011,SM,IMP,p10,27.3,6.1,428,7.6,1,1,1.1,1,1.74,0.97,0.02,0.11,0.06,,
2011,SM,IMP,p25,27.5,6.9,462,7.75,2.5,2,1.35,2.23,2.14,1.37,0.02,0.13,0.08,,
2011,SM,IMP,p75,28.65,8.3,521,8.1,7,9.6,3,11.23,3.07,2.1,0.03,0.16,0.11,,
2011,SM,IMP,p90,29.5,11.9,533,8.7,9,12.8,3.7,17.23,3.17,2.23,0.04,0.16,0.12,,
2011,SM,MC,median,27.8,7.2,532,7.8,8,11.4,3.4,14.14,2.89,2.02,0.04,0.17,0.1,,
2011,SM,MC,n,25,25,25,25,25,25,25,25,8,8,8,8,8,0,0
2011,SM,MC,p10,27.2,6,470,7.7,6,7.2,2.1,4.37,2.62,1.76,0.02,0.16,0.09,,
2011,SM,MC,p25,27.3,6.6,502,7.7,7,10.8,3.25,10.37,2.82,1.98,0.02,0.16,0.09,,
2011,SM,MC,p75,28.4,7.45,547.5,8,9,14.35,3.75,15.43,3.03,2.05,0.05,0.17,0.11,,
2011,SM,MC,p90,28.4,7.6,555,8.1,10,16.1,4,16.03,3.19,2.16,0.06,0.18,0.11,,
2011,SM,POOL,median,27.803,6.987,506.742,7.863,6.365,9.052,2.867,8.757,2.812,1.94,0.025,0.155,0.094,,
2011,SM,POOL,n,140,140,140,140,140,140,140,140,47,47,47,47,47,,
2011,SM,POOL,p10,27.009,5.802,440.702,7.563,1.396,1.4,1.212,1,1.611,0.705,0.016,0.121,0.073,,
2011,SM,POOL,p25,27.282,6.462,456.69,7.716,3.354,3.084,1.674,4.745,2.356,1.498,0.02,0.143,0.08,,
2011,SM,POOL,p75,28.479,7.623,527.924,8.012,8.197,12.71,3.564,12.41,3.02,2.063,0.039,0.164,0.105,,
2011,SM,POOL,p90,28.835,8.661,546.322,8.13,10.325,16.153,3.821,17.105,3.238,2.285,0.05,0.173,0.117,,
2011,SM,SC,median,27.45,6.65,502.5,7.9,9,11.9,3.35,9.17,2.73,1.79,0.04,0.17,0.11,,
2011,SM,SC,n,30,30,30,30,30,30,30,30,10,10,10,10,10,0,0
2011,SM,SC,p10,26.7,5.6,445.5,7.7,4,3.8,1.7,4.46,2.39,1.48,0.02,0.15,0.08,,
2011,SM,SC,p25,27.2,6.4,452,7.8,7,9.2,2.9,7.8,2.43,1.5,0.03,0.15,0.1,,
2011,SM,SC,p75,27.8,7.3,531,8,11,17,3.8,10.71,3.28,2.43,0.05,0.17,0.12,,
2011,SM,SC,p90,28.45,7.65,553,8.05,13,19.5,4.05,14.49,3.41,2.48,0.05,0.18,0.13,,
2011,SP,BWC,median,9.35,12.4,423,8.5,8,11.55,4.5,37.02,2.69,1.87,0.01,0.09,0.01,,
2011,SP,BWC,n,60,60,60,60,60,60,60,60,21,21,21,21,21,0,0
2011,SP,BWC,p10,8.15,11.6,324.5,8.2,6,7.7,3.2,17.64,1.65,0.91,0.01,0.06,0.01,,
2011,SP,BWC,p25,8.65,12,380.5,8.3,7,9.4,3.9,32.77,2.19,1.38,0.01,0.08,0.01,,
2011,SP,BWC,p75,10.5,12.85,466.5,8.6,9,14,4.9,42.61,3.36,2.34,0.02,0.1,0.01,,
2011,SP,BWC,p90,10.95,13.85,492,8.7,10,16.4,5.25,48.05,3.61,2.69,0.02,0.1,0.02,,
2011,SP,IMP,median,8.5,12.5,429,8.5,9,13.6,5,34.71,2.79,2,0.01,0.1,0.02,,
2011,SP,IMP,n,25,25,25,25,25,25,25,25,8,8,8,8,8,0,0
2011,SP,IMP,p10,8.3,11.9,390,8.4,8,12.4,4.5,30.23,2.54,1.72,0.01,0.09,0.01,,
2011,SP,IMP,p25,8.3,12.3,395.5,8.5,8,12.9,4.65,31.65,2.7,1.89,0.01,0.09,0.01,,
2011,SP,IMP,p75,8.7,12.7,454,8.6,11,17.35,5.45,40.97,3.11,2.14,0.01,0.11,0.02,,
2011,SP,IMP,p90,8.8,12.9,472,8.6,12,22.3,5.9,43.8,3.49,2.6,0.02,0.12,0.02,,
2011,SP,MC,median,9.4,12.9,474,8.4,10,14.4,4.9,33.51,3.19,2.22,0.02,0.11,0.02,,
2011,SP,MC,n,25,25,25,25,25,25,25,25,8,8,8,8,8,0,0
2011,SP,MC,p10,8.4,11.8,389,8.3,9,13.8,4.5,28.74,2.56,1.68,0.01,0.1,0.01,,
2011,SP,MC,p25,8.8,12.4,425.5,8.3,10,14,4.65,30.61,2.62,1.83,0.01,0.1,0.02,,
2011,SP,MC,p75,9.75,13.2,484,8.5,10,16.4,5.2,36.2,3.63,2.53,0.02,0.11,0.02,,
2011,SP,MC,p90,10.1,13.5,489,8.5,13,21.2,5.5,37.84,3.65,2.62,0.02,0.11,0.02,,
2011,SP,POOL,median,8.643,12.475,436.177,8.447,8.852,13.829,4.812,35.095,2.844,2.006,0.011,0.097,0.011,,
2011,SP,POOL,n,140,140,140,140,140,140,140,140,47,47,47,47,47,,
2011,SP,POOL,p10,8.21,11.832,383.696,8.279,7.025,10.368,4.185,29.007,2.359,1.529,0.008,0.077,0.007,,
2011,SP,POOL,p25,8.299,12.183,397.119,8.36,7.741,12.4,4.466,31.983,2.653,1.839,0.009,0.09,0.008,,
2011,SP,POOL,p75,9.309,12.775,470.189,8.527,9.836,16.441,5.138,40.24,3.45,2.449,0.015,0.102,0.016,,
2011,SP,POOL,p90,10.08,13.309,483.076,8.589,10.999,21.273,5.533,43.821,3.67,2.8,0.016,0.107,0.018,,
2011,SP,SC,median,8.9,12.4,451,8.5,10,13.95,4.7,37.09,3.41,2.57,0.01,0.1,0.01,,
2011,SP,SC,n,30,30,30,30,30,30,30,30,10,10,10,10,10,0,0
2011,SP,SC,p10,8.4,12,389,8.4,7.5,10.05,3.95,31.95,2.77,1.83,0.01,0.09,0.01,,
2011,SP,SC,p25,8.6,12.2,409,8.4,9,12.8,4.5,33.81,2.93,2,0.01,0.09,0.01,,
2011,SP,SC,p75,9.4,12.9,470,8.6,10,17.5,5.1,40.37,3.55,2.69,0.02,0.1,0.01,,
2011,SP,SC,p90,10.05,13.2,482.5,8.6,11,21.4,5.1,43.13,3.85,2.93,0.02,0.12,0.02,,
2011,WN,BWC,median,0,10.9,507,8.1,4,2,1.3,1,3.87,3.07,0.16,0.07,0.02,44,8
2011,WN,BWC,n,48,48,41,48,41,41,41,41,22,22,22,22,22,48,48
2011,WN,BWC,p10,-0.2,0.55,495,7.85,3,1.45,1.1,1,1.73,0.94,0.08,0.04,0.01,27,5
2011,WN,BWC,p25,-0.1,6.3,501,8,3,1.7,1.1,1,3.4,2.53,0.14,0.07,0.01,39.5,7
2011,WN,BWC,p75,0.4,11.9,529,8.2,5.5,3.05,1.7,1.39,4,3.27,0.19,0.08,0.02,48,9
2011,WN,BWC,p90,0.7,12.2,719,8.2,11,13.2,4,7.75,4.2,3.4,0.56,0.11,0.03,52.5,11
2011,WN,IMP,median,-0.1,12.05,540,8.1,3,1.8,1.2,1,4.16,3.45,0.16,0.07,0.02,41.5,7
2011,WN,IMP,n,24,24,24,24,24,24,24,24,8,8,8,8,8,24,24
2011,WN,IMP,p10,-0.2,9.65,503.5,8,3,1.6,1.05,1,3.68,2.95,0.15,0.06,0.02,34.5,5
2011,WN,IMP,p25,-0.2,11.6,516,8.1,3,1.7,1.1,1,3.8,3.1,0.15,0.06,0.02,39.5,6
2011,WN,IMP,p75,-0.1,12.4,551,8.15,4,2.15,1.35,1,4.36,3.56,0.17,0.07,0.02,44,8
2011,WN,IMP,p90,0.4,12.55,558.5,8.2,5.5,6.4,2.2,2.99,4.52,3.66,0.18,0.07,0.02,46,10.5
2011,WN,MC,median,-0.2,12.5,531,8.2,4,1.8,1.1,1,3.97,3.07,0.15,0.07,0.02,33,9
2011,WN,MC,n,25,25,25,25,25,25,25,25,8,8,8,8,8,25,25
2011,WN,MC,p10,-0.2,12.2,513,8.1,3,1.1,1,1,3.85,2.95,0.15,0.07,0.02,21,6
2011,WN,MC,p25,-0.2,12.3,517,8.1,3,1.3,1.1,1,3.92,3.01,0.15,0.07,0.02,24.5,7
2011,WN,MC,p75,-0.2,12.6,543.5,8.2,4,2.1,1.2,1,4.02,3.28,0.16,0.07,0.02,41.5,13
2011,WN,MC,p90,-0.1,12.7,554,8.2,4,3.5,1.4,1,4.07,3.46,0.16,0.08,0.03,49,15
2011,WN,POOL,median,-0.187,12.061,527.122,8.084,3.127,1.809,1.143,1,3.998,3.231,0.152,0.069,0.019,40.937,7.34
2011,WN,POOL,n,126,126,119,126,119,119,119,119,48,48,48,48,48,126,126
2011,WN,POOL,p10,-0.2,9.125,500.582,7.962,3,1.334,0.985,1,3.581,2.927,0.136,0.06,0.014,26.299,4.976
2011,WN,POOL,p25,-0.2,11.531,511.148,8.027,3,1.616,1.05,1,3.825,2.984,0.145,0.064,0.016,35.119,5.962
2011,WN,POOL,p75,-0.105,12.358,546.183,8.145,3.73,2.138,1.297,1,4.226,3.469,0.161,0.072,0.02,44.336,9.159
2011,WN,POOL,p90,0.331,12.561,556.259,8.182,5.155,4.229,1.844,1.978,4.498,3.611,0.186,0.078,0.024,47.689,11.647
2011,WN,SC,median,-0.2,12.2,522,8.2,4,1.9,1.2,1,4.15,3.3,0.15,0.07,0.02,40,9
2011,WN,SC,n,29,29,29,29,29,29,29,29,10,10,10,10,10,29,29
2011,WN,SC,p10,-0.2,11.7,501,8.1,3,1.35,1,1,3.84,3.04,0.14,0.07,0.02,24,6
2011,WN,SC,p25,-0.2,12,505.5,8.1,3,1.5,1.05,1,3.87,3.14,0.14,0.07,0.02,33.5,7
2011,WN,SC,p75,-0.1,12.55,548.5,8.2,4,2.75,1.25,1,4.51,3.63,0.15,0.08,0.03,45.5,11.5
2011,WN,SC,p90,-0.05,12.75,552.5,8.25,5,3.85,1.7,1,4.61,3.75,0.15,0.08,0.03,49.5,15.5
2012,FL,BWC,median,11.15,12.85,373,8.95,7,9.25,5.25,46.4,1.02,0.03,0.01,0.1,0.01,,
2012,FL,BWC,n,60,60,60,60,60,60,60,60,21,21,21,21,21,0,0
2012,FL,BWC,p10,9.3,7.8,338.5,7.95,2,1.35,1.25,4.5,0.52,0.02,0,0.04,0.01,,
2012,FL,BWC,p25,10,9.55,361.5,8.4,3.5,3.05,2.25,13.06,0.64,0.02,0.01,0.06,0.01,,
2012,FL,BWC,p75,11.8,13.8,389.5,9.15,11,15.65,7.65,59.24,1.21,0.15,0.03,0.15,0.02,,
2012,FL,BWC,p90,12.9,14.85,439.5,9.4,12.5,21.55,8.7,68.59,1.27,0.24,0.09,0.21,0.05,,
2012,FL,IMP,median,10.6,11.2,377,9.3,8,11.9,6.4,51.4,0.9,0.03,0.02,0.1,0.01,,
2012,FL,IMP,n,25,25,25,25,25,25,25,25,8,8,8,8,8,0,0
2012,FL,IMP,p10,9.1,9.8,365,9,2,1.8,1.4,6.17,0.71,0.02,0,0.09,0.01,,
2012,FL,IMP,p25,9.65,10.2,371,9.1,5,7.45,4.9,39.81,0.85,0.02,0.01,0.1,0.01,,
2012,FL,IMP,p75,11.4,13.35,380,9.4,11,17.15,7.7,63.66,1.09,0.16,0.02,0.12,0.02,,
2012,FL,IMP,p90,11.6,14.2,381,9.5,13,20.3,8.8,67.5,1.13,0.21,0.03,0.14,0.02,,
2012,FL,MC,median,11.6,12.8,376,9.2,9,17.1,8.1,65.9,1.15,0.17,0.01,0.13,0.02,,
2012,FL,MC,n,25,25,25,25,25,25,25,25,8,8,8,8,8,0,0
2012,FL,MC,p10,10.7,11.7,371,8.9,7,11.9,5.8,59.09,1.08,0.05,0.01,0.13,0.01,,
2012,FL,MC,p25,11.05,12.4,372,9.1,8.5,15.35,7.15,62.71,1.11,0.09,0.01,0.13,0.01,,
2012,FL,MC,p75,11.8,13.2,384.5,9.2,10.5,19.25,8.5,74.75,1.28,0.33,0.02,0.15,0.03,,
2012,FL,MC,p90,11.9,13.6,387,9.4,12,19.7,9.1,77.06,1.34,0.44,0.02,0.16,0.04,,
2012,FL,POOL,median,10.956,12.41,375.349,9.123,8.471,14.352,6.782,57.439,1.08,0.087,0.012,0.121,0.013,,
2012,FL,POOL,n,140,140,140,140,140,140,140,140,47,47,47,47,47,,
2012,FL,POOL,p10,9.303,9.577,362.437,8.684,2.476,2.279,1.96,9.532,0.612,0.016,0.004,0.069,0.004,,
2012,FL,POOL,p25,10.237,10.776,369.462,8.954,6.086,8.724,5.164,41.955,0.846,0.016,0.009,0.096,0.008,,
2012,FL,POOL,p75,11.56,13.384,379.922,9.287,10.41,17.825,8.231,66.283,1.155,0.198,0.019,0.133,0.017,,
2012,FL,POOL,p90,12.032,14.194,384.829,9.382,12.297,20.206,8.91,75.543,1.255,0.255,0.028,0.15,0.023,,
2012,FL,SC,median,11.25,12.7,372,9.1,10,17.15,7.8,63.95,1.17,0.21,0.01,0.13,0.02,,
2012,FL,SC,n,30,30,30,30,30,30,30,30,10,10,10,10,10,0,0
2012,FL,SC,p10,9.95,11.35,365.5,8.95,7,11.7,5.6,50.03,1.02,0.08,0.01,0.12,0.01,,
2012,FL,SC,p25,10.7,12.1,369,9,8,13,6.4,56.19,1.08,0.17,0.01,0.12,0.01,,
2012,FL,SC,p75,11.8,13.7,380,9.3,12,19.1,8.7,73.59,1.26,0.25,0.02,0.14,0.02,,
2012,FL,SC,p90,12.2,14.2,381,9.4,12.5,20.25,9.1,81.49,1.31,0.31,0.03,0.16,0.02,,
2012,SM,BWC,median,28.2,7.4,336,8,8,7.9,4.25,14.76,1.35,0.47,0.04,0.2,0.1,,
2012,SM,BWC,n,60,60,60,60,60,60,60,60,21,21,21,21,21,0,0
2012,SM,BWC,p10,24.95,1.85,321,7.2,2.5,1.95,1.75,5.78,1.08,0.01,0.02,0.16,0.08,,
2012,SM,BWC,p25,26.8,4.05,327,7.5,5,3.7,2.85,9.11,1.29,0.02,0.03,0.18,0.09,,
2012,SM,BWC,p75,29.25,8.85,348,8.3,10,10.4,5.7,29.39,1.51,0.54,0.08,0.3,0.13,,
2012,SM,BWC,p90,30.25,9.35,393.5,8.5,12,13.1,6.8,34.69,1.65,0.65,0.19,0.53,0.22,,
2012,SM,IMP,median,28.4,8.5,327,8.3,1,0.6,1,4.3,1.24,0.47,0.06,0.16,0.12,,
2012,SM,IMP,n,25,25,25,25,25,25,25,25,8,8,8,8,8,0,0
2012,SM,IMP,p10,25.7,7.5,321,8,1,0.05,0.6,1.89,1.09,0.45,0.04,0.13,0.1,,
2012,SM,IMP,p25,27.5,7.85,323,8.1,1,0.2,0.75,2.74,1.14,0.46,0.05,0.15,0.11,,
2012,SM,IMP,p75,29.25,10.1,330,8.55,4,3.7,2.5,12.85,1.4,0.6,0.08,0.18,0.12,,
2012,SM,IMP,p90,30.1,11.4,334,8.7,6,7.7,4.3,22.53,1.46,0.66,0.11,0.21,0.13,,
2012,SM,MC,median,27.3,7.9,334,8.1,7,9.3,4.6,25.93,1.47,0.55,0.02,0.16,0.09,,
2012,SM,MC,n,25,25,25,25,25,25,25,25,8,8,8,8,8,0,0
2012,SM,MC,p10,26.5,7.4,330,8,6,7.3,3.8,20.55,1.32,0.42,0.02,0.16,0.08,,
2012,SM,MC,p25,26.65,7.55,330.5,8,7,8.4,4.2,22.25,1.41,0.53,0.02,0.16,0.09,,
2012,SM,MC,p75,27.7,8.75,337,8.2,8.5,11.15,5.05,32.36,1.49,0.62,0.02,0.17,0.1,,
2012,SM,MC,p90,28,9.5,339,8.3,9,12.2,5.3,36.95,1.53,0.65,0.03,0.17,0.11,,
2012,SM,POOL,median,27.794,8.11,329.551,8.145,5.325,6.686,3.483,15.55,1.355,0.51,0.042,0.161,0.102,,
2012,SM,POOL,n,140,140,140,140,140,140,140,140,47,47,47,47,47,,
2012,SM,POOL,p10,26.287,4.436,320.156,7.705,1,0.122,0.689,2.364,1.085,0.35,0.017,0.139,0.079,,
2012,SM,POOL,p25,27.116,7.48,325.667,7.991,1,0.597,0.963,4.094,1.228,0.453,0.023,0.154,0.089,,
2012,SM,POOL,p75,28.813,9.253,334.992,8.319,7.494,9.798,4.82,26.142,1.469,0.6,0.06,0.186,0.115,,
2012,SM,POOL,p90,29.859,10.334,341.531,8.541,9.369,12.049,5.683,34.449,1.543,0.664,0.103,0.207,0.128,,
2012,SM,SC,median,27.6,8.25,332.5,8.2,8,10.1,5.05,28.97,1.51,0.56,0.02,0.16,0.09,,
2012,SM,SC,n,30,30,30,30,30,30,30,30,10,10,10,10,10,0,0
2012,SM,SC,p10,26.65,6.6,327,7.9,4,4.75,2.55,13.35,1.26,0.46,0.02,0.16,0.07,,
2012,SM,SC,p25,26.9,7.4,329,8.1,7,7.8,4.6,22.53,1.33,0.51,0.02,0.16,0.08,,
2012,SM,SC,p75,27.9,9.2,341,8.2,9,12.5,5.9,35.96,1.56,0.66,0.04,0.16,0.11,,
2012,SM,SC,p90,28.45,9.65,342.5,8.3,12,14.4,6.2,41.34,1.69,0.69,0.08,0.18,0.11,,
2012,SP,BWC,median,14.05,13.85,335,9.1,10,17.45,6.85,45.87,1.24,0.15,0.01,0.09,0,,
2012,SP,BWC,n,60,60,60,60,60,60,60,60,21,21,21,21,21,0,0
2012,SP,BWC,p10,12.25,11.3,275.5,8.8,4,2.85,1.7,5.18,0.6,0.01,0.01,0.07,0,,
2012,SP,BWC,p25,12.95,12.5,313.5,8.9,7,8.65,4.45,24.08,0.96,0.01,0.01,0.08,0,,
2012,SP,BWC,p75,16.05,15.15,374,9.25,13,22.85,9.6,65.11,1.42,0.43,0.01,0.11,0.01,,
2012,SP,BWC,p90,17.1,16.9,398.5,9.4,15.5,28.25,10.5,73.45,1.55,0.61,0.02,0.15,0.01,,
2012,SP,IMP,median,12.3,12.6,375,8.9,10,16.2,6.6,48.9,1.33,0.37,0.01,0.09,0,,
2012,SP,IMP,n,25,25,25,25,25,25,25,25,8,8,8,8,8,0,0
2012,SP,IMP,p10,11.9,11.6,350,8.9,8,13.4,6,44.76,1.27,0.33,0.01,0.08,0,,
2012,SP,IMP,p25,12.05,11.9,365,8.9,9,14.75,6.4,46.9,1.3,0.36,0.01,0.08,0,,
2012,SP,IMP,p75,13.95,13.1,380,8.9,11,18.4,6.9,50.97,1.35,0.4,0.01,0.09,0,,
2012,SP,IMP,p90,15.7,13.7,381,9,12,19.6,7.2,56.35,1.38,0.42,0.01,0.1,0,,
2012,SP,MC,median,12.6,12.6,354,9,12,21.3,7.9,54.28,1.35,0.38,0.01,0.1,0,,
2012,SP,MC,n,25,25,25,25,25,25,25,25,8,8,8,8,8,0,0
2012,SP,MC,p10,11.9,11.3,335,8.8,9,15,5.8,41.87,1.27,0.29,0.01,0.08,0,,
2012,SP,MC,p25,12.4,12.2,342.5,8.8,10,16.45,6.7,49.11,1.3,0.34,0.01,0.09,0,,
2012,SP,MC,p75,13.9,12.85,370,9.1,13,23.55,8.45,58.28,1.42,0.42,0.01,0.1,0,,
2012,SP,MC,p90,15.1,13.1,382,9.1,13,24.4,8.8,60.21,1.44,0.44,0.01,0.16,0,,
2012,SP,POOL,median,12.615,12.632,364.994,8.888,10.113,17.606,6.703,49.263,1.326,0.373,0.009,0.087,0.001,,
2012,SP,POOL,n,140,140,140,140,140,140,140,140,47,47,47,47,47,,
2012,SP,POOL,p10,11.904,11.421,319.266,8.757,7.29,11.872,5.63,34.909,1.084,0.005,0.004,0.075,0.001,,
2012,SP,POOL,p25,12.138,12.149,339.493,8.826,8.787,14.778,6.316,45.567,1.274,0.295,0.008,0.078,0.001,,
2012,SP,POOL,p75,14.851,13.459,377.846,9.02,11.751,21.861,7.973,56.8,1.373,0.402,0.011,0.098,0.002,,
2012,SP,POOL,p90,15.935,14.741,387.282,9.161,13.429,25.936,9.444,68.43,1.445,0.437,0.013,0.113,0.003,,
2012,SP,SC,median,12.9,12.7,342,9,12,22.1,8.15,57.24,1.36,0.37,0.01,0.1,0,,
2012,SP,SC,n,30,30,30,30,30,30,30,30,10,10,10,10,10,0,0
2012,SP,SC,p10,11.95,11.35,317,8.8,10,15.2,6.25,42.42,1.09,0.01,0,0.08,0,,
2012,SP,SC,p25,12.2,12.2,326,8.9,11,17.5,6.7,46.42,1.29,0.27,0.01,0.08,0,,
2012,SP,SC,p75,14.8,13.5,375,9.2,14,26.7,9.4,69.45,1.4,0.42,0.01,0.11,0,,
2012,SP,SC,p90,15.4,14.4,396,9.2,15.5,28.5,10.4,79.52,1.47,0.51,0.02,0.13,0.01,,
2012,WN,BWC,median,0.4,13.6,455,8.1,3,2.1,1.6,8.15,2.39,1.89,0.09,0.04,0.01,22,6
2012,WN,BWC,n,45,45,42,45,42,42,42,42,21,21,21,21,21,45,45
2012,WN,BWC,p10,0.1,7.5,442.5,7.5,2,1.15,1.3,6.25,1.89,0.96,0.05,0.03,0.01,10,0
2012,WN,BWC,p25,0.2,12.45,447,7.95,3,1.5,1.4,7.04,2.31,1.81,0.07,0.04,0.01,14.5,5
2012,WN,BWC,p75,0.6,13.85,481,8.1,4,3.3,2.5,10.83,2.46,1.94,0.1,0.05,0.01,25,8.5
2012,WN,BWC,p90,0.9,14.3,610.5,8.2,8.5,15.05,4.85,30.98,2.5,1.96,0.12,0.08,0.02,29,10
2012,WN,IMP,median,0.1,13.7,468.5,8.1,2,1.35,1.4,7.99,2.49,2.08,0.07,0.04,0.01,21,5
2012,WN,IMP,n,25,25,24,25,24,24,24,24,8,8,8,8,8,25,25
2012,WN,IMP,p10,0.1,12,450,8,2,1.1,1.25,6.09,2.46,1.98,0.06,0.03,0.01,16,3
2012,WN,IMP,p25,0.1,13.4,459,8,2,1.1,1.3,7.44,2.47,1.99,0.06,0.03,0.01,18.5,4
2012,WN,IMP,p75,0.25,13.85,480.5,8.1,3,1.5,1.5,8.46,2.6,2.16,0.09,0.04,0.01,26,7
2012,WN,IMP,p90,1.2,14,487,8.2,3,1.7,1.7,10.68,2.63,2.19,0.1,0.04,0.01,30,9
2012,WN,MC,median,0.1,14.2,464,8.1,3,1.5,1.5,7.36,2.44,1.98,0.07,0.04,0.01,15,6
2012,WN,MC,n,25,25,25,25,25,25,25,25,8,8,8,8,8,25,25
2012,WN,MC,p10,0,13.5,453,8,2,1.1,1.2,6.57,2.34,1.85,0.06,0.04,0.01,10,0
2012,WN,MC,p25,0.05,13.85,457,8.05,2,1.25,1.3,6.65,2.39,1.86,0.06,0.04,0.01,11,3.5
2012,WN,MC,p75,0.1,14.3,476,8.2,3,2.05,1.6,7.91,2.55,2.02,0.1,0.04,0.02,16,7.5
2012,WN,MC,p90,0.2,14.4,501,8.2,3,4.1,1.8,8.62,2.76,2.35,0.1,0.05,0.02,18,9
2012,WN,POOL,median,0.112,13.673,464.508,8.042,2.224,1.436,1.395,7.803,2.458,1.981,0.071,0.037,0.011,18.886,5.28
2012,WN,POOL,n,124,124,120,124,120,120,120,120,48,48,48,48,48,124,124
2012,WN,POOL,p10,0.013,11.949,444.701,7.905,2,1.036,1.207,6.461,2.308,1.842,0.054,0.032,0.007,10.087,0.693
2012,WN,POOL,p25,0.047,13.469,450.4,7.982,2,1.213,1.276,7.141,2.409,1.909,0.06,0.034,0.01,14.542,3.485
2012,WN,POOL,p75,0.276,13.966,477.938,8.091,2.701,1.7,1.558,8.46,2.545,2.11,0.088,0.04,0.012,23.787,7.172
2012,WN,POOL,p90,0.802,14.229,487.318,8.152,2.987,2.826,1.98,10.697,2.628,2.19,0.099,0.043,0.014,28.047,9.126
2012,WN,SC,median,0.2,13.7,450,8.1,3,1.6,1.5,7.83,2.44,1.98,0.07,0.04,0.01,17,6
2012,WN,SC,n,29,29,29,29,29,29,29,29,11,11,11,11,11,29,29
2012,WN,SC,p10,0.1,13.6,438.5,8.05,2,1.15,1.3,6.8,2.28,1.88,0.06,0.03,0.01,6.5,0
2012,WN,SC,p25,0.1,13.65,445.5,8.1,2.5,1.3,1.4,7.36,2.36,1.92,0.06,0.04,0.01,12,3.5
2012,WN,SC,p75,0.3,14.1,464.5,8.1,3,2.2,1.55,8.62,2.6,2.25,0.08,0.04,0.01,22,8
2012,WN,SC,p90,0.35,14.25,486.5,8.2,3,2.45,1.6,10.28,2.8,2.47,0.12,0.05,0.01,25.5,10
2013,FL,BWC,median,8.6,11.15,389,8.3,4,3.8,1.5,3.81,1.47,0.83,0.06,0.13,0.08,,
2013,FL,BWC,n,60,60,60,60,60,60,60,60,21,21,21,21,21,0,0
2013,FL,BWC,p10,4.85,8.3,315,7.95,2,1,1,3.03,0.61,0.01,0.01,0.05,0.02,,
2013,FL,BWC,p25,6.6,9.95,382,8.2,3,2.25,1.2,3.33,0.89,0.06,0.02,0.11,0.06,,
2013,FL,BWC,p75,9.8,12.3,406.5,8.4,6,6.35,2.05,4.53,1.58,0.98,0.07,0.14,0.1,,
2013,FL,BWC,p90,13.9,13.6,439.5,8.8,8,8.35,3.15,7.28,1.66,0.99,0.13,0.16,0.11,,
2013,FL,IMP,median,10.1,9.9,394,8.3,3,3.4,1.3,3.45,1.6,0.97,0.07,0.14,0.1,,
2013,FL,IMP,n,25,25,25,25,25,25,25,25,8,8,8,8,8,0,0
2013,FL,IMP,p10,8.6,8.5,383,7.9,2,1,1,2.85,1.05,0.28,0.04,0.13,0.09,,
2013,FL,IMP,p25,9.25,9.45,388.5,8,2,1.75,1.05,3.09,1.47,0.67,0.06,0.13,0.1,,
2013,FL,IMP,p75,13.65,10.65,404.5,8.5,5,5.4,1.6,3.75,1.68,1.14,0.07,0.14,0.11,,
2013,FL,IMP,p90,14,13.4,409,8.8,7,7.6,2,4.29,1.77,1.2,0.1,0.15,0.11,,
2013,FL,MC,median,14.9,9,393,8.2,4,4.6,1.5,3.69,1.49,0.83,0.07,0.14,0.09,,
2013,FL,MC,n,25,25,25,25,25,25,25,25,8,8,8,8,8,0,0
2013,FL,MC,p10,9.4,8.8,373,8.1,3,3.1,1.4,3.21,1.41,0.8,0.06,0.13,0.09,,
2013,FL,MC,p25,10,8.8,379.5,8.1,3,3.3,1.45,3.51,1.44,0.81,0.07,0.13,0.09,,
2013,FL,MC,p75,15.05,9.55,405,8.2,4,6.2,1.7,3.99,1.58,1.01,0.07,0.14,0.09,,
2013,FL,MC,p90,15.2,10.6,410,8.3,6,9.8,2,4.53,1.64,1.07,0.07,0.15,0.1,,
2013,FL,POOL,median,9.915,9.818,390.76,8.182,3.157,3.65,1.38,3.519,1.529,0.909,0.064,0.134,0.093,,
2013,FL,POOL,n,140,140,140,140,140,140,140,140,47,47,47,47,47,,
2013,FL,POOL,p10,7.304,8.488,376.044,7.901,1.554,1.326,0.957,2.919,0.767,0.005,0.015,0.116,0.076,,
2013,FL,POOL,p25,8.856,9.249,383.783,8.044,2.305,2.466,1.166,3.19,1.447,0.788,0.06,0.125,0.084,,
2013,FL,POOL,p75,13.739,10.856,403.464,8.306,4.427,5.708,1.697,3.871,1.654,1.022,0.069,0.14,0.101,,
2013,FL,POOL,p90,14.923,12.672,409.953,8.657,6.316,8.405,2.067,4.504,1.687,1.132,0.074,0.147,0.108,,
2013,FL,SC,median,10.05,9.8,389.5,8.2,4,3.8,1.4,3.45,1.53,0.96,0.07,0.13,0.09,,
2013,FL,SC,n,30,30,30,30,30,30,30,30,10,10,10,10,10,0,0
2013,FL,SC,p10,8.2,8.45,373.5,7.95,3,2.45,1.2,3.09,1.39,0.71,0.06,0.12,0.08,,
2013,FL,SC,p25,9,9,383,8.1,3,3.2,1.3,3.33,1.43,0.78,0.06,0.12,0.08,,
2013,FL,SC,p75,14.8,10.9,394,8.3,5,5.3,1.8,3.69,1.57,1.01,0.07,0.14,0.1,,
2013,FL,SC,p90,15.2,11,425,8.35,7.5,9.55,2.15,4.35,1.79,1.17,0.08,0.15,0.11,,
2013,SM,BWC,median,22.9,8.85,459,8.1,6,4.95,2.75,12.82,2.11,1.48,0.03,0.15,0.07,,
2013,SM,BWC,n,60,60,60,60,60,60,60,60,21,21,21,21,21,0,0
2013,SM,BWC,p10,19.85,4.95,405.5,7.35,2,1.35,1.2,2.57,1.02,0.01,0.02,0.11,0.04,,
2013,SM,BWC,p25,21.45,7,443,7.7,4,2.15,1.6,4.91,1.16,0.28,0.03,0.14,0.05,,
2013,SM,BWC,p75,24.15,11.2,466,8.5,8,8.9,4.45,25.17,2.23,1.58,0.06,0.17,0.08,,
2013,SM,BWC,p90,25.3,12.45,478.5,8.6,10.5,13.85,5.25,34.77,2.42,1.68,0.1,0.2,0.09,,
2013,SM,IMP,median,22.9,10.7,463,8.5,4,3.6,2.8,12.34,2.18,1.47,0.02,0.13,0.08,,
2013,SM,IMP,n,25,25,25,25,25,25,25,25,8,8,8,8,8,0,0
2013,SM,IMP,p10,22.4,8,449,8.2,1,0.6,0.9,2.33,1.31,0.49,0.02,0.12,0.04,,
2013,SM,IMP,p25,22.55,9.75,453.5,8.4,2,1.15,1,3.62,1.6,1.05,0.02,0.12,0.06,,
2013,SM,IMP,p75,23.4,11.15,468,8.6,6.5,7.55,4.05,27.5,2.4,1.63,0.04,0.15,0.08,,
2013,SM,IMP,p90,23.9,12.7,472,8.7,9,11.5,5.3,41.38,2.43,1.67,0.04,0.16,0.09,,
2013,SM,MC,median,22.2,9.7,473,8.4,9,12.2,5.1,33.96,2.52,1.9,0.02,0.16,0.07,,
2013,SM,MC,n,25,25,25,25,25,25,25,25,8,8,8,8,8,0,0
2013,SM,MC,p10,21.2,8.4,464,8.4,6,6.5,3.5,22.34,2.36,1.69,0.01,0.15,0.05,,
2013,SM,MC,p25,21.5,8.5,465,8.4,7,8.95,4.35,28.15,2.41,1.76,0.01,0.15,0.06,,
2013,SM,MC,p75,22.55,10.75,479,8.5,10,13.9,5.6,39.21,2.68,2,0.02,0.16,0.07,,
2013,SM,MC,p90,22.9,11.5,486,8.6,12,17.5,5.9,42.19,2.8,2.11,0.02,0.17,0.08,,
2013,SM,POOL,median,22.778,10.053,463.067,8.395,6.003,6.49,3.7,21.748,2.353,1.554,0.021,0.148,0.07,,
2013,SM,POOL,n,140,140,140,140,140,140,140,140,47,47,47,47,47,,
2013,SM,POOL,p10,21.398,7.459,444.477,7.781,1.447,0.904,0.919,3.104,1.091,0.049,0.013,0.115,0.045,,
2013,SM,POOL,p25,22.185,8.477,456.077,8.21,3.013,2.645,1.688,6.104,1.805,1.145,0.016,0.122,0.054,,
2013,SM,POOL,p75,23.342,10.923,469.692,8.512,8.39,11.297,4.78,31.162,2.46,1.699,0.035,0.16,0.077,,
2013,SM,POOL,p90,24.525,11.851,478.904,8.603,9.76,12.979,5.476,41.024,2.544,1.905,0.041,0.163,0.083,,
2013,SM,SC,median,22.75,8.9,463,8.4,9,10,4.5,27.19,2.42,1.74,0.02,0.16,0.07,,
2013,SM,SC,n,30,30,30,30,30,30,30,30,10,10,10,10,10,0,0
2013,SM,SC,p10,21.85,8.45,452,8.15,6,4.1,2.45,11.05,2.2,1.15,0.01,0.15,0.06,,
2013,SM,SC,p25,22,8.6,458,8.3,8,8,3.9,21.7,2.26,1.52,0.02,0.15,0.06,,
2013,SM,SC,p75,23.4,10.6,477,8.5,10,11.5,5.2,35.25,2.54,1.79,0.03,0.16,0.08,,
2013,SM,SC,p90,25.4,11.55,480,8.6,11,14.2,5.7,41.71,2.78,2.02,0.05,0.17,0.08,,
2013,SP,BWC,median,5.6,11.55,266.5,7.8,12.5,15.05,4.5,12.42,2.46,1.65,0.16,0.14,0.05,,
2013,SP,BWC,n,60,60,60,60,60,60,60,60,21,21,21,21,21,0,0
2013,SP,BWC,p10,5,10.05,181,7.4,7,6.65,2.85,7.88,1.68,0.92,0.02,0.12,0.03,,
2013,SP,BWC,p25,5.3,11.05,195.5,7.5,10,9.65,3.55,9.31,2.11,1.19,0.03,0.13,0.03,,
2013,SP,BWC,p75,7.5,12.1,313,7.95,15,22.3,5.4,20,2.69,1.83,0.24,0.17,0.06,,
2013,SP,BWC,p90,13.45,12.35,328.5,8.1,20.5,26.3,6.05,36.42,3.13,2.26,0.24,0.17,0.06,,
2013,SP,IMP,median,5.7,12.2,270,8,14,20.6,5,12.66,2.48,1.58,0.22,0.16,0.06,,
2013,SP,IMP,n,25,25,25,25,25,25,25,25,8,8,8,8,8,0,0
2013,SP,IMP,p10,5,11.7,193,7.8,12,15.7,4.2,9.79,2.04,1.11,0.02,0.13,0.02,,
2013,SP,IMP,p25,5.2,12.1,233.5,7.9,13,18,4.5,10.99,2.13,1.18,0.04,0.15,0.03,,
2013,SP,IMP,p75,11.2,12.6,312,8.15,15,23.2,6.2,33.47,2.75,1.95,0.25,0.17,0.06,,
2013,SP,IMP,p90,11.8,12.8,325,8.2,15,25.8,6.4,37.85,3.2,2.34,0.25,0.18,0.07,,
2013,SP,MC,median,5.1,12.4,285,7.9,14,19.7,4.9,16.8,2.81,1.93,0.13,0.16,0.05,,
2013,SP,MC,n,25,25,25,25,25,25,25,25,8,8,8,8,8,0,0
2013,SP,MC,p10,4.8,11.3,238,7.7,13,18.4,4.3,10.59,2.5,1.68,0.03,0.15,0.03,,
2013,SP,MC,p25,4.85,12.05,272.5,7.8,13,18.8,4.5,11.38,2.67,1.79,0.04,0.16,0.03,,
2013,SP,MC,p75,11.2,13.05,311,8,14.5,21.4,5.35,26.61,2.9,2,0.27,0.18,0.06,,
2013,SP,MC,p90,12.1,13.2,333,8,15,24.5,5.6,33.39,2.98,2.05,0.28,0.18,0.06,,
2013,SP,POOL,median,5.531,12.084,269.987,7.862,13.23,19.905,4.804,12.541,2.479,1.616,0.208,0.16,0.054,,
2013,SP,POOL,n,140,140,140,140,140,140,140,140,47,47,47,47,47,,
2013,SP,POOL,p10,4.833,11.109,190.275,7.484,9.783,10.396,3.698,8.885,2.007,1.146,0.019,0.12,0.024,,
2013,SP,POOL,p25,5.12,11.63,222.781,7.722,12.067,16.32,4.239,10.52,2.131,1.18,0.036,0.146,0.032,,
2013,SP,POOL,p75,10.987,12.392,311.319,7.978,14.314,22.898,5.628,30.258,2.825,1.941,0.242,0.17,0.059,,
2013,SP,POOL,p90,12.038,12.849,329.001,8.126,16.006,25.73,6.302,35.834,3.205,2.272,0.25,0.176,0.062,,
2013,SP,SC,median,5.6,11.9,204.5,7.75,13.5,18.6,4.7,11.62,2.27,1.46,0.19,0.17,0.06,,
2013,SP,SC,n,30,30,30,30,30,30,30,30,10,10,10,10,10,0,0
2013,SP,SC,p10,5.15,11.35,182,7.5,12,14.5,3.9,7.8,2.03,1.16,0.04,0.15,0.03,,
2013,SP,SC,p25,5.3,11.6,190,7.6,12,15.5,4.1,9.47,2.1,1.2,0.04,0.15,0.03,,
2013,SP,SC,p75,11,12.3,287,7.9,14,22.4,5.4,30.04,2.83,1.85,0.21,0.18,0.06,,
2013,SP,SC,p90,12.25,12.55,343.5,8.1,16,27.45,5.85,34.58,3.72,2.89,0.24,0.19,0.07,,
2013,WN,BWC,median,0.4,14.85,464.5,7.95,2,2.1,1.5,8.78,2.22,1.8,0.05,0.04,0.01,31,0
2013,WN,BWC,n,42,42,38,42,38,38,38,38,21,21,21,21,21,42,42
2013,WN,BWC,p10,0.1,9.65,432,7.35,2,1.25,1.2,5.25,0.78,0.01,0.03,0.04,0.01,17.5,0
2013,WN,BWC,p25,0.2,13.4,437,7.8,2,1.6,1.3,6.7,1.2,0.09,0.04,0.04,0.01,27,0
2013,WN,BWC,p75,1,16.5,490,8.1,3,2.5,1.8,10.86,2.32,1.87,0.07,0.05,0.01,35,1
2013,WN,BWC,p90,1.75,19.55,564,8.25,4.5,6.3,2.55,12.94,2.36,1.96,0.09,0.07,0.01,39.5,10.5
2013,WN,IMP,median,0.2,15.3,441,8,2,1.5,1.2,6.29,2.25,1.89,0.05,0.04,0.01,27,1
2013,WN,IMP,n,25,25,25,25,25,25,25,25,8,8,8,8,8,25,25
2013,WN,IMP,p10,0.2,14.9,432,8,2,1.2,1.1,5.32,2.15,1.82,0.04,0.04,0.01,20,0
2013,WN,IMP,p25,0.2,15.1,437.5,8,2,1.3,1.1,5.87,2.2,1.87,0.04,0.04,0.01,22,0
2013,WN,IMP,p75,0.3,15.65,450.5,8.1,2.5,1.8,1.35,6.84,2.33,1.93,0.06,0.04,0.01,30.5,1
2013,WN,IMP,p90,0.3,15.9,453,8.1,3,2,1.4,7.4,2.38,1.97,0.06,0.05,0.01,35,1
2013,WN,MC,median,0.2,15.1,456,8,2,1.8,1.3,6.56,2.31,1.93,0.05,0.04,0.01,18,0
2013,WN,MC,n,25,25,25,25,25,25,25,25,8,7,7,8,8,25,25
2013,WN,MC,p10,0.1,14.4,435,7.9,2,1.4,1.2,5.32,2.21,1.9,0.05,0.04,0.01,7,0
2013,WN,MC,p25,0.1,14.7,441.5,8,2,1.55,1.3,5.53,2.25,1.92,0.05,0.04,0.01,11,0
2013,WN,MC,p75,0.2,15.3,459,8.1,2,2,1.4,8.3,2.42,1.97,0.06,0.04,0.01,26.5,0
2013,WN,MC,p90,0.3,15.4,463,8.1,3,2.4,1.5,8.78,2.45,2,0.06,0.05,0.02,29,1
2013,WN,POOL,median,0.182,15.197,442.844,7.971,2,1.706,1.266,6.477,2.264,1.894,0.051,0.041,0.011,26.104,0
2013,WN,POOL,n,121,121,117,121,117,117,117,117,47,46,46,47,47,121,121
2013,WN,POOL,p10,0.1,13.863,431.483,7.802,2,1.223,1.06,5.254,2.13,1.748,0.038,0.038,0.008,11.095,0
2013,WN,POOL,p25,0.124,14.749,436.143,7.914,2,1.387,1.155,5.839,2.221,1.854,0.041,0.039,0.01,20.212,0
2013,WN,POOL,p75,0.271,15.509,458.655,8.039,2.221,2.002,1.391,8.114,2.377,1.954,0.055,0.043,0.011,30.409,0.52
2013,WN,POOL,p90,0.396,15.953,470.157,8.086,2.835,2.47,1.585,9.575,2.407,1.993,0.068,0.047,0.013,34.659,0.889
2013,WN,SC,median,0.3,15.1,437,8,2,2,1.3,6.15,2.38,1.98,0.05,0.04,0.01,22,0
2013,WN,SC,n,29,29,29,29,29,29,29,29,10,10,10,10,10,29,29
2013,WN,SC,p10,0.1,14.35,429.5,7.9,2,1.6,1.2,5.46,2.28,1.89,0.04,0.04,0.01,5.5,0
2013,WN,SC,p25,0.2,14.6,431,8,2,1.7,1.3,5.67,2.3,1.91,0.04,0.04,0.01,13.5,0
2013,WN,SC,p75,0.3,15.5,462.5,8.05,3,2.35,1.5,8.57,2.43,2.06,0.05,0.04,0.01,29,1
2013,WN,SC,p90,0.4,15.75,469.5,8.1,3,2.55,1.6,9.75,2.53,2.26,0.08,0.05,0.01,34,1
2014,FL,BWC,median,11.6,10.05,310,8,7,6.14,2.49,7.77,1.49,0.7,0.04,0.1,0.04,,
2014,FL,BWC,n,60,60,60,60,60,60,60,60,21,21,21,21,21,0,0
2014,FL,BWC,p10,10.35,5.7,269,7.4,3,2.7,1.74,3.53,1.16,0.17,0.03,0.1,0.02,,
2014,FL,BWC,p25,11.4,9.35,293.5,7.7,5,4.18,2.23,5.29,1.33,0.47,0.04,0.1,0.03,,
2014,FL,BWC,p75,12.35,10.75,392,8.2,8.5,7.84,3.11,10.26,1.66,0.9,0.06,0.13,0.05,,
2014,FL,BWC,p90,12.9,12.1,445,8.45,15.5,16.26,4.45,16.54,1.97,1.1,0.16,0.14,0.06,,
2014,FL,IMP,median,11.8,9.8,325,8.2,6,4.92,2.12,4.04,1.65,0.94,0.05,0.1,0.05,,
2014,FL,IMP,n,25,25,25,25,25,25,25,25,8,8,8,8,8,0,0
2014,FL,IMP,p10,11.1,8.8,290,7.9,3,1.7,1.26,1.99,1.38,0.81,0.04,0.09,0.04,,
2014,FL,IMP,p25,11.3,9,294,8,5,2.98,1.42,3.31,1.51,0.88,0.04,0.1,0.04,,
2014,FL,IMP,p75,12.1,10.1,337,8.3,8,7.18,2.38,6.89,1.71,0.98,0.07,0.11,0.05,,
2014,FL,IMP,p90,13.5,11,350,8.4,10,8.13,2.63,8.57,1.73,0.99,0.08,0.12,0.06,,
2014,FL,MC,median,12,10.3,309,8,6,6.03,2.25,7.55,1.65,0.9,0.04,0.11,0.05,,
2014,FL,MC,n,25,25,25,25,25,25,25,25,8,8,8,8,8,0,0
2014,FL,MC,p10,11.3,9.1,290,8,6,4.67,1.99,5.36,1.54,0.83,0.04,0.1,0.04,,
2014,FL,MC,p25,11.6,9.3,294.5,8,6,5.1,2.04,6.09,1.62,0.86,0.04,0.1,0.05,,
2014,FL,MC,p75,12.05,11.1,328,8.1,7,6.24,2.32,8.28,1.69,0.92,0.05,0.11,0.06,,
2014,FL,MC,p90,12.3,11.9,347,8.2,8,7.29,2.42,9.89,1.82,1.12,0.06,0.11,0.06,,
2014,FL,POOL,median,11.776,9.809,318.242,8.023,5.928,5.659,2.248,6.61,1.643,0.91,0.045,0.103,0.047,,
2014,FL,POOL,n,140,140,140,140,140,140,140,140,47,47,47,47,47,,
2014,FL,POOL,p10,10.987,8.758,288.318,7.752,3.288,2.303,1.371,2.323,1.27,0.604,0.031,0.092,0.032,,
2014,FL,POOL,p25,11.313,9.307,294.069,7.917,4.798,3.787,1.959,3.947,1.466,0.83,0.04,0.097,0.041,,
2014,FL,POOL,p75,12.108,10.584,337.008,8.167,7.377,7.408,2.508,8.46,1.703,0.948,0.056,0.11,0.051,,
2014,FL,POOL,p90,12.973,11.332,361.9,8.28,9.391,8.54,2.985,9.825,1.839,1.036,0.079,0.121,0.056,,
2014,FL,SC,median,11.95,9.95,307.5,8,8,7.77,2.43,7.92,1.69,0.9,0.05,0.11,0.05,,
2014,FL,SC,n,30,30,30,30,30,30,30,30,10,10,10,10,10,0,0
2014,FL,SC,p10,11.05,9.45,284,7.8,6,5.16,2.01,5.28,1.34,0.61,0.03,0.1,0.03,,
2014,FL,SC,p25,11.8,9.7,296,7.9,6,6.03,2.2,6.96,1.65,0.84,0.04,0.1,0.04,,
2014,FL,SC,p75,12.2,10.7,341,8.2,8,8.53,2.65,9.16,2.01,1.32,0.06,0.11,0.06,,
2014,FL,SC,p90,12.35,11.25,350.5,8.2,10.5,9.7,3.2,9.67,2.12,1.51,0.08,0.15,0.07,,
2014,SM,BWC,median,25.2,8.35,465.5,8.1,6,5.92,2.81,13.36,1.34,0.58,0.03,0.13,0.06,,
2014,SM,BWC,n,60,60,60,60,60,60,60,60,21,21,21,21,21,0,0
2014,SM,BWC,p10,22.9,4.15,413.5,7.45,3,2.28,1.35,2.97,0.78,0.01,0.01,0.11,0.02,,
2014,SM,BWC,p25,23.8,6.8,442.5,7.8,4,3.57,2.06,5.88,1.06,0.01,0.02,0.12,0.03,,
2014,SM,BWC,p75,26.95,10.35,489,8.4,7,8.87,4.67,22.8,1.96,1.27,0.06,0.16,0.08,,
2014,SM,BWC,p90,27.9,11.5,520,8.5,9,10.53,6.88,35.07,2.11,1.4,0.08,0.49,0.12,,
2014,SM,IMP,median,25.3,8.9,485,8.2,5,6.96,2.32,9.36,2.26,1.61,0.03,0.13,0.07,,
2014,SM,IMP,n,25,25,25,25,25,25,25,25,8,8,8,8,8,0,0
2014,SM,IMP,p10,23.8,7.9,470,8.1,4,3.28,1.7,5.73,1.99,1.34,0.02,0.12,0.06,,
2014,SM,IMP,p25,24.4,8.2,476.5,8.1,4.5,4.58,1.96,6.6,2,1.36,0.03,0.12,0.07,,
2014,SM,IMP,p75,26.65,9.9,498.5,8.3,6.5,9.03,2.98,13.14,2.43,1.76,0.04,0.13,0.08,,
2014,SM,IMP,p90,27.3,10.6,520,8.5,9,15.19,4.14,15.03,2.49,1.89,0.04,0.14,0.09,,
2014,SM,MC,median,25.2,8.1,487,8.1,7,10.18,3.06,14.45,2.13,1.5,0.02,0.13,0.06,,
2014,SM,MC,n,25,25,25,25,25,25,25,25,8,8,8,8,8,0,0
2014,SM,MC,p10,23.8,7.6,448,8,6,7.04,1.87,7.33,1.69,0.96,0.01,0.12,0.05,,
2014,SM,MC,p25,23.95,7.75,460.5,8.1,6,8.47,2.78,13.21,1.97,1.26,0.02,0.13,0.06,,
2014,SM,MC,p75,25.4,8.35,501,8.2,8,11.23,3.42,18.95,2.21,1.56,0.02,0.14,0.07,,
2014,SM,MC,p90,25.7,8.7,512,8.4,9,12.52,3.77,28.25,2.27,1.63,0.03,0.15,0.07,,
2014,SM,POOL,median,25.264,8.323,479.453,8.116,5.47,7.773,2.776,11.699,1.998,1.367,0.026,0.129,0.064,,
2014,SM,POOL,n,140,140,140,140,140,140,140,140,47,47,47,47,47,,
2014,SM,POOL,p10,23.654,7.297,439.212,7.939,3.234,3.274,1.698,5.519,1.291,0.156,0.013,0.113,0.045,,
2014,SM,POOL,p25,24.06,7.815,465.602,8.032,4.322,5.214,2.025,7.368,1.734,0.991,0.02,0.122,0.054,,
2014,SM,POOL,p75,25.971,9.405,498.612,8.243,6.859,10.249,3.233,14.955,2.264,1.591,0.034,0.136,0.071,,
2014,SM,POOL,p90,27.113,10.524,518.472,8.422,8.184,12.606,4.249,26.448,2.421,1.768,0.038,0.146,0.082,,
2014,SM,SC,median,25.4,7.95,470,8.1,7,10.06,3.04,12.99,1.86,1.12,0.03,0.13,0.06,,
2014,SM,SC,n,30,30,30,30,30,30,30,30,10,10,10,10,10,0,0
2014,SM,SC,p10,23.7,7.55,431,8.05,5,6.04,2.08,8.13,1.44,0.74,0.02,0.12,0.05,,
2014,SM,SC,p25,24.9,7.7,444,8.1,6,7.67,2.92,11.83,1.52,0.81,0.02,0.12,0.05,,
2014,SM,SC,p75,25.9,8.3,502,8.2,8,11.04,3.18,15.03,1.98,1.37,0.03,0.14,0.06,,
2014,SM,SC,p90,26.75,9.4,517.5,8.4,8,11.81,3.43,24.18,2.42,1.73,0.06,0.15,0.08,,
2014,SP,BWC,median,7.75,10.55,243,7.8,7,9.83,3.63,5.43,1.51,0.85,0.05,0.09,0.03,,
2014,SP,BWC,n,60,60,60,60,60,60,60,60,21,21,21,21,21,0,0
2014,SP,BWC,p10,7.2,9.8,186.5,7.6,5,3.82,2.06,3.58,1.37,0.74,0.02,0.08,0.01,,
2014,SP,BWC,p25,7.4,10,197,7.65,6,6.58,2.44,4.79,1.44,0.82,0.04,0.08,0.03,,
2014,SP,BWC,p75,9.5,11.35,279.5,7.9,10,15.88,4.6,6.64,1.95,1.22,0.05,0.1,0.03,,
2014,SP,BWC,p90,12.15,12.5,400.5,8.6,11.5,20.26,7.07,51.4,2.11,1.38,0.06,0.12,0.04,,
2014,SP,IMP,median,8.1,10.2,229,7.8,12,23.31,5.1,6.56,1.67,0.93,0.05,0.11,0.03,,
2014,SP,IMP,n,25,25,25,25,25,25,25,25,8,8,8,8,8,0,0
2014,SP,IMP,p10,7.6,10.1,195,7.6,9,15.3,3.6,5,1.56,0.84,0.05,0.1,0.03,,
2014,SP,IMP,p25,8.05,10.2,212.5,7.8,11,18.3,4.41,5.93,1.62,0.87,0.05,0.11,0.03,,
2014,SP,IMP,p75,8.3,10.35,275.5,8,15,28.16,5.75,7.28,1.92,1.05,0.06,0.12,0.03,,
2014,SP,IMP,p90,8.3,10.5,281,8,16,32.67,6.38,7.56,2.3,1.24,0.07,0.13,0.03,,
2014,SP,MC,median,7.8,10.7,276,7.8,10,14.67,3.91,5.71,2.19,1.53,0.08,0.11,0.04,,
2014,SP,MC,n,25,25,25,25,25,25,25,25,8,8,8,8,8,0,0
2014,SP,MC,p10,7.2,10.3,204,7.7,8,12.46,3.46,4.71,1.85,1.19,0.06,0.09,0.03,,
2014,SP,MC,p25,7.5,10.45,237,7.7,9,13.04,3.78,5.43,2.09,1.39,0.08,0.11,0.03,,
2014,SP,MC,p75,8.25,10.95,308.5,7.9,10.5,18.6,4.29,6.42,2.3,1.62,0.09,0.12,0.04,,
2014,SP,MC,p90,8.4,11.1,322,7.9,12,20.59,4.6,6.71,2.36,1.7,0.09,0.13,0.04,,
2014,SP,POOL,median,8.026,10.305,248.617,7.764,10.206,17.755,4.385,6.001,1.671,0.937,0.049,0.108,0.031,,
2014,SP,POOL,n,140,140,140,140,140,140,140,140,47,47,47,47,47,,
2014,SP,POOL,p10,7.229,9.979,190.96,7.575,6.353,7.902,2.824,4.349,1.455,0.824,0.043,0.084,0.026,,
2014,SP,POOL,p25,7.509,10.145,207.442,7.696,8.215,13.008,3.73,5.183,1.561,0.844,0.045,0.096,0.028,,
2014,SP,POOL,p75,8.229,10.693,276.679,7.872,12.072,23.745,5.193,6.625,2.116,1.392,0.065,0.116,0.033,,
2014,SP,POOL,p90,8.647,11.397,311.799,7.974,14.885,28.669,5.893,7.521,2.383,1.614,0.078,0.122,0.036,,
2014,SP,SC,median,7.7,10.9,263.5,7.8,10,14.79,3.91,5.43,2.06,1.39,0.05,0.11,0.03,,
2014,SP,SC,n,30,30,30,30,30,30,30,30,10,10,10,10,10,0,0
2014,SP,SC,p10,7.1,10.25,189.5,7.65,8,11.63,3.32,4.5,1.44,0.83,0.05,0.1,0.03,,
2014,SP,SC,p25,7.4,10.5,202,7.7,9,13.31,3.62,4.86,1.55,0.84,0.05,0.1,0.03,,
2014,SP,SC,p75,8.2,11.4,275,7.9,12,21.6,4.54,5.99,2.37,1.66,0.07,0.11,0.03,,
2014,SP,SC,p90,8.7,12.15,299.5,8,14.5,30.97,5.07,6.28,2.44,1.77,0.09,0.12,0.04,,
2014,WN,BWC,median,0.2,10.5,424.5,7.6,3,1.36,1,1,2.47,1.95,0.22,0.06,0.02,41,11
2014,WN,BWC,n,23,23,22,23,22,22,22,22,19,19,19,19,19,23,23
2014,WN,BWC,p10,0,0.6,375,7.45,2,0.73,0.73,1,1.87,0.96,0.17,0.05,0.01,31,3
2014,WN,BWC,p25,0.1,3.95,418,7.5,3,0.93,0.83,1,2.4,1.55,0.18,0.05,0.01,36,8
2014,WN,BWC,p75,0.45,11.65,544,7.9,5,2.03,1.62,2.42,2.57,2.03,0.24,0.08,0.02,42,13.5
2014,WN,BWC,p90,0.9,12.15,800.5,8,42.5,18.07,7.56,13.38,2.76,2.05,1.16,0.21,0.02,47.5,15
2014,WN,IMP,median,0.1,12.5,444.5,7.7,3,1.16,0.95,1,2.62,2.15,0.16,0.05,0.02,40,10
2014,WN,IMP,n,23,23,22,23,22,22,22,22,8,8,8,8,8,23,23
2014,WN,IMP,p10,0,8.05,426,7.65,2,0.72,0.72,1,2.46,1.95,0.15,0.05,0.02,34,4
2014,WN,IMP,p25,0,12.1,437,7.7,2,0.89,0.83,1,2.53,2,0.16,0.05,0.02,39,8
2014,WN,IMP,p75,0.1,12.6,462,7.85,3,2.36,1.09,1,2.7,2.28,0.19,0.06,0.02,44.5,13
2014,WN,IMP,p90,0.4,12.8,504.5,7.95,4.5,3.08,1.56,1.22,2.75,2.3,0.26,0.07,0.03,48.5,18
2014,WN,MC,median,0.1,12.5,433,7.7,2,0.76,0.69,1,2.48,2.02,0.18,0.06,0.02,37,8
2014,WN,MC,n,25,25,25,25,25,25,25,25,8,8,8,8,8,25,25
2014,WN,MC,p10,0,11.8,420,7.6,2,0.42,0.56,1,2.37,1.95,0.16,0.05,0.02,25,4
2014,WN,MC,p25,0,12.1,425.5,7.7,2,0.57,0.64,1,2.42,1.97,0.16,0.05,0.02,28.5,6
2014,WN,MC,p75,0.1,12.8,439,8,2.5,1.21,0.83,1,2.5,2.03,0.18,0.07,0.02,43.5,13
2014,WN,MC,p90,0.2,12.9,464,8.1,3,1.72,0.95,1,2.54,2.05,0.19,0.08,0.02,50,15
2014,WN,POOL,median,0.053,12.135,438.041,7.659,2.128,1.057,0.873,1,2.525,2.021,0.172,0.053,0.02,39.236,9.809
2014,WN,POOL,n,98,98,96,98,96,96,96,96,45,45,45,45,45,98,98
2014,WN,POOL,p10,0,5.698,415.677,7.456,2,0.646,0.653,1,2.375,1.852,0.151,0.05,0.016,28.511,3.336
2014,WN,POOL,p25,0.003,11.117,421.712,7.598,2,0.786,0.738,1,2.44,1.953,0.155,0.051,0.019,33.953,6.838
2014,WN,POOL,p75,0.128,12.535,455.367,7.831,2.73,1.597,1.081,1,2.626,2.165,0.198,0.06,0.022,42.211,12.751
2014,WN,POOL,p90,0.375,12.734,530.815,7.961,4.207,2.655,1.558,1.278,2.719,2.277,0.243,0.066,0.024,47.453,15.124
2014,WN,SC,median,0.1,11.7,420,7.7,3,0.91,0.82,1,2.51,2,0.17,0.06,0.02,35,10
2014,WN,SC,n,27,27,27,27,27,27,27,27,10,10,10,10,10,27,27
2014,WN,SC,p10,0.05,10.6,410,7.5,2,0.53,0.64,1,2.42,1.95,0.15,0.05,0.02,22,3.5
2014,WN,SC,p25,0.1,11.35,414.5,7.6,2,0.65,0.68,1,2.48,1.96,0.15,0.05,0.02,28,6
2014,WN,SC,p75,0.1,12.45,451,7.9,3,1.41,0.9,1,2.6,2.21,0.2,0.06,0.02,40.5,13
2014,WN,SC,p90,0.25,12.85,455.5,8.1,3,1.55,0.93,1,2.69,2.29,0.23,0.06,0.03,43,14.5
2015,FL,BWC,median,13.8,11.1,375.5,8.5,5,5.39,2.5,15.7,1.53,0.49,0.02,0.09,0.03,,
2015,FL,BWC,n,60,60,60,60,60,60,60,60,21,21,21,21,21,0,0
2015,FL,BWC,p10,12,7.2,358,7.75,1,0.8,1.04,2.74,0.7,0.01,0.02,0.05,0.01,,
2015,FL,BWC,p25,13,9.35,362.5,8.1,3,2.37,1.62,4.46,0.93,0.01,0.02,0.08,0.01,,
2015,FL,BWC,p75,14.6,12.35,398,8.7,7,8.34,3.31,22.47,1.79,1.03,0.03,0.1,0.04,,
2015,FL,BWC,p90,15.35,13.4,459,8.95,12,13.64,5.25,31.14,1.92,1.17,0.07,0.12,0.04,,
2015,FL,IMP,median,14.3,9.1,387,8.2,3,3.11,1.68,10.56,1.79,1.06,0.04,0.1,0.04,,
2015,FL,IMP,n,25,25,25,25,25,25,25,25,8,8,8,8,8,0,0
2015,FL,IMP,p10,13.8,7,377,7.8,2,1.39,1.1,4.46,1.68,0.9,0.02,0.09,0.03,,
2015,FL,IMP,p25,14.1,8.35,384,8.1,2,1.76,1.31,6.27,1.73,1.01,0.03,0.1,0.04,,
2015,FL,IMP,p75,14.7,9.8,396,8.4,4.5,5.95,2.39,19.04,1.87,1.15,0.07,0.11,0.04,,
2015,FL,IMP,p90,15.1,10.5,401,8.5,6,8.34,2.67,24.66,1.88,1.21,0.09,0.11,0.05,,
2015,FL,MC,median,14.3,10,369,8.3,4,6,2.34,20.85,1.84,1.22,0.02,0.1,0.04,,
2015,FL,MC,n,25,25,25,25,25,25,25,25,8,8,8,8,8,0,0
2015,FL,MC,p10,14.1,9.5,366,8.2,4,5.26,2.13,17.04,1.77,1.1,0.01,0.1,0.03,,
2015,FL,MC,p25,14.2,9.9,367,8.2,4,5.4,2.22,18.28,1.82,1.15,0.02,0.1,0.03,,
2015,FL,MC,p75,14.6,10.2,383.5,8.3,5,6.68,2.51,24.76,1.93,1.27,0.02,0.1,0.04,,
2015,FL,MC,p90,14.7,10.3,385,8.4,5,7.28,2.71,25.99,2.05,1.29,0.02,0.11,0.05,,
2015,FL,POOL,median,14.214,9.848,383.845,8.256,3.654,5.297,2.254,16.616,1.784,1.056,0.024,0.096,0.035,,
2015,FL,POOL,n,140,140,140,140,140,140,140,140,47,47,47,47,47,,
2015,FL,POOL,p10,12.575,7.785,362.31,7.876,1.247,1.418,1.113,4.085,1.169,0.072,0.014,0.076,0.015,,
2015,FL,POOL,p25,13.782,9.003,367.917,8.105,2.249,2.157,1.546,7.136,1.651,0.876,0.016,0.087,0.028,,
2015,FL,POOL,p75,14.611,10.563,392.894,8.4,4.797,7.171,2.55,21.418,1.861,1.175,0.043,0.102,0.038,,
2015,FL,POOL,p90,15.123,12.26,402.806,8.588,6.611,8.927,2.968,25.798,1.962,1.261,0.066,0.105,0.044,,
2015,FL,SC,median,14.05,10.6,369.5,8.4,5,6.95,2.51,20.09,1.83,1.04,0.02,0.09,0.03,,
2015,FL,SC,n,30,30,30,30,30,30,30,30,10,10,10,10,10,0,0
2015,FL,SC,p10,12.25,9.65,358,8.3,2.5,3.14,1.67,11.8,1.07,0.35,0.01,0.07,0.02,,
2015,FL,SC,p25,12.6,9.9,366,8.4,4,5.17,2.3,15.7,1.54,0.75,0.02,0.09,0.03,,
2015,FL,SC,p75,15.1,11.5,395,8.6,6,7.52,2.79,23.33,2.01,1.33,0.03,0.1,0.03,,
2015,FL,SC,p90,15.3,12.8,402.5,8.8,7,10.54,3.26,25.71,2.03,1.41,0.05,0.1,0.04,,
2015,SM,BWC,median,26.4,9.55,375.5,8.6,6,5.65,3.66,19.94,1,0.02,0.03,0.12,0.02,,
2015,SM,BWC,n,60,60,60,60,60,60,60,60,21,21,21,21,21,0,0
2015,SM,BWC,p10,23.75,1.55,305,7.3,2,1.61,1.49,6.11,0.78,0.01,0.01,0.09,0,,
2015,SM,BWC,p25,25.2,4.9,335,7.65,3,2.64,2.07,7.77,0.88,0.02,0.02,0.1,0.01,,
2015,SM,BWC,p75,27.2,13.3,397,8.85,8,11.79,6.22,48.33,1.88,0.77,0.04,0.25,0.09,,
2015,SM,BWC,p90,28.55,15.1,417.5,9,12,22.73,9.23,84.99,2.3,1.34,0.1,0.35,0.12,,
2015,SM,IMP,median,27,10.6,396,8.6,3,3.71,1.95,10.07,1.78,1.1,0.04,0.1,0.02,,
2015,SM,IMP,n,25,25,25,25,25,25,25,25,8,8,8,8,8,0,0
2015,SM,IMP,p10,24.1,6,381,7.8,1,0.45,0.78,3.88,1.25,0.55,0.02,0.08,0,,
2015,SM,IMP,p25,26.15,7.9,384.5,8.05,1,0.76,0.95,4.89,1.62,0.89,0.02,0.09,0.01,,
2015,SM,IMP,p75,27.55,13.7,401.5,8.85,8,10.38,5.39,42.92,2.05,1.23,0.05,0.11,0.04,,
2015,SM,IMP,p90,27.9,14.7,425,9,10,18.93,7.06,60.64,2.14,1.26,0.05,0.17,0.06,,
2015,SM,MC,median,26.4,11.3,393,8.8,11,18.69,8.18,92.34,1.85,0.92,0.02,0.11,0.01,,
2015,SM,MC,n,25,25,25,25,25,25,25,25,8,8,8,8,8,0,0
2015,SM,MC,p10,25.9,10.1,380,8.5,9,13.26,5.88,58.77,1.59,0.59,0.01,0.11,0,,
2015,SM,MC,p25,26.1,10.6,382.5,8.6,9,15.44,6.15,63.67,1.62,0.65,0.01,0.11,0,,
2015,SM,MC,p75,26.8,12.25,415.5,8.9,12,20.79,8.74,105.45,2.33,1.54,0.02,0.12,0.02,,
2015,SM,MC,p90,27,13.7,417,9,13,21.84,9.78,110.2,2.53,1.74,0.02,0.12,0.02,,
2015,SM,POOL,median,26.536,10.882,390.449,8.594,6.087,7.963,5.077,34.365,1.696,0.979,0.022,0.106,0.016,,
2015,SM,POOL,n,140,140,140,140,140,140,140,140,47,47,47,47,47,,
2015,SM,POOL,p10,24.218,4.852,352.073,7.722,1,0.706,0.864,4.362,0.899,0.01,0.014,0.083,0.001,,
2015,SM,POOL,p25,26.01,8.611,379.156,8.208,2.166,1.883,1.631,8.308,1.388,0.33,0.018,0.096,0.004,,
2015,SM,POOL,p75,27.312,12.995,401.215,8.829,9.896,17.899,7.066,64.275,2.115,1.241,0.034,0.116,0.024,,
2015,SM,POOL,p90,27.876,14.602,420.057,8.976,11.854,21.287,8.68,94.064,2.367,1.444,0.051,0.209,0.063,,
2015,SM,SC,median,26.55,11.65,384.5,8.8,10.5,17.13,6.84,63.45,1.96,1.02,0.02,0.11,0.02,,
2015,SM,SC,n,30,30,30,30,30,30,30,30,10,10,10,10,10,0,0
2015,SM,SC,p10,26,6.1,352.5,8.2,3,3.19,2.44,16.7,1.06,0.12,0.01,0.1,0.01,,
2015,SM,SC,p25,26.3,10.8,376,8.6,8,13.56,6.4,50.7,1.54,0.42,0.02,0.1,0.01,,
2015,SM,SC,p75,27,13,401,9,13,21.58,8.04,74.61,2.38,1.65,0.02,0.12,0.02,,
2015,SM,SC,p90,28.1,15.05,421,9.1,13.5,25.17,9.55,95.15,2.47,1.71,0.02,0.17,0.08,,
2015,SP,BWC,median,12.6,12.75,315.5,8.8,8,12.06,5.42,34.67,1.25,0.23,0.01,0.09,0.01,,
2015,SP,BWC,n,60,60,60,60,60,60,60,60,21,21,21,21,21,0,0
2015,SP,BWC,p10,8.3,10.6,266.5,8.05,5.5,6.52,3.7,13.74,0.74,0.01,0.01,0.06,0,,
2015,SP,BWC,p25,9.9,11.2,301.5,8.6,6,10.18,4.79,29.04,0.94,0.01,0.01,0.07,0,,
2015,SP,BWC,p75,18.75,14.4,340,9,10,14.45,6.75,45.08,1.53,0.73,0.03,0.09,0.01,,
2015,SP,BWC,p90,20.45,16.65,353.5,9.2,13,17.68,8.5,56.56,1.64,0.84,0.07,0.12,0.03,,
2015,SP,IMP,median,13.4,14,310,8.9,6,10.18,4.89,37.29,1.65,0.95,0.01,0.05,0.01,,
2015,SP,IMP,n,25,25,25,25,25,25,25,25,8,8,8,8,8,0,0
2015,SP,IMP,p10,10.6,12.4,295,8.7,5,7.23,4.2,26.79,1.48,0.67,0.01,0.05,0,,
2015,SP,IMP,p25,11.35,13.35,303,8.8,5.5,8.44,4.66,33.99,1.51,0.79,0.01,0.05,0.01,,
2015,SP,IMP,p75,14.8,15.95,333.5,9,6.5,11.02,5.69,40.07,1.86,1.24,0.01,0.06,0.01,,
2015,SP,IMP,p90,15.2,16.6,343,9.1,7,13.84,6.32,46.28,1.95,1.39,0.01,0.07,0.01,,
2015,SP,MC,median,12,12.3,342,8.8,8,12.26,5.1,35.34,1.55,0.77,0.01,0.06,0.01,,
2015,SP,MC,n,25,25,25,25,25,25,25,25,8,8,8,8,8,0,0
2015,SP,MC,p10,9,10.2,299,8.6,7,10.74,4.72,31.59,1.39,0.62,0.01,0.06,0.01,,
2015,SP,MC,p25,10.25,10.6,302.5,8.7,7,11.35,4.88,32.27,1.4,0.68,0.01,0.06,0.01,,
2015,SP,MC,p75,12.75,12.9,350.5,8.8,10,17.06,5.66,38.34,1.63,0.87,0.02,0.08,0.01,,
2015,SP,MC,p90,13,13.1,363,8.9,11,19.46,6.05,39.24,1.66,0.92,0.02,0.08,0.01,,
2015,SP,POOL,median,12.82,13.149,314.688,8.789,6.109,10.856,5.037,35.412,1.526,0.8,0.01,0.061,0.005,,
2015,SP,POOL,n,140,140,140,140,140,140,140,140,47,47,47,47,47,,
2015,SP,POOL,p10,9.602,10.556,291.275,8.54,4.592,8.176,4.349,26.702,1.092,0.146,0.004,0.048,0.003,,
2015,SP,POOL,p25,10.702,11.907,302.254,8.678,5.337,9.503,4.656,32.631,1.441,0.573,0.007,0.052,0.004,,
2015,SP,POOL,p75,14.027,14.481,341.315,8.926,7.616,13.434,5.861,39.316,1.736,1.021,0.012,0.072,0.006,,
2015,SP,POOL,p90,17.819,16.147,351.741,9.057,10.775,16.947,6.623,46.223,1.95,1.341,0.017,0.088,0.007,,
2015,SP,SC,median,11.95,12.9,328,8.8,7,11.48,4.8,33.77,1.49,0.82,0.01,0.07,0.01,,
2015,SP,SC,n,30,30,30,30,30,30,30,30,10,10,10,10,10,0,0
2015,SP,SC,p10,10.3,10.35,291,8.6,6,9.08,4.41,29.94,1.39,0.5,0,0.06,0.01,,
2015,SP,SC,p25,10.8,10.8,296,8.7,6,9.94,4.61,32.64,1.44,0.62,0,0.06,0.01,,
2015,SP,SC,p75,13,13.4,348,8.9,9,14.49,5.18,37.74,2.01,1.35,0.01,0.08,0.01,,
2015,SP,SC,p90,13.8,15.3,352,9,11.5,19.18,6.3,40.96,2.3,1.68,0.02,0.1,0.01,,
2015,WN,BWC,median,0.5,12,378.5,8,3,1.79,1.53,2.84,2.22,1.67,0.16,0.05,0.01,32,3
2015,WN,BWC,n,43,43,32,43,32,32,32,32,21,21,21,21,21,43,43
2015,WN,BWC,p10,0.1,6.25,297,7.55,2.5,1.23,1.18,1.62,1.09,0.58,0.01,0.04,0,19.5,1
2015,WN,BWC,p25,0.3,11,373,7.7,3,1.47,1.26,1.89,2.03,1.64,0.14,0.05,0.01,26.5,2
2015,WN,BWC,p75,0.8,13.05,412,8.1,4,2.63,2.08,12.72,2.32,1.73,0.18,0.06,0.01,36.5,4
2015,WN,BWC,p90,1.2,14.45,616.5,8.3,5,4.16,2.73,22.26,2.44,1.81,0.2,0.06,0.01,40,10
2015,WN,IMP,median,0.1,13.5,419,8.3,3,1.25,1.14,1.96,2.36,1.86,0.19,0.05,0.01,35,6
2015,WN,IMP,n,25,25,25,25,25,25,25,25,8,8,8,8,8,25,25
2015,WN,IMP,p10,0,12.8,408,8.2,2,0.99,1.01,1.55,1.44,0.9,0.09,0.04,0.01,25,3
2015,WN,IMP,p25,0,12.95,411,8.2,3,1.15,1.07,1.75,2.31,1.82,0.17,0.04,0.01,31.5,4
2015,WN,IMP,p75,0.1,13.75,427.5,8.3,3,1.61,1.29,2.03,2.48,1.98,0.2,0.05,0.01,37.5,7
2015,WN,IMP,p90,0.7,13.9,451,8.4,4,2.23,1.53,2.37,2.59,2.12,0.2,0.05,0.02,41,10
2015,WN,MC,median,0,13.5,398,8.2,3,1.02,1.06,1.82,2.17,1.76,0.18,0.04,0.01,24,3
2015,WN,MC,n,25,25,25,25,25,25,25,25,8,8,8,8,8,25,25
2015,WN,MC,p10,0,12.8,383,8,2,0.86,0.88,1.41,1.99,1.68,0.17,0.04,0.01,15,1
2015,WN,MC,p25,0,13,392.5,8,2,0.96,0.93,1.75,2.03,1.75,0.17,0.04,0.01,19,2
2015,WN,MC,p75,0,13.95,403.5,8.2,3,1.28,1.18,1.96,2.36,1.8,0.18,0.05,0.01,29.5,7
2015,WN,MC,p90,0.1,14.1,423,8.3,3,1.5,1.24,2.09,2.55,1.98,0.18,0.05,0.01,34,8
2015,WN,POOL,median,0.034,13.21,408.413,8.157,2.492,1.311,1.201,1.868,2.314,1.802,0.18,0.045,0.011,32.081,4.052
2015,WN,POOL,n,123,123,109,123,109,109,109,109,47,47,47,47,47,123,123
2015,WN,POOL,p10,0,11.068,375.191,7.846,2,0.971,0.979,1.518,1.655,1.605,0.118,0.04,0.007,18.049,0.981
2015,WN,POOL,p25,0,12.714,390.53,7.996,2.092,1.146,1.076,1.694,2.179,1.694,0.161,0.043,0.01,24.905,1.956
2015,WN,POOL,p75,0.348,13.638,423.588,8.245,2.892,1.743,1.434,2.1,2.451,1.914,0.197,0.048,0.013,36.017,6.315
2015,WN,POOL,p90,0.739,13.931,444.164,8.292,3.633,2.608,1.733,6.348,2.625,2.073,0.2,0.051,0.014,39.719,9.335
2015,WN,SC,median,0.1,13,405,8.2,3,1.39,1.22,1.96,2.49,1.84,0.19,0.05,0.01,30.5,5.5
2015,WN,SC,n,30,30,27,30,27,27,27,27,10,10,10,10,10,30,30
2015,WN,SC,p10,0,6.7,376,7.85,2.5,1.08,0.97,1.62,2.17,1.65,0.14,0.05,0.01,7,1
2015,WN,SC,p25,0,12.7,378.5,8,3,1.3,1.14,1.68,2.25,1.76,0.16,0.05,0.01,18,2
2015,WN,SC,p75,0.2,13.5,409,8.3,3,1.78,1.29,2.1,2.56,1.99,0.2,0.05,0.01,33,8
2015,WN,SC,p90,0.45,13.85,440,8.3,4,2.43,1.55,2.3,2.66,2.13,0.2,0.06,0.02,39,10.5
2016,FL,BWC,median,15.5,8.4,489,7.9,7,5.5,2.63,6.78,3.93,3.29,0.03,0.13,0.05,,
2016,FL,BWC,n,60,60,60,60,60,60,60,60,21,21,21,21,21,0,0
2016,FL,BWC,p10,15,6.2,366,7.5,3,1.49,1.3,1.02,1.14,0.65,0.02,0.05,0.01,,
2016,FL,BWC,p25,15.2,6.9,439.5,7.7,5,3.23,1.83,2.5,3.12,2.41,0.02,0.12,0.03,,
2016,FL,BWC,p75,16.1,9.1,515.5,8.1,10,9.52,3.25,9.88,4.48,3.91,0.04,0.13,0.05,,
2016,FL,BWC,p90,16.65,10.05,532,8.25,11.5,12.31,4.56,20.92,4.75,4.06,0.07,0.14,0.06,,
2016,FL,IMP,median,14.3,8.9,510,8.2,9,7.03,2.34,6.14,4.33,3.77,0.03,0.13,0.04,,
2016,FL,IMP,n,25,25,24,25,25,25,25,25,9,9,9,9,9,0,0
2016,FL,IMP,p10,13.4,8.3,466,8,4,3.14,1.57,2.13,3.58,3.14,0.02,0.12,0.03,,
2016,FL,IMP,p25,13.85,8.75,484.5,8,7,4.74,1.9,4.23,3.9,3.41,0.02,0.12,0.03,,
2016,FL,IMP,p75,15.1,9.4,521.5,8.2,11,11.31,3.11,8.06,4.72,4.17,0.04,0.14,0.05,,
2016,FL,IMP,p90,15.4,10,533.5,8.3,11,12.11,3.61,8.88,4.88,4.25,0.04,0.15,0.05,,
2016,FL,MC,median,14.8,9,507,8.1,14,13.33,3.52,8.51,4.65,4.11,0.02,0.14,0.05,,
2016,FL,MC,n,25,25,25,25,25,25,25,25,8,8,8,8,8,0,0
2016,FL,MC,p10,14.7,8.7,468,8,10,11,3.18,7.06,4.15,3.58,0.02,0.13,0.03,,
2016,FL,MC,p25,14.8,9,503,8.1,12,12.09,3.32,7.79,4.43,3.76,0.02,0.13,0.03,,
2016,FL,MC,p75,15.1,9.1,513.5,8.1,15,14.04,3.83,9.15,5.01,4.38,0.03,0.14,0.06,,
2016,FL,MC,p90,15.5,9.2,538,8.1,16,15.39,3.89,9.43,5.24,4.65,0.03,0.15,0.07,,
2016,FL,POOL,median,14.923,8.856,504.841,8.038,9.438,9.768,2.987,7.451,4.349,3.768,0.024,0.127,0.039,,
2016,FL,POOL,n,140,140,139,140,140,140,140,140,48,48,48,48,48,,
2016,FL,POOL,p10,13.601,6.917,441.658,7.683,3.763,3.073,1.583,2.174,3.384,2.963,0.018,0.112,0.028,,
2016,FL,POOL,p25,14.264,8.417,475.408,7.92,6.573,5.212,2.166,5.19,3.974,3.398,0.022,0.121,0.033,,
2016,FL,POOL,p75,15.423,9.056,519.01,8.125,11.33,12.294,3.455,8.79,4.65,4.104,0.033,0.135,0.049,,
2016,FL,POOL,p90,15.879,9.761,531.755,8.212,14.214,14.075,3.864,10.299,4.963,4.254,0.038,0.14,0.054,,
2016,FL,SC,median,15.5,8.75,484.5,8.05,11.5,12.09,3.3,8.61,4.43,3.75,0.02,0.13,0.04,,
2016,FL,SC,n,30,30,30,30,30,30,30,30,10,10,10,10,10,0,0
2016,FL,SC,p10,14.35,8.25,441.5,7.8,8,7.16,2.42,6.51,4.03,3.45,0.02,0.13,0.04,,
2016,FL,SC,p25,15,8.4,451,7.9,10,10.3,2.99,7.42,4.12,3.66,0.02,0.13,0.04,,
2016,FL,SC,p75,15.8,8.9,505,8.1,12,13.08,3.48,9.43,4.6,4.01,0.03,0.14,0.05,,
2016,FL,SC,p90,16,9.1,534.5,8.2,13,14.62,3.57,10.07,5,4.27,0.03,0.14,0.06,,
2016,SM,BWC,median,27.25,5.25,339.5,7.4,5,3.61,1.95,6.38,1.98,1.24,0.04,0.12,0.05,,
2016,SM,BWC,n,60,60,60,60,60,60,60,60,21,21,21,21,21,0,0
2016,SM,BWC,p10,26.25,2.35,296,7.15,2,0.98,1.08,1,0.98,0.01,0.01,0.1,0.01,,
2016,SM,BWC,p25,26.6,3.55,308,7.3,2,1.61,1.28,2.72,1.63,0.31,0.03,0.11,0.04,,
2016,SM,BWC,p75,27.7,6,362.5,7.5,7,7.63,2.95,11.5,2.61,1.74,0.06,0.14,0.06,,
2016,SM,BWC,p90,28.15,6.8,416.5,7.7,9,11.11,6.78,32.14,2.78,2,0.07,0.29,0.08,,
2016,SM,IMP,median,27,6.6,347,7.6,3,2,1.29,3.49,2.85,2.08,0.05,0.12,0.07,,
2016,SM,IMP,n,25,25,25,25,25,25,25,25,8,8,8,8,8,0,0
2016,SM,IMP,p10,26.2,5.4,299,7.4,1,0.38,0.73,1,2.13,1.41,0.03,0.11,0.05,,
2016,SM,IMP,p25,26.6,5.55,301,7.5,2,0.95,0.98,1,2.24,1.44,0.03,0.11,0.06,,
2016,SM,IMP,p75,27.45,7.2,353,7.7,5,4.41,1.95,6.58,3.21,2.44,0.06,0.13,0.08,,
2016,SM,IMP,p90,27.6,8.1,358,7.9,8,8.86,2.6,8.31,3.27,2.47,0.06,0.14,0.09,,
2016,SM,MC,median,26.6,5.8,306,7.5,8,9.8,3.07,10.24,2.89,2.05,0.04,0.13,0.06,,
2016,SM,MC,n,25,25,25,25,25,25,25,25,8,8,8,8,8,0,0
2016,SM,MC,p10,26.1,4.6,296,7.3,4,5.26,1.83,3.68,1.97,1.26,0.02,0.11,0.06,,
2016,SM,MC,p25,26.25,5.05,302,7.4,6,7.26,2.13,5.81,1.99,1.34,0.03,0.11,0.06,,
2016,SM,MC,p75,26.85,6.05,348.5,7.6,8.5,12.75,3.48,11.79,3.09,2.27,0.05,0.14,0.08,,
2016,SM,MC,p90,27.3,6.2,367,7.6,17,23.27,5.04,12.94,3.37,2.48,0.06,0.14,0.09,,
2016,SM,POOL,median,26.844,5.838,339.912,7.468,4.155,4.299,1.855,5.754,2.497,1.718,0.043,0.118,0.059,,
2016,SM,POOL,n,140,140,140,140,140,140,140,140,47,47,47,47,47,,
2016,SM,POOL,p10,26.124,4.153,298.177,7.243,1,0.763,0.912,1,1.827,1.109,0.019,0.107,0.044,,
2016,SM,POOL,p25,26.472,5.222,303.308,7.35,1.865,1.626,1.184,2.317,2.032,1.39,0.031,0.111,0.052,,
2016,SM,POOL,p75,27.404,6.551,352.485,7.611,6.904,9.202,2.902,9.001,2.988,2.104,0.051,0.13,0.069,,
2016,SM,POOL,p90,27.676,7.372,364.211,7.709,8.46,12.92,3.662,11.87,3.218,2.44,0.063,0.14,0.083,,
2016,SM,SC,median,26.9,5.5,322.5,7.5,7,8.86,2.85,8.41,2.42,1.69,0.05,0.12,0.06,,
2016,SM,SC,n,30,30,30,30,30,30,30,30,10,10,10,10,10,0,0
2016,SM,SC,p10,26.05,4.55,293,7.35,3,1.99,1.37,2.24,1.75,1,0.03,0.11,0.05,,
2016,SM,SC,p25,26.4,5.1,306,7.4,5,3.48,1.79,4.65,2.14,1.39,0.04,0.12,0.05,,
2016,SM,SC,p75,27.5,6.1,349,7.5,9,13.91,3.52,10.43,2.57,1.92,0.06,0.13,0.06,,
2016,SM,SC,p90,27.8,6.85,363,7.75,12.5,21.94,4.4,12.56,2.73,2,0.08,0.14,0.07,,
2016,SP,BWC,median,12.6,11.25,362,8.5,7,9,3.45,20.64,2.8,2.18,0.02,0.06,0,,
2016,SP,BWC,n,60,60,60,60,60,60,60,60,21,21,21,21,21,0,0
2016,SP,BWC,p10,10.25,10.4,298,8.15,3,1.92,1.63,2.51,1.31,0.72,0.02,0.04,0,,
2016,SP,BWC,p25,11.9,10.6,341.5,8.3,5.5,4.38,2.9,15.39,2.29,1.69,0.02,0.05,0,,
2016,SP,BWC,p75,14.75,12.65,377,8.85,8,11.44,4.06,28.71,3.61,2.97,0.03,0.07,0,,
2016,SP,BWC,p90,16.5,16.35,418,9.05,10.5,12.94,4.74,35.06,4.07,3.41,0.04,0.1,0.01,,
2016,SP,IMP,median,14.7,11,392,8.5,7,9.61,3.66,22.46,3.84,3.16,0.03,0.07,0,,
2016,SP,IMP,n,25,23,25,25,25,25,25,25,8,8,8,8,8,0,0
2016,SP,IMP,p10,12.1,10.4,298,8.2,5,6.54,2.82,18.11,2.44,1.83,0.02,0.05,0,,
2016,SP,IMP,p25,12.95,10.8,337,8.25,6,7.58,3.3,19.1,2.62,2.04,0.03,0.05,0,,
2016,SP,IMP,p75,15.1,11.3,413.5,8.6,8.5,13.1,3.85,25.45,3.94,3.23,0.03,0.07,0.01,,
2016,SP,IMP,p90,15.9,12.1,420,8.7,10,16,4.86,33.7,4.08,3.32,0.04,0.08,0.01,,
2016,SP,MC,median,13.6,10.4,406,8.5,6,8.83,3.28,21.01,3.77,3.1,0.03,0.05,0,,
2016,SP,MC,n,25,25,25,25,25,25,25,25,8,8,8,8,8,0,0
2016,SP,MC,p10,13.3,10.3,391,8.4,5,8.03,2.93,16.11,3.39,2.68,0.02,0.05,0,,
2016,SP,MC,p25,13.4,10.3,396,8.4,6,8.47,3.1,17.57,3.65,2.96,0.02,0.05,0,,
2016,SP,MC,p75,14.45,10.85,418,8.5,7,9.92,3.8,24.18,4.01,3.32,0.03,0.05,0,,
2016,SP,MC,p90,15.2,11.1,438,8.6,7,11.57,3.96,27.9,4.15,3.51,0.04,0.06,0,,
2016,SP,POOL,median,14.082,10.899,391.028,8.43,6.511,9.482,3.633,21.55,3.584,3.005,0.026,0.06,0.001,,
2016,SP,POOL,n,140,138,140,140,140,140,140,140,47,47,47,47,47,,
2016,SP,POOL,p10,11.904,10.3,301.504,8.131,4.311,5.699,2.802,15.968,2.388,1.71,0.018,0.043,0.001,,
2016,SP,POOL,p25,12.622,10.444,346.313,8.302,5.344,7.9,3.235,18.556,2.754,2.128,0.02,0.048,0.001,,
2016,SP,POOL,p75,14.931,11.284,413.993,8.541,7.789,11.624,3.947,25.398,3.911,3.212,0.033,0.067,0.003,,
2016,SP,POOL,p90,15.711,12.087,423.607,8.646,8.94,14.007,4.427,33.568,4.091,3.374,0.036,0.071,0.008,,
2016,SP,SC,median,14.6,10.9,404.5,8.5,8,10.89,3.93,21.28,3.13,2.52,0.03,0.06,0.01,,
2016,SP,SC,n,30,30,30,30,30,30,30,30,10,10,10,10,10,0,0
2016,SP,SC,p10,12.45,10.35,342,8.2,6,8.32,3.25,17.93,2.65,2.08,0.02,0.05,0,,
2016,SP,SC,p25,13.3,10.5,371,8.4,7,9.5,3.56,19.37,2.82,2.15,0.02,0.05,0,,
2016,SP,SC,p75,15,11.3,424,8.6,9,12.02,4.11,26.45,3.98,3.26,0.04,0.07,0.01,,
2016,SP,SC,p90,15.7,11.65,428.5,8.6,9.5,15.34,4.33,32.8,4,3.44,0.04,0.07,0.01,,
2016,WN,BWC,median,0.3,13.2,443.5,7.8,4.5,3.17,1.99,8.19,3.98,3.19,0.07,0.06,0.01,35,2
2016,WN,BWC,n,53,53,48,53,48,48,48,48,21,21,21,21,21,53,53
2016,WN,BWC,p10,0,5.45,371,7.15,3,2.27,1.43,5.51,1.63,0.75,0.02,0.05,0,23.5,0
2016,WN,BWC,p25,0.1,11.95,427,7.6,4,2.6,1.57,7.19,2.56,1.69,0.06,0.06,0,29.5,0
2016,WN,BWC,p75,0.9,14.2,514.5,7.9,6,5.45,3.56,22.49,4.46,3.67,0.09,0.08,0.01,37,3
2016,WN,BWC,p90,1.15,18.15,606.5,8,9.5,9.74,6.9,55.7,4.74,3.97,0.12,0.12,0.02,38,6.5
2016,WN,IMP,median,0,12.8,447.5,7.8,4,2.64,1.48,6.96,4.26,3.36,0.08,0.05,0.01,29,8
2016,WN,IMP,n,25,25,24,25,24,24,24,24,8,8,8,8,8,25,25
2016,WN,IMP,p10,0,12.2,424.5,7.7,3,2.2,1.39,6.2,3.38,2.74,0.05,0.05,0.01,23,2
2016,WN,IMP,p25,0,12.6,429.5,7.8,4,2.38,1.43,6.66,3.87,3.12,0.07,0.05,0.01,24,7
2016,WN,IMP,p75,0,13.2,456.5,7.9,4.5,2.87,1.58,7.35,4.47,3.59,0.11,0.06,0.02,33,9
2016,WN,IMP,p90,0.1,13.3,464,7.9,5,3.1,1.68,8.72,4.51,3.67,0.11,0.06,0.02,37,10
2016,WN,MC,median,0,13.3,451,7.9,4,2.7,1.51,7.42,4.75,4,0.08,0.06,0.01,25,2
2016,WN,MC,n,25,25,25,25,25,25,25,25,8,8,8,8,8,25,25
2016,WN,MC,p10,0,12.8,415,7.8,4,2.35,1.38,6.5,4.3,3.44,0.07,0.05,0.01,12,0
2016,WN,MC,p25,0,13,440,7.8,4,2.52,1.44,6.81,4.4,3.48,0.07,0.06,0.01,18,0
2016,WN,MC,p75,0,13.65,457.5,7.9,5,2.88,1.59,8.03,4.86,4.05,0.12,0.06,0.02,30.5,8
2016,WN,MC,p90,0.1,13.9,461,8,5,2.97,1.61,8.49,4.96,4.1,0.12,0.06,0.02,35,9
2016,WN,POOL,median,0,13.01,444.571,7.775,3.709,2.71,1.509,7.201,4.367,3.496,0.073,0.055,0.013,28.837,3.812
2016,WN,POOL,n,132,132,126,132,126,126,126,126,47,47,47,47,47,132,132
2016,WN,POOL,p10,0,11.745,423.351,7.572,2.665,2.319,1.381,6.1,2.766,2.204,0.035,0.045,0.005,17.469,0
2016,WN,POOL,p25,0,12.653,429.004,7.717,3.218,2.488,1.427,6.66,3.882,3.138,0.067,0.051,0.009,23.071,0.42
2016,WN,POOL,p75,0.088,13.267,458.785,7.849,4.385,2.98,1.633,7.914,4.517,3.736,0.102,0.058,0.014,33.294,8.106
2016,WN,POOL,p90,0.712,13.696,473.803,7.905,4.955,3.532,2.305,12.55,4.787,4.039,0.111,0.063,0.015,36.842,9.116
2016,WN,SC,median,0,13.2,441,7.8,4,2.75,1.45,7.57,4.57,3.78,0.07,0.06,0.01,26,2
2016,WN,SC,n,29,29,29,29,29,29,29,29,10,10,10,10,10,29,29
2016,WN,SC,p10,0,12.45,424.5,7.7,4,2.36,1.34,6.2,4.12,3.36,0.07,0.05,0.01,15.5,0
2016,WN,SC,p25,0,13,430,7.8,4,2.5,1.4,6.66,4.4,3.54,0.07,0.06,0.01,20,0
2016,WN,SC,p75,0.15,13.35,460.5,7.9,5,3.02,1.59,8.03,4.79,3.92,0.09,0.06,0.02,31.5,3
2016,WN,SC,p90,0.6,13.55,472,8,5.5,3.38,1.67,8.57,4.97,4.18,0.1,0.06,0.02,35,8.5
2017,FL,BWC,median,14.7,8.2,405,7.9,7,6.59,2.25,6.74,1.77,1.11,0.04,0.11,0.06,,
2017,FL,BWC,n,60,60,59,60,60,60,60,60,21,21,21,21,21,0,0
2017,FL,BWC,p10,13.3,6.65,353,7.6,3,2,1.46,4.41,0.91,0.23,0.04,0.09,0.04,,
2017,FL,BWC,p25,13.5,7.45,372,7.75,5,2.96,1.62,4.96,1.46,0.86,0.04,0.1,0.05,,
2017,FL,BWC,p75,16.8,8.6,411.5,8,11,12.64,3.07,8.69,2.24,1.72,0.06,0.13,0.07,,
2017,FL,BWC,p90,17.2,9.9,417,8.1,17,27.28,4.68,11.95,2.5,1.86,0.06,0.14,0.08,,
2017,FL,IMP,median,14.9,8.2,400,7.9,10,11.12,2.85,6.64,1.63,1,0.06,0.12,0.06,,
2017,FL,IMP,n,25,25,25,25,25,25,25,25,8,8,8,8,8,0,0
2017,FL,IMP,p10,13.9,7.9,390,7.8,4,2.98,1.44,4.59,1.56,0.9,0.05,0.1,0.06,,
2017,FL,IMP,p25,14.55,8,395,7.9,5.5,4.12,1.75,5.25,1.59,0.95,0.05,0.11,0.06,,
2017,FL,IMP,p75,15.1,8.3,408.5,7.95,12,17.09,3.62,8.32,1.68,1.02,0.06,0.13,0.06,,
2017,FL,IMP,p90,16.5,8.8,417,8,15,20.52,4.17,10.18,1.79,1.13,0.06,0.13,0.07,,
2017,FL,MC,median,13.5,8.4,394,7.9,11,13.74,2.95,6.45,2.03,1.61,0.05,0.12,0.06,,
2017,FL,MC,n,25,25,25,25,25,25,25,25,8,8,8,7,7,0,0
2017,FL,MC,p10,12.6,8.1,355,7.8,9,9.52,2.52,5.34,1.32,0.89,0.04,0.11,0.06,,
2017,FL,MC,p25,12.75,8.2,375,7.8,10,11.5,2.82,6.08,1.52,1.03,0.04,0.12,0.06,,
2017,FL,MC,p75,16.5,8.85,419.5,8,13,19.89,3.96,8.04,2.38,1.7,0.05,0.13,0.07,,
2017,FL,MC,p90,16.8,8.9,429,8,18,27.29,4.8,8.5,2.41,1.75,0.05,0.14,0.07,,
2017,FL,POOL,median,14.718,8.145,398.748,7.849,10.135,11.596,2.853,6.471,1.655,1.02,0.051,0.115,0.061,,
2017,FL,POOL,n,140,140,139,140,140,140,140,140,47,47,47,46,46,,
2017,FL,POOL,p10,13.041,7.572,366.261,7.71,3.619,2.909,1.54,4.628,1.46,0.863,0.037,0.099,0.052,,
2017,FL,POOL,p25,13.503,7.944,384.067,7.784,5.583,5.276,1.95,5.38,1.567,0.914,0.043,0.106,0.056,,
2017,FL,POOL,p75,15.132,8.387,410.709,7.911,11.873,17.316,3.58,8.119,1.927,1.354,0.055,0.124,0.063,,
2017,FL,POOL,p90,16.892,8.803,423.89,7.984,17.238,27.556,4.884,9.784,2.367,1.743,0.058,0.129,0.068,,
2017,FL,SC,median,14.55,8.1,377,7.85,12,15.36,3.17,6.83,1.92,1.26,0.05,0.12,0.06,,
2017,FL,SC,n,30,30,30,30,30,30,30,30,10,10,10,10,10,0,0
2017,FL,SC,p10,12.8,7.6,352,7.7,8.5,8.57,2.52,5.06,1.56,0.99,0.04,0.11,0.06,,
2017,FL,SC,p25,13.2,7.8,367,7.8,10,11.39,2.73,5.71,1.68,1.09,0.04,0.11,0.06,,
2017,FL,SC,p75,16.7,8.5,416,7.9,14,21.62,4.1,8.13,2.31,1.78,0.06,0.13,0.06,,
2017,FL,SC,p90,16.95,8.8,433.5,8,23,39.23,5.74,8.6,2.58,1.92,0.08,0.19,0.07,,
2017,SM,BWC,median,26.45,9.15,398.5,8.45,8.5,7.77,4.3,20.63,1.5,0.7,0.03,0.14,0.04,,
2017,SM,BWC,n,60,60,60,60,60,60,60,60,21,21,21,21,21,0,0
2017,SM,BWC,p10,24,6.85,267.5,7.7,3,1.79,1.5,3.33,0.71,0.02,0.02,0.12,0.03,,
2017,SM,BWC,p25,24.8,7.85,335,8.05,4.5,3.51,2.04,8.02,0.83,0.04,0.02,0.13,0.03,,
2017,SM,BWC,p75,27.95,12.95,423.5,8.8,15.5,15.4,5.65,38.39,1.7,1.02,0.06,0.28,0.12,,
2017,SM,BWC,p90,30.15,14.75,442.5,9.1,21,19.42,7.57,55.88,1.94,1.38,0.07,0.32,0.22,,
2017,SM,IMP,median,25.2,7.3,377,8.1,4,3.67,1.63,5.77,1.5,0.9,0.05,0.12,0.06,,
2017,SM,IMP,n,25,25,25,25,25,25,25,25,8,8,8,8,8,0,0
2017,SM,IMP,p10,23.5,5.4,294,7.7,2,0.22,0.88,1,1.31,0.73,0.03,0.09,0.04,,
2017,SM,IMP,p25,23.8,6.3,339,7.9,2.5,1.12,1.01,1.35,1.4,0.77,0.03,0.1,0.04,,
2017,SM,IMP,p75,26.2,9.1,400,8.55,11.5,7.48,3.63,15.83,1.6,1.07,0.07,0.17,0.07,,
2017,SM,IMP,p90,26.7,11.9,421,8.7,26,23.1,4.9,25.13,1.86,1.28,0.11,0.22,0.07,,
2017,SM,MC,median,26.1,9.6,428,8.7,12,15.33,5.75,47.51,1.82,1.09,0.04,0.12,0.04,,
2017,SM,MC,n,25,25,25,25,25,25,25,25,8,8,8,8,8,0,0
2017,SM,MC,p10,24.9,8.8,401,8.5,8,10.39,4.3,31.34,1.6,0.95,0.02,0.11,0.03,,
2017,SM,MC,p25,25.15,9.15,413.5,8.5,10,13.64,5.13,34.63,1.69,1.02,0.03,0.12,0.04,,
2017,SM,MC,p75,26.6,10.45,451.5,9.5,14,18.15,6.68,51.65,1.93,1.23,0.04,0.12,0.05,,
2017,SM,MC,p90,27,12.2,458,9.6,16,21.37,7.69,75.15,2.01,1.27,0.06,0.13,0.05,,
2017,SM,POOL,median,25.572,8.962,397.971,8.439,9.335,8.559,3.936,16.664,1.578,0.942,0.034,0.121,0.043,,
2017,SM,POOL,n,140,140,140,140,140,140,140,140,47,47,47,47,47,,
2017,SM,POOL,p10,23.669,6.045,302.458,7.69,1.746,0.861,0.956,1.185,1.004,0.503,0.019,0.089,0.025,,
2017,SM,POOL,p25,24.327,7.236,355.466,7.969,3.581,2.477,1.533,4.899,1.387,0.724,0.022,0.109,0.032,,
2017,SM,POOL,p75,26.809,10.684,420.297,8.676,13.628,17.193,5.83,44.972,1.776,1.089,0.051,0.15,0.068,,
2017,SM,POOL,p90,27.536,12.857,443.025,9.107,20.441,21.771,7.53,66.012,2.006,1.276,0.083,0.213,0.08,,
2017,SM,SC,median,26.95,10.35,413,8.7,13,16.16,6.46,50.33,1.72,0.97,0.02,0.12,0.03,,
2017,SM,SC,n,30,30,30,30,30,30,30,30,10,10,10,10,10,0,0
2017,SM,SC,p10,24.3,7.6,315.5,8,7,6.29,2.78,11.22,1.34,0.65,0.02,0.11,0.02,,
2017,SM,SC,p25,25.2,9.1,391,8.5,11,13.52,5.11,30.59,1.36,0.66,0.02,0.11,0.02,,
2017,SM,SC,p75,27.5,12.5,435,8.8,15,18.87,7.51,67.63,1.8,1.09,0.03,0.15,0.06,,
2017,SM,SC,p90,27.95,12.95,447.5,9,17.5,21.83,7.68,76.28,1.99,1.26,0.09,0.19,0.09,,
2017,SP,BWC,median,12.3,11.15,355,8.3,8.5,10.07,4.31,15.71,2.05,1.39,0.01,0.06,0.01,,
2017,SP,BWC,n,60,60,60,60,60,60,60,60,21,21,21,21,21,0,0
2017,SP,BWC,p10,10.45,9.4,253.5,7.65,5,5.48,3.05,10.53,0.93,0.09,0,0.05,0,,
2017,SP,BWC,p25,11.55,10,316,8.1,7,6.54,3.36,13.92,1.49,0.75,0,0.06,0.01,,
2017,SP,BWC,p75,14.9,12.1,391,8.45,13,14.23,5.19,22.43,2.29,1.74,0.02,0.08,0.01,,
2017,SP,BWC,p90,16.25,13.4,436,8.7,17,20.11,7.15,33.1,2.9,2.45,0.03,0.1,0.02,,
2017,SP,IMP,median,13.6,9.9,375,8.3,12,16.52,4.7,16.55,2.41,2,0.01,0.07,0.01,,
2017,SP,IMP,n,25,25,25,25,25,25,25,25,8,8,8,8,8,0,0
2017,SP,IMP,p10,10.2,9.1,296,8,7,6.8,2.3,6.19,1.79,1.3,0,0.04,0.01,,
2017,SP,IMP,p25,10.65,9.4,321,8.05,9.5,10.5,3.86,14.08,2,1.58,0,0.05,0.01,,
2017,SP,IMP,p75,13.95,11.45,400,8.35,15,19.08,5.22,19.57,2.9,2.48,0.02,0.08,0.01,,
2017,SP,IMP,p90,14.3,13.7,434,8.4,17,20.77,5.62,20.73,3.04,2.49,0.03,0.09,0.02,,
2017,SP,MC,median,13.8,10.9,399,8.3,13,16.41,4.86,17.94,2.6,2.07,0.01,0.07,0.01,,
2017,SP,MC,n,25,25,25,25,25,25,25,25,8,8,8,8,8,0,0
2017,SP,MC,p10,10.2,9.9,332,8.1,9,13.7,4.06,15.63,2.3,1.81,0,0.06,0.01,,
2017,SP,MC,p25,13.45,10.5,358.5,8.2,11,15.2,4.6,17.02,2.36,1.88,0,0.06,0.01,,
2017,SP,MC,p75,14,11.2,417,8.4,15,17.76,5.02,19.88,2.98,2.49,0.02,0.08,0.01,,
2017,SP,MC,p90,14.2,11.3,435,8.4,16,19.92,5.31,22.12,3.87,3.38,0.02,0.09,0.01,,
2017,SP,POOL,median,13.52,10.582,369.12,8.216,11.178,15.524,4.666,16.482,2.352,1.807,0.009,0.066,0.009,,
2017,SP,POOL,n,140,139,140,140,140,140,140,140,47,47,47,47,47,,
2017,SP,POOL,p10,10.213,9.131,292.914,7.925,6.235,6.548,3.116,11.121,1.651,1.135,0.004,0.043,0.003,,
2017,SP,POOL,p25,11.234,9.659,330.014,8.07,8.405,10.75,3.928,14.361,2.051,1.482,0.004,0.053,0.006,,
2017,SP,POOL,p75,14.018,11.23,400.911,8.304,13.872,18.422,5.137,19.465,2.785,2.309,0.018,0.079,0.011,,
2017,SP,POOL,p90,14.474,12.62,435.072,8.398,16.097,20.525,5.658,21.506,3.099,2.494,0.025,0.088,0.016,,
2017,SP,SC,median,11.95,10.7,350.5,8.3,12,16.14,4.56,15.09,2.45,1.8,0.01,0.08,0.01,,
2017,SP,SC,n,30,29,30,30,30,30,30,30,10,10,10,10,10,0,0
2017,SP,SC,p10,10.3,9.4,291.5,8.05,8.5,10.71,3.85,12.38,2.06,1.41,0,0.06,0.01,,
2017,SP,SC,p25,10.4,9.55,337,8.1,10,11.8,4.1,13.92,2.22,1.68,0,0.06,0.01,,
2017,SP,SC,p75,14.1,11.2,374,8.3,14,19.53,5.21,18.87,2.74,2.05,0.03,0.08,0.01,,
2017,SP,SC,p90,14.6,11.2,441,8.4,16.5,20.26,5.59,20.89,3.62,3.01,0.04,0.09,0.02,,
2017,WN,BWC,median,0.6,11.8,525.5,7.6,6,4.47,2.04,2.59,3.48,2.55,0.21,0.08,0.02,39,1
2017,WN,BWC,n,55,55,52,55,52,52,52,52,21,21,21,21,21,55,55
2017,WN,BWC,p10,0.1,0.5,412,7,4,2.16,1.43,1.26,1.22,0.64,0.04,0.02,0,29,0
2017,WN,BWC,p25,0.3,8.7,470,7.4,4.5,3.3,1.67,1.51,2.82,0.84,0.18,0.07,0,33,0
2017,WN,BWC,p75,0.85,12.3,549.5,7.8,7.5,6.13,3.73,18.5,4.02,3.43,0.25,0.1,0.03,42.5,2
2017,WN,BWC,p90,1.3,13,617,7.9,16,9.37,5.31,42.84,4.24,3.61,0.59,0.12,0.03,45,5
2017,WN,IMP,median,0.1,12.3,535,7.8,5,3.41,1.61,1.84,4.13,3.41,0.23,0.08,0.03,34,1
2017,WN,IMP,n,25,25,25,25,25,25,25,25,8,8,8,8,8,25,25
2017,WN,IMP,p10,0,11.8,483,7.7,4,2.6,1.36,1.34,3.29,2.79,0.14,0.07,0.03,29,0
2017,WN,IMP,p25,0,12.1,506,7.7,5,3,1.48,1.51,3.51,2.94,0.19,0.08,0.03,31.5,0
2017,WN,IMP,p75,0.2,12.45,566.5,7.8,6,4.65,1.75,2.01,4.25,3.86,0.24,0.1,0.04,36,1
2017,WN,IMP,p90,0.3,12.8,576,7.9,7,5.4,2.17,3.34,4.48,4.04,0.24,0.11,0.05,37,2
2017,WN,MC,median,0,12.7,536,7.8,5,2.89,1.44,2.34,4.35,3.42,0.22,0.08,0.02,20,0
2017,WN,MC,n,25,25,25,25,25,25,25,25,8,8,8,8,8,25,25
2017,WN,MC,p10,0,11.9,505,7.7,4,2.4,1.33,1.34,3.75,2.81,0.17,0.07,0.02,0,0
2017,WN,MC,p25,0,12.35,520.5,7.8,4,2.49,1.36,1.59,3.89,3.06,0.19,0.07,0.02,0,0
2017,WN,MC,p75,0.1,12.9,554,7.9,6,5.34,1.82,2.51,4.74,3.89,0.24,0.08,0.03,34,1
2017,WN,MC,p90,0.2,13,558,7.9,7,6.56,2.06,2.67,4.91,4.23,0.25,0.12,0.05,38,2
2017,WN,POOL,median,0.066,12.254,526.259,7.724,4.956,3.539,1.62,1.79,3.997,3.237,0.221,0.078,0.03,33.086,0.146
2017,WN,POOL,n,134,134,130,134,130,130,130,130,47,47,47,47,47,134,134
2017,WN,POOL,p10,0,11.017,472.342,7.419,3.479,2.408,1.35,1.22,3.061,2.521,0.125,0.068,0.009,1.659,0
2017,WN,POOL,p25,0,11.928,502.257,7.636,4.148,2.733,1.435,1.41,3.393,2.771,0.197,0.072,0.022,28.501,0
2017,WN,POOL,p75,0.237,12.472,551.999,7.787,6.02,5.043,1.921,2.516,4.243,3.702,0.235,0.1,0.035,36.384,0.883
2017,WN,POOL,p90,0.686,12.868,573.217,7.857,7.958,8.257,2.629,6.151,4.653,4.033,0.248,0.112,0.043,41.285,1.916
2017,WN,SC,median,0.1,12.2,506.5,7.7,5,3.11,1.49,1.93,3.7,3.07,0.24,0.09,0.03,27,0
2017,WN,SC,n,29,29,28,29,28,28,28,28,10,10,10,10,10,29,29
2017,WN,SC,p10,0,11.8,375,7.5,4,2.53,1.36,1.17,3.35,2.65,0.18,0.08,0.03,0,0
2017,WN,SC,p25,0,12.05,476,7.7,5,2.63,1.4,1.34,3.49,2.88,0.22,0.08,0.03,3,0
2017,WN,SC,p75,0.2,12.55,523,7.8,6.5,4.21,1.74,2.51,4.28,3.7,0.25,0.1,0.04,34.5,2
2017,WN,SC,p90,0.55,12.8,541.5,7.85,9.5,9.43,2.33,3.09,4.68,3.97,0.26,0.14,0.06,39.5,3.5
2018,FL,BWC,median,9.45,9.2,410,7.8,9,5.95,2.62,6.05,2.58,1.78,0.03,0.14,0.06,,
2018,FL,BWC,n,60,60,60,60,60,60,60,60,21,21,21,21,21,0,0
2018,FL,BWC,p10,8.35,6.85,151,7.05,3,2.44,2,2.76,1.05,0.29,0.02,0.08,0.01,,
2018,FL,BWC,p25,8.9,8.5,327,7.6,7,4,2.19,4.75,1.77,0.72,0.03,0.11,0.05,,
2018,FL,BWC,p75,13.7,9.8,431,7.9,11.5,12.03,3.35,7.19,3.25,2.61,0.04,0.16,0.07,,
2018,FL,BWC,p90,14.65,9.95,475.5,8,13,13.91,3.56,9.87,3.95,3.2,0.12,0.19,0.07,,
2018,FL,IMP,median,12.7,9.2,488,8,9,10.02,2.61,6.27,4.09,3.41,0.03,0.14,0.06,,
2018,FL,IMP,n,25,25,25,25,25,25,25,25,8,8,8,8,8,0,0
2018,FL,IMP,p10,8.2,8.7,316,7.6,4,2.31,1.33,3.52,2.39,1.68,0.03,0.13,0.06,,
2018,FL,IMP,p25,8.55,8.75,379.5,7.8,6,4.79,1.81,4.44,3.11,2.33,0.03,0.13,0.06,,
2018,FL,IMP,p75,12.75,9.45,494,8,12,12.5,3.42,6.73,4.21,3.54,0.04,0.15,0.06,,
2018,FL,IMP,p90,12.9,9.6,501,8.1,13,15.98,3.92,7.5,4.42,3.59,0.05,0.16,0.06,,
2018,FL,MC,median,9.3,9.8,415,8.1,14,16.12,3.76,7.65,4.27,3.57,0.03,0.15,0.06,,
2018,FL,MC,n,25,25,25,25,25,25,25,25,8,8,8,8,8,0,0
2018,FL,MC,p10,9,9,357,8,9,9.36,2.74,5.66,2.84,2.1,0.02,0.14,0.05,,
2018,FL,MC,p25,9.1,9.15,370,8,12,12.2,3.2,6.28,3.5,2.83,0.02,0.14,0.05,,
2018,FL,MC,p75,12.7,9.8,491,8.1,15,18.76,4.25,7.96,4.49,3.73,0.03,0.15,0.06,,
2018,FL,MC,p90,12.8,9.9,502,8.2,16,21.65,4.63,8.11,5.05,3.84,0.04,0.34,0.06,,
2018,FL,POOL,median,12.42,9.225,429.688,7.918,10.137,10.607,2.981,6.306,3.639,2.83,0.032,0.137,0.058,,
2018,FL,POOL,n,140,140,140,140,140,140,140,140,47,47,47,47,47,,
2018,FL,POOL,p10,8.415,8.454,310.516,7.522,4.369,2.973,1.63,3.726,2.161,1.394,0.02,0.124,0.045,,
2018,FL,POOL,p25,8.785,8.855,361.352,7.743,6.97,5.908,2.348,4.795,2.556,1.713,0.025,0.129,0.054,,
2018,FL,POOL,p75,12.69,9.65,492.251,8.018,12.721,15.074,3.737,7.377,4.193,3.528,0.037,0.148,0.063,,
2018,FL,POOL,p90,12.937,9.822,500.643,8.085,14.697,18.455,4.251,7.936,4.412,3.611,0.044,0.157,0.065,,
2018,FL,SC,median,9.2,9.45,403.5,7.9,13.5,15.51,3.67,6.81,2.97,2.3,0.03,0.14,0.06,,
2018,FL,SC,n,30,30,30,30,30,30,30,30,10,10,10,10,10,0,0
2018,FL,SC,p10,8.55,8.9,276.5,7.65,10,9.47,2.75,5.13,2.28,1.53,0.02,0.13,0.05,,
2018,FL,SC,p25,8.8,9.3,343,7.8,12,11.98,3.34,6.12,2.6,1.91,0.02,0.13,0.05,,
2018,FL,SC,p75,12.5,9.8,498,8.1,15,18.27,3.96,7.8,3.45,2.81,0.04,0.15,0.06,,
2018,FL,SC,p90,12.8,9.95,506,8.1,16,20.62,4.29,8.34,4.25,3.62,0.04,0.16,0.07,,
2018,SM,BWC,median,25.7,8.8,475,8.1,4,2.96,1.97,7.97,2.06,1.45,0.01,0.12,0.06,,
2018,SM,BWC,n,60,60,60,60,60,60,60,60,21,21,21,21,21,0,0
2018,SM,BWC,p10,24.15,3.4,427.5,7.35,1,0.53,0.92,1.39,0.62,0.01,0,0.04,0.02,,
2018,SM,BWC,p25,24.8,6.95,460.5,7.75,2,1.09,1.33,2.88,0.94,0.22,0,0.12,0.06,,
2018,SM,BWC,p75,26.5,9.65,483.5,8.4,5.5,6.18,2.81,14.54,2.26,1.64,0.02,0.14,0.07,,
2018,SM,BWC,p90,26.9,11.05,494,8.55,7,9.54,3.69,23.62,2.47,1.85,0.05,0.14,0.08,,
2018,SM,IMP,median,25,8.5,483,8.2,2,1.13,1.06,1.94,2.17,1.54,0.03,0.12,0.08,,
2018,SM,IMP,n,25,25,25,25,25,25,25,25,8,8,8,8,8,0,0
2018,SM,IMP,p10,22.6,5.8,469,8,1,0.4,0.8,1,1.8,1.27,0.02,0.11,0.07,,
2018,SM,IMP,p25,23.8,6.2,472,8.05,1,0.72,0.96,1.08,1.97,1.49,0.02,0.11,0.08,,
2018,SM,IMP,p75,26.25,9.1,489.5,8.45,3.5,2.73,1.4,6.48,2.22,1.67,0.05,0.12,0.09,,
2018,SM,IMP,p90,26.6,11.9,490,8.6,5,4.56,2.42,15.71,2.32,1.7,0.06,0.13,0.09,,
2018,SM,MC,median,25,7.8,492,8.2,7,9.54,3.18,18.06,2.26,1.61,0,0.15,0.06,,
2018,SM,MC,n,25,25,25,25,25,25,25,25,8,8,8,8,8,0,0
2018,SM,MC,p10,24.5,7.3,479,8.2,5,7.59,2.34,12.11,2.19,1.55,0,0.13,0.06,,
2018,SM,MC,p25,24.65,7.75,483.5,8.2,6.5,8.7,2.96,15.87,2.23,1.58,0,0.14,0.06,,
2018,SM,MC,p75,25.3,8.6,498.5,8.2,8,10.31,3.61,20.41,2.35,1.72,0.01,0.16,0.07,,
2018,SM,MC,p90,25.8,9.1,504,8.3,9,13.99,3.73,21.97,2.42,1.81,0.01,0.17,0.07,,
2018,SM,POOL,median,25.054,8.143,481.098,8.156,3.685,3.745,1.997,9.41,2.197,1.572,0.014,0.123,0.07,,
2018,SM,POOL,n,140,140,140,140,140,140,140,140,47,47,47,47,47,,
2018,SM,POOL,p10,23.602,5.634,460.754,7.901,1,0.544,0.867,1,1.488,0.836,0.004,0.109,0.055,,
2018,SM,POOL,p25,24.464,7.165,472.712,8.043,1.404,1.07,1.037,1.855,2.019,1.478,0.004,0.115,0.06,,
2018,SM,POOL,p75,25.995,9.063,489.454,8.277,6.399,9.316,3.159,17.605,2.244,1.68,0.027,0.132,0.08,,
2018,SM,POOL,p90,26.495,9.878,498.789,8.49,7.748,10.962,3.638,21.742,2.404,1.733,0.049,0.15,0.086,,
2018,SM,SC,median,25.1,8.25,478.5,8.2,7.5,10.48,3.31,17.51,2.23,1.67,0,0.13,0.07,,
2018,SM,SC,n,30,30,30,30,30,30,30,30,10,10,10,10,10,0,0
2018,SM,SC,p10,24.8,7.65,465.5,8.05,5.5,6.16,2.56,11.02,2.02,1.35,0,0.13,0.06,,
2018,SM,SC,p25,24.9,7.8,473,8.2,7,9.18,2.9,14.46,2.2,1.6,0,0.13,0.06,,
2018,SM,SC,p75,25.5,9,500,8.3,8,11.06,3.52,20.56,2.33,1.72,0.01,0.14,0.08,,
2018,SM,SC,p90,26.25,9.25,503,8.4,9,12.9,4.05,22.37,2.47,1.82,0.02,0.18,0.09,,
2018,SP,BWC,median,10.6,13.8,405.5,8.3,12,14.35,5.62,28.89,3.1,2.35,0.03,0.13,0.03,,
2018,SP,BWC,n,60,60,60,60,60,60,60,60,21,21,21,21,21,0,0
2018,SP,BWC,p10,8.5,11.9,270,8,9,9.7,4.69,21.47,1.49,0.65,0.01,0.09,0,,
2018,SP,BWC,p25,9.15,12.85,365,8.15,10,10.69,5.01,25.35,2.89,2.15,0.02,0.13,0.02,,
2018,SP,BWC,p75,12.4,15.55,455.5,8.6,15.5,21.77,6.31,32.86,3.43,2.71,0.04,0.15,0.04,,
2018,SP,BWC,p90,15.45,18.6,470,8.9,18,25.9,9.33,43.92,3.63,2.81,0.05,0.17,0.04,,
2018,SP,IMP,median,11.7,11.5,367,7.9,17,21.69,5.51,24.6,3.19,2.46,0.03,0.15,0.04,,
2018,SP,IMP,n,25,25,25,25,25,25,25,25,8,8,8,8,8,0,0
2018,SP,IMP,p10,9,10,334,7.5,10,10.46,4.38,21.3,2.7,1.99,0.03,0.12,0.02,,
2018,SP,IMP,p25,9.95,10.2,348,7.7,12,15.62,4.71,23.2,3.05,2.39,0.03,0.13,0.03,,
2018,SP,IMP,p75,12,13,398.5,8.1,18.5,29.71,6.06,28.73,3.42,2.68,0.05,0.16,0.05,,
2018,SP,IMP,p90,13.9,17.7,411,8.7,20,33.02,8.32,57.29,3.7,2.97,0.06,0.17,0.05,,
2018,SP,MC,median,7.7,13.2,478,8.2,17,23,5.93,22.45,3.54,2.84,0.04,0.16,0.04,,
2018,SP,MC,n,25,25,25,25,25,25,25,25,9,9,9,9,9,0,0
2018,SP,MC,p10,7,10.1,359,7.8,13,19.05,4.73,20.31,2.99,2.43,0.03,0.13,0.03,,
2018,SP,MC,p25,7.1,12.65,408.5,8.2,15,20.49,5.32,21.63,3.36,2.76,0.04,0.15,0.04,,
2018,SP,MC,p75,8.25,13.3,490,8.3,23,30.27,6.67,23.45,3.69,2.97,0.05,0.17,0.04,,
2018,SP,MC,p90,11.5,13.5,498,8.3,51,91.06,13.13,24.27,4.08,3.25,0.06,0.22,0.05,,
2018,SP,POOL,median,10.168,12.385,389.775,8.039,15.298,21.6,5.663,24.67,3.203,2.504,0.034,0.144,0.035,,
2018,SP,POOL,n,140,140,140,140,140,140,140,140,48,48,48,48,48,,
2018,SP,POOL,p10,7.713,9.95,331.775,7.6,9.43,10.526,4.433,20.434,2.585,1.864,0.024,0.117,0.017,,
2018,SP,POOL,p25,8.606,10.918,358.5,7.786,11.697,15.223,5.023,22.684,3.022,2.345,0.028,0.132,0.031,,
2018,SP,POOL,p75,11.85,13.445,431.04,8.253,17.7,28.06,6.247,28.883,3.54,2.766,0.046,0.159,0.041,,
2018,SP,POOL,p90,12.962,15.84,481.542,8.603,21.577,32.485,7.724,36.141,3.704,2.99,0.053,0.168,0.046,,
2018,SP,SC,median,9,12.3,405.5,8.05,16,24.19,5.86,25.27,3.3,2.67,0.05,0.16,0.04,,
2018,SP,SC,n,30,30,30,30,30,30,30,30,10,10,10,10,10,0,0
2018,SP,SC,p10,8.2,9.75,332.5,7.7,13,14.85,4.87,20.23,2.9,2.16,0.03,0.14,0.03,,
2018,SP,SC,p25,8.5,10.3,382,7.9,15,19.2,5.3,22.62,2.97,2.4,0.03,0.14,0.03,,
2018,SP,SC,p75,12.1,13.2,439,8.3,18,28.43,6.2,28.73,3.56,2.89,0.05,0.16,0.04,,
2018,SP,SC,p90,12.45,13.45,481,8.3,21,31.31,6.76,30.63,3.66,3,0.05,0.17,0.05,,
2018,WN,BWC,median,0.5,13,484,7.6,5,3.05,1.74,4.56,3,2.43,0.23,0.08,0.03,46,1
2018,WN,BWC,n,37,37,33,37,33,33,33,33,21,21,21,21,21,37,37
2018,WN,BWC,p10,0.2,3,371.5,7.2,3,1.92,1.29,2.97,1.46,0.7,0.05,0.05,0.01,38,0
2018,WN,BWC,p25,0.3,11.2,455,7.3,4,2.17,1.46,3.84,2.79,2.15,0.11,0.06,0.02,43,0
2018,WN,BWC,p75,0.8,13.7,501.5,7.7,6,5,2.77,9.25,3.1,2.47,0.24,0.11,0.04,48,1
2018,WN,BWC,p90,1.25,14.55,551.5,7.7,13.5,9,3.87,16.24,3.13,2.5,0.26,0.12,0.04,50.5,1
2018,WN,IMP,median,0.3,13.1,491,7.75,6,2.95,1.55,3.45,3.19,2.52,0.23,0.08,0.04,42,1
2018,WN,IMP,n,24,24,24,24,24,24,24,24,8,8,8,8,8,24,24
2018,WN,IMP,p10,0.1,11.5,437,7.6,4,1.87,1.19,3.13,2.92,2.28,0.15,0.06,0.03,32.5,1
2018,WN,IMP,p25,0.2,12.15,476.5,7.7,5,2.31,1.25,3.29,3.09,2.4,0.22,0.07,0.04,37.5,1
2018,WN,IMP,p75,0.35,13.6,495,7.8,7,3.62,1.93,3.6,3.3,2.57,0.25,0.1,0.05,44.5,1
2018,WN,IMP,p90,0.45,15.6,497,7.9,9,5.91,2.3,5.2,3.38,2.58,0.25,0.14,0.07,47,1
2018,WN,MC,median,0.1,13.1,491,7.6,3,1.66,1.27,3.45,3.17,2.52,0.25,0.07,0.03,28,1
2018,WN,MC,n,25,25,25,25,25,25,25,25,8,8,8,8,8,25,25
2018,WN,MC,p10,0.1,12.4,457,7.5,3,1.17,1.01,2.97,3.03,2.49,0.22,0.05,0.02,14,0
2018,WN,MC,p25,0.1,12.6,470.5,7.6,3,1.26,1.07,3.21,3.11,2.5,0.23,0.05,0.02,19,1
2018,WN,MC,p75,0.1,13.5,501.5,7.7,5,3.21,1.51,3.84,3.23,2.55,0.25,0.12,0.06,34,1
2018,WN,MC,p90,0.3,14,512,7.7,9,4.72,2.04,4.08,3.28,2.6,0.25,0.15,0.08,43,2
2018,WN,POOL,median,0.194,13.006,489.501,7.632,4.782,2.809,1.516,3.489,3.129,2.493,0.229,0.079,0.033,40.776,0.458
2018,WN,POOL,n,112,112,108,112,108,108,108,108,47,47,47,47,47,112,112
2018,WN,POOL,p10,0.1,11.463,434.303,7.433,2.537,1.543,1.123,3.033,2.769,2.221,0.092,0.054,0.014,23.354,0
2018,WN,POOL,p25,0.1,12.342,473.927,7.542,3.564,2.038,1.251,3.209,3.021,2.424,0.216,0.061,0.024,34.276,0.133
2018,WN,POOL,p75,0.325,13.393,494.583,7.714,5.963,3.658,1.949,3.987,3.24,2.545,0.244,0.1,0.042,44.541,0.782
2018,WN,POOL,p90,0.659,14.333,506.989,7.79,8.658,6.453,2.676,5.815,3.331,2.566,0.25,0.133,0.062,47.687,0.977
2018,WN,SC,median,0.15,13,490.5,7.7,5,2.92,1.52,3.45,3.09,2.5,0.23,0.08,0.03,37.5,1
2018,WN,SC,n,26,26,26,26,26,26,26,26,10,10,10,10,10,26,26
2018,WN,SC,p10,0.1,12.1,469.5,7.5,3,1.55,1.15,3.21,3,2.42,0.21,0.06,0.01,25.5,1
2018,WN,SC,p25,0.1,12.5,480,7.6,4,1.76,1.24,3.29,3.03,2.43,0.22,0.07,0.02,32,1
2018,WN,SC,p75,0.2,13.2,502,7.7,7,5.25,2.2,3.76,3.25,2.55,0.23,0.1,0.04,40,1
2018,WN,SC,p90,0.4,13.4,509.5,7.8,9,8.55,2.74,4.32,3.65,2.73,0.24,0.17,0.1,47,1.5
2019,FL,BWC,median,10.1,9.3,371.5,7.9,9,7.04,2.37,4.92,2.55,1.79,0.03,0.12,0.05,,
2019,FL,BWC,n,60,60,60,60,60,60,60,60,21,21,21,21,21,0,0
2019,FL,BWC,p10,9.35,8.9,334,7.8,4,2.03,1.23,3.42,2.25,1.59,0.02,0.08,0.03,,
2019,FL,BWC,p25,9.75,9.1,346.5,7.9,7,4.19,1.72,4.35,2.33,1.64,0.02,0.11,0.05,,
2019,FL,BWC,p75,10.3,9.5,398,8,11.5,10.82,2.83,5.5,2.9,2.11,0.03,0.13,0.06,,
2019,FL,BWC,p90,10.8,9.7,430,8,13,12.25,3.41,5.86,3.62,2.95,0.03,0.13,0.06,,
2019,FL,IMP,median,9.4,9.5,413,8,13,12.12,3.27,5.5,2.84,1.93,0.02,0.12,0.05,,
2019,FL,IMP,n,25,25,25,25,25,25,25,25,7,8,8,7,8,0,0
2019,FL,IMP,p10,8.9,9,329,7.8,8,6.06,1.92,3.92,2.25,1.44,0.02,0.12,0.05,,
2019,FL,IMP,p25,9.1,9.3,359.5,7.9,10.5,9.23,2.47,4.35,2.51,1.64,0.02,0.12,0.05,,
2019,FL,IMP,p75,10.1,9.7,424,8,16,14.98,3.94,5.79,2.95,2.1,0.03,0.13,0.06,,
2019,FL,IMP,p90,10.3,9.8,447,8,20,19.53,4.69,6.22,3.04,2.25,0.03,0.13,0.06,,
2019,FL,MC,median,10.4,9.6,417,8,11,11.05,2.9,5.64,3.06,2.3,0.02,0.12,0.05,,
2019,FL,MC,n,24,24,24,24,24,24,24,24,8,8,8,8,8,0,0
2019,FL,MC,p10,9.05,9.35,384.5,7.9,10,9.87,2.67,4.85,2.66,1.94,0.02,0.11,0.04,,
2019,FL,MC,p25,9.3,9.45,388.5,7.9,10,10.2,2.8,5.21,2.71,1.96,0.02,0.11,0.04,,
2019,FL,MC,p75,10.5,9.7,431,8,13,13.06,3.32,5.79,3.18,2.35,0.02,0.12,0.06,,
2019,FL,MC,p90,10.65,9.7,446,8.05,14.5,14.89,3.77,6,3.59,2.69,0.02,0.12,0.06,,
2019,FL,POOL,median,9.925,9.4,391.325,7.906,10.986,10.852,2.845,5.201,2.837,2.06,0.022,0.119,0.05,,
2019,FL,POOL,n,139,139,139,139,139,139,139,139,45,47,47,45,47,,
2019,FL,POOL,p10,8.946,9.009,337.279,7.78,6.712,4.525,1.892,3.901,2.233,1.588,0.016,0.109,0.037,,
2019,FL,POOL,p25,9.217,9.231,354.621,7.837,9.177,8.223,2.448,4.417,2.492,1.679,0.018,0.114,0.044,,
2019,FL,POOL,p75,10.174,9.602,423.149,7.957,14.081,13.661,3.515,5.701,3.085,2.337,0.024,0.123,0.054,,
2019,FL,POOL,p90,10.451,9.724,445.216,7.987,17.266,19.056,4.307,5.941,3.24,2.619,0.029,0.128,0.056,,
2019,FL,SC,median,10,9.4,379.5,7.9,12,12.08,2.91,5,3.07,2.45,0.02,0.12,0.05,,
2019,FL,SC,n,30,30,30,30,30,30,30,30,9,10,10,9,10,0,0
2019,FL,SC,p10,9,9.1,342,7.85,7.5,4.61,1.99,4.2,2.37,1.68,0.02,0.12,0.04,,
2019,FL,SC,p25,9.4,9.3,349,7.9,10,8.79,2.45,4.64,2.61,1.9,0.02,0.12,0.04,,
2019,FL,SC,p75,10.1,9.6,425,8,15,17.55,3.46,5.64,3.45,2.64,0.02,0.14,0.05,,
2019,FL,SC,p90,10.4,9.8,451.5,8,23,28.38,5.35,5.93,3.54,2.75,0.03,0.16,0.06,,
2019,SM,BWC,median,25.8,7.8,445,8.1,9,8.64,3.26,7.24,2.23,1.72,0.02,0.16,0.07,,
2019,SM,BWC,n,60,60,60,60,60,60,60,60,21,19,20,21,21,0,0
2019,SM,BWC,p10,24.8,5.15,351.5,7.6,2,0.95,1.16,1,0.76,0.01,0.01,0.09,0.01,,
2019,SM,BWC,p25,25.1,6.55,401.5,7.8,5.5,4.22,1.86,1.11,1.46,0.26,0.02,0.15,0.06,,
2019,SM,BWC,p75,26.2,9,462.5,8.2,13,15.55,4.12,15.67,2.62,1.92,0.03,0.17,0.08,,
2019,SM,BWC,p90,27.1,9.9,490,8.45,17,17.91,5.36,22.09,2.85,2.28,0.04,0.19,0.09,,
2019,SM,IMP,median,25.2,8.5,495,8.3,8,5.35,1.93,1,2.47,1.97,0.04,0.12,0.06,,
2019,SM,IMP,n,25,25,25,25,25,25,25,25,8,8,8,8,8,0,0
2019,SM,IMP,p10,24.7,7.3,412,8.1,2,0.99,0.87,1,2.25,1.72,0.03,0.11,0.05,,
2019,SM,IMP,p25,24.95,7.7,458,8.15,3,2.01,1.05,1,2.36,1.86,0.04,0.12,0.06,,
2019,SM,IMP,p75,25.9,10.2,512.5,8.6,12,15.47,3.69,8.2,2.68,2.21,0.06,0.13,0.07,,
2019,SM,IMP,p90,26.4,10.7,514,8.6,16,22.1,4.64,11.74,2.73,2.26,0.15,0.14,0.08,,
2019,SM,MC,median,25.3,7.3,486,8.1,12,16.66,3.98,12.32,2.75,2.18,0.02,0.18,0.07,,
2019,SM,MC,n,25,25,25,25,25,25,25,25,8,8,8,8,8,0,0
2019,SM,MC,p10,24.4,6.5,421,7.9,11,14.98,3.6,3.5,2.24,1.69,0.02,0.16,0.06,,
2019,SM,MC,p25,25,7,444.5,7.95,11,15.47,3.78,8.87,2.44,1.84,0.02,0.16,0.07,,
2019,SM,MC,p75,25.5,7.55,496.5,8.2,15,20.86,4.47,13.18,3.27,2.62,0.04,0.22,0.08,,
2019,SM,MC,p90,25.5,7.7,513,8.2,19,26.22,4.96,14.42,3.43,2.71,0.05,0.34,0.09,,
2019,SM,POOL,median,25.347,7.733,474.438,8.135,10.258,13.518,3.605,7.148,2.478,1.911,0.033,0.142,0.067,,
2019,SM,POOL,n,140,140,140,140,140,140,140,140,47,45,46,47,47,,
2019,SM,POOL,p10,24.644,6.411,398.934,7.819,1.798,1.077,1.019,1,2.047,1.387,0.014,0.11,0.051,,
2019,SM,POOL,p25,24.97,7.229,439.611,7.982,5.455,4.778,1.707,1,2.3,1.739,0.019,0.119,0.059,,
2019,SM,POOL,p75,25.83,8.951,508.659,8.289,12.906,17.902,4.342,12.585,2.713,2.253,0.04,0.161,0.073,,
2019,SM,POOL,p90,26.333,10.24,513.878,8.539,16.746,26.64,5.163,15.721,2.899,2.324,0.058,0.18,0.08,,
2019,SM,SC,median,25.35,7.65,459.5,8.1,12,16.47,4.2,13.56,2.6,2.07,0.02,0.16,0.07,,
2019,SM,SC,n,30,30,30,30,30,30,30,30,10,10,10,10,10,0,0
2019,SM,SC,p10,24.75,6.5,428.5,7.9,8,8.32,2.9,3.69,2.29,1.65,0.01,0.16,0.06,,
2019,SM,SC,p25,24.9,7.2,434,8,11,14.68,3.72,10.02,2.41,1.86,0.02,0.16,0.06,,
2019,SM,SC,p75,25.7,8,512,8.2,16,26.6,4.98,15.38,2.78,2.26,0.04,0.16,0.08,,
2019,SM,SC,p90,26.25,8.6,517,8.3,19,29.16,5.56,18.83,3,2.39,0.05,0.18,0.09,,
2019,SP,BWC,median,10.4,10.3,317.5,7.8,10,10.88,3.51,24.43,2.47,1.75,0.02,0.11,0.04,,
2019,SP,BWC,n,60,60,60,60,60,60,60,60,21,21,21,21,21,0,0
2019,SP,BWC,p10,9.85,9.75,262.5,7.6,6.5,6.31,2.67,17.89,1.95,1.29,0.01,0.1,0.03,,
2019,SP,BWC,p25,10.3,10,273,7.7,8,8.16,3.13,21.77,2.2,1.49,0.02,0.1,0.04,,
2019,SP,BWC,p75,10.6,10.65,381.5,8,12.5,13.39,4.24,26.91,2.87,2.09,0.02,0.14,0.05,,
2019,SP,BWC,p90,10.95,11.1,394,8.1,18.5,18.51,5.42,28.68,3.24,2.55,0.03,0.16,0.06,,
2019,SP,IMP,median,10.1,10.4,293,7.8,19,18.92,4.92,22.3,2.32,1.55,0.03,0.16,0.05,,
2019,SP,IMP,n,25,25,25,25,25,25,25,25,8,8,8,8,8,0,0
2019,SP,IMP,p10,9.6,9.1,155,7.3,16,14.54,4.32,12.4,1.77,0.98,0.03,0.14,0.05,,
2019,SP,IMP,p25,9.75,9.8,187,7.5,17,15.25,4.57,15.94,1.9,1.16,0.03,0.15,0.05,,
2019,SP,IMP,p75,10.55,10.8,341,7.9,22,21.17,5.4,24.7,2.42,1.72,0.04,0.16,0.06,,
2019,SP,IMP,p90,10.7,10.9,360,8,27,22.76,5.83,27.61,2.76,1.93,0.07,0.19,0.07,,
2019,SP,MC,median,10.2,10.4,329,7.9,18,17.65,4.83,24.96,3.22,2.53,0.01,0.14,0.05,,
2019,SP,MC,n,25,25,25,25,25,25,25,25,8,8,8,8,8,0,0
2019,SP,MC,p10,9.4,9.4,171,7.4,13,14.88,4.21,12.57,2.05,1.3,0.01,0.13,0.05,,
2019,SP,MC,p25,9.5,10.25,239.5,7.75,14,15.92,4.4,19.57,2.68,1.97,0.01,0.13,0.05,,
2019,SP,MC,p75,10.45,10.9,384,8,20.5,19.73,5.05,27.44,3.42,2.67,0.03,0.15,0.05,,
2019,SP,MC,p90,10.6,11.1,412,8,23,20.78,5.53,29.56,3.51,2.71,0.04,0.16,0.06,,
2019,SP,POOL,median,10.228,10.329,297.75,7.776,17.176,15.916,4.721,22.679,2.347,1.633,0.024,0.147,0.05,,
2019,SP,POOL,n,140,140,140,140,140,140,140,140,47,47,47,47,46,,
2019,SP,POOL,p10,9.539,9.248,156.758,7.287,8.971,9.92,3.307,12.797,1.759,1.009,0.013,0.106,0.039,,
2019,SP,POOL,p25,9.811,9.891,223.664,7.552,11.476,12.67,4.114,18.758,1.973,1.232,0.018,0.121,0.045,,
2019,SP,POOL,p75,10.497,10.718,349.503,7.926,19.245,19.879,5.092,25.984,2.908,2.093,0.029,0.155,0.053,,
2019,SP,POOL,p90,10.698,10.926,384.762,8.016,23.031,22.083,5.641,27.594,3.285,2.515,0.048,0.16,0.06,,
2019,SP,SC,median,10.3,10.4,321,8,15.5,14.78,4.31,22.66,2.4,1.55,0.03,0.15,0.05,,
2019,SP,SC,n,30,30,30,30,30,30,30,30,10,10,10,10,9,0,0
2019,SP,SC,p10,9.8,9.65,203.5,7.45,10,10.07,3.36,15.58,1.69,0.92,0.02,0.11,0.03,,
2019,SP,SC,p25,10.1,10.2,239,7.7,11,11.4,3.65,19.12,1.99,1.21,0.02,0.12,0.04,,
2019,SP,SC,p75,10.4,10.6,375,8,19,18.05,4.78,25.31,2.79,2.13,0.03,0.15,0.06,,
2019,SP,SC,p90,11.2,10.95,387,8.1,20,24.64,5.88,26.38,3.13,2.3,0.05,0.16,0.06,,
2019,WN,BWC,median,0.6,12.2,481,7.4,5,3.23,2.08,5.45,2.64,1.91,0.15,0.08,0.03,26,0
2019,WN,BWC,n,45,45,44,45,44,44,44,44,19,19,19,19,19,45,45
2019,WN,BWC,p10,0.1,3.3,345.5,7.1,3,1.5,1.56,1.32,2.01,1,0.04,0.04,0.01,20,0
2019,WN,BWC,p25,0.25,8.4,411.5,7.25,4,1.95,1.66,3.23,2.3,1.62,0.1,0.05,0.02,22.5,0
2019,WN,BWC,p75,1.05,13,500,7.7,6,4.42,3,16.39,3.62,2.82,0.19,0.1,0.04,31,6
2019,WN,BWC,p90,1.6,13.8,557.5,7.9,13,17.47,7.15,40.01,3.91,3.01,0.42,0.22,0.05,34,7
2019,WN,IMP,median,0.1,13.5,522,7.9,3,1.77,1.5,6.5,3.81,3.19,0.07,0.07,0.03,17,7
2019,WN,IMP,n,13,13,13,13,13,13,13,13,4,4,4,4,4,13,13
2019,WN,IMP,p10,0.1,13.25,500,7.75,3,1.44,1.41,3.91,3.78,3.03,0.04,0.06,0.02,13,0
2019,WN,IMP,p25,0.1,13.4,506.5,7.85,3,1.68,1.45,5.73,3.8,3.07,0.04,0.06,0.03,15,4
2019,WN,IMP,p75,0.1,13.5,530,8,3,1.95,1.58,7.46,3.98,3.38,0.11,0.08,0.03,22,9.5
2019,WN,IMP,p90,0.35,13.95,544,8.05,5.5,4.21,1.93,8.04,4.15,3.5,0.13,0.08,0.03,34.5,11.5
2019,WN,MC,median,0.1,13.2,497,7.8,3,1.91,1.63,6.69,3.66,3.09,0.07,0.06,0.03,15,0
2019,WN,MC,n,23,23,23,23,23,23,23,23,7,7,7,7,7,23,23
2019,WN,MC,p10,0.1,12.05,408,7.55,3,1.61,1.37,3.24,3.49,2.73,0.05,0.05,0.02,5,0
2019,WN,MC,p25,0.1,12.75,488.5,7.6,3,1.76,1.46,3.91,3.58,2.99,0.06,0.06,0.02,9,0
2019,WN,MC,p75,0.1,13.4,518,7.85,6.5,6.05,2.11,7.84,3.69,3.19,0.09,0.07,0.04,21.5,3.5
2019,WN,MC,p90,0.1,13.8,526,8.1,67,62.46,10.79,9.09,4.17,3.25,0.43,0.28,0.17,27,8.5
2019,WN,POOL,median,0.1,13.301,505.141,7.776,2.861,1.85,1.543,6.221,3.752,3.076,0.089,0.069,0.026,17.275,4.002
2019,WN,POOL,n,106,106,105,106,105,105,105,105,39,39,39,39,39,106,106
2019,WN,POOL,p10,0.1,11.444,402.31,7.323,2.165,1.556,1.412,3.209,2.362,1.708,0.037,0.048,0.017,9.976,0
2019,WN,POOL,p25,0.1,12.484,486.841,7.556,2.426,1.722,1.465,3.973,3.571,2.8,0.038,0.055,0.022,14.052,0
2019,WN,POOL,p75,0.225,13.444,526.58,7.908,4.867,3.488,2.07,7.626,3.814,3.242,0.131,0.076,0.029,24.592,7.231
2019,WN,POOL,p90,0.803,13.68,543.884,7.981,9.016,6.642,3.57,9.502,4.062,3.411,0.236,0.118,0.038,31.09,9.118
2019,WN,SC,median,0.1,12.8,501,7.7,4,1.99,1.63,5.73,3.63,2.87,0.07,0.08,0.03,14,1
2019,WN,SC,n,25,25,25,25,25,25,25,25,9,9,9,9,9,25,25
2019,WN,SC,p10,0.1,12.1,380,7.5,3,1.55,1.39,3.04,2.41,1.53,0.04,0.06,0.02,8,0
2019,WN,SC,p25,0.1,12.25,445,7.5,3,1.66,1.48,3.62,2.99,2.39,0.04,0.06,0.02,11,0
2019,WN,SC,p75,0.3,13.3,546.5,7.9,8,6.15,2.52,8.14,3.9,3.6,0.26,0.2,0.04,24,6.5
2019,WN,SC,p90,1,13.4,549,8,63,40.19,10.19,9.76,4.15,3.65,0.35,0.34,0.09,32,8
2020,FL,BWC,median,8.1,10,392.5,8.1,3,3.02,1.49,3.7,1.67,1.17,0.05,0.07,0.02,,
2020,FL,BWC,n,60,60,60,60,60,60,60,60,21,21,21,21,21,0,0
2020,FL,BWC,p10,4.2,7.05,377.5,7.55,2,0.92,1.01,1,0.77,0.02,0.03,0.05,0,,
2020,FL,BWC,p25,6.35,9.05,382,7.8,3,1.92,1.14,1.61,1.32,0.16,0.04,0.07,0.01,,
2020,FL,BWC,p75,15.05,11.05,431.5,8.3,6,5.81,2.09,5.95,1.9,1.27,0.06,0.09,0.04,,
2020,FL,BWC,p90,16.35,13.7,473,8.5,10,11.07,3.93,16.54,2.51,1.56,0.27,0.18,0.05,,
2020,FL,IMP,median,9,10.1,391,8.2,2,1.54,1.03,1.05,1.77,1.29,0.05,0.07,0.03,,
2020,FL,IMP,n,25,25,25,25,25,25,25,25,8,8,8,8,8,0,0
2020,FL,IMP,p10,8,9,383,8.1,1,0.54,0.88,1,1.64,1.19,0.04,0.07,0.02,,
2020,FL,IMP,p25,8.35,9.8,388,8.1,2,1.1,0.98,1,1.67,1.2,0.05,0.07,0.02,,
2020,FL,IMP,p75,9.3,10.45,393.5,8.2,3,2.5,1.28,2.98,1.95,1.33,0.05,0.07,0.03,,
2020,FL,IMP,p90,15.4,11.1,406,8.4,7,6.56,1.66,3.62,2.02,1.43,0.06,0.08,0.03,,
2020,FL,MC,median,12.7,9.6,395,8.2,3,3.19,1.38,2.01,1.76,1.28,0.05,0.07,0.03,,
2020,FL,MC,n,25,25,25,25,25,25,25,25,9,9,9,9,9,0,0
2020,FL,MC,p10,8.9,9.4,384,8.1,2,2.17,1.2,1.37,1.7,1.23,0.05,0.07,0.03,,
2020,FL,MC,p25,9.45,9.5,386.5,8.2,2,2.4,1.34,1.53,1.74,1.25,0.05,0.07,0.03,,
2020,FL,MC,p75,13.1,10.2,403,8.3,3,3.69,1.52,3.86,1.83,1.32,0.05,0.08,0.04,,
2020,FL,MC,p90,14.7,10.3,417,8.3,4,4.95,1.79,7.31,1.96,1.42,0.05,0.09,0.05,,
2020,FL,POOL,median,9.059,10.044,390.901,8.141,2.261,2.4,1.263,2.213,1.729,1.259,0.047,0.07,0.025,,
2020,FL,POOL,n,140,140,140,140,140,140,140,140,48,48,48,48,48,,
2020,FL,POOL,p10,7.067,8.904,378.315,7.861,1.101,0.882,0.928,1,1.577,0.924,0.034,0.062,0.006,,
2020,FL,POOL,p25,8.208,9.498,383.812,8.054,1.522,1.435,1.015,1,1.667,1.19,0.044,0.066,0.017,,
2020,FL,POOL,p75,12.986,10.528,402.101,8.212,3.272,4.028,1.593,3.792,1.887,1.32,0.051,0.074,0.029,,
2020,FL,POOL,p90,15.402,11.053,416.075,8.304,6.146,6.915,2.182,6.142,2.013,1.503,0.058,0.089,0.037,,
2020,FL,SC,median,12.5,10.05,386.5,8.2,3,3.07,1.43,3.86,1.72,1.26,0.05,0.07,0.02,,
2020,FL,SC,n,30,30,30,30,30,30,30,30,10,10,10,10,10,0,0
2020,FL,SC,p10,8.05,9.3,376,8.1,2,1.66,0.99,1.05,1.67,1.19,0.04,0.06,0.01,,
2020,FL,SC,p25,8.5,9.6,381,8.2,3,2.15,1.18,2.65,1.68,1.22,0.05,0.07,0.02,,
2020,FL,SC,p75,15.4,10.7,407,8.3,4,5.35,1.63,5.06,2.01,1.63,0.05,0.07,0.03,,
2020,FL,SC,p90,15.5,10.95,413.5,8.3,6,7.43,1.99,6.19,2.25,1.88,0.06,0.09,0.04,,
2020,SM,BWC,median,26.5,8.7,366,8.3,5,4.85,2.81,11.69,1.13,0.43,0.03,0.12,0.04,,
2020,SM,BWC,n,59,59,59,59,59,59,59,59,21,21,21,21,21,0,0
2020,SM,BWC,p10,22.7,4.6,283,7.55,1.5,0.83,1.28,3.82,0.82,0.05,0.01,0.09,0.02,,
2020,SM,BWC,p25,23.8,7.35,344.5,7.85,3,2.28,1.66,5.88,0.93,0.06,0.02,0.11,0.03,,
2020,SM,BWC,p75,27.3,9.7,389,8.6,8,11.38,4.17,25.04,1.48,0.71,0.05,0.15,0.06,,
2020,SM,BWC,p90,27.9,10.6,395,8.8,10.5,15.94,5.17,28.55,1.67,1.04,0.08,0.24,0.08,,
2020,SM,IMP,median,23.9,8.8,366,8.3,3,4.04,2.05,9.64,1.29,0.62,0.04,0.11,0.04,,
2020,SM,IMP,n,25,25,25,25,25,25,25,25,8,8,8,8,8,0,0
2020,SM,IMP,p10,23,7.2,339,8.2,1,0.42,0.68,1.6,1.06,0.41,0.02,0.1,0.03,,
2020,SM,IMP,p25,23.55,7.3,362,8.25,1,0.8,1.12,4.17,1.17,0.5,0.03,0.1,0.03,,
2020,SM,IMP,p75,27.25,10.05,383,8.6,8,13.58,3.59,20.93,1.35,0.68,0.04,0.12,0.05,,
2020,SM,IMP,p90,27.8,12.6,401,8.9,9,15.95,4.2,28.8,1.38,0.73,0.04,0.13,0.06,,
2020,SM,MC,median,24.4,8.3,375,8.3,9,15.84,4.51,27.77,1.65,0.75,0.02,0.13,0.04,,
2020,SM,MC,n,25,25,25,25,25,25,25,25,8,8,8,8,8,0,0
2020,SM,MC,p10,23.6,7.7,349,8.2,8,12.11,3.8,16.31,1.33,0.51,0.01,0.12,0.03,,
2020,SM,MC,p25,23.9,7.9,362.5,8.25,8,13.3,4.07,24.95,1.41,0.52,0.02,0.12,0.04,,
2020,SM,MC,p75,26.4,9,397,8.5,10,17.59,4.86,30.94,1.83,1.08,0.04,0.13,0.04,,
2020,SM,MC,p90,26.5,10,427,8.6,11,19.12,5.2,39.75,1.94,1.19,0.05,0.14,0.04,,
2020,SM,POOL,median,24.43,8.71,367.144,8.294,6.957,11.113,3.544,18.526,1.312,0.635,0.026,0.115,0.039,,
2020,SM,POOL,n,140,140,140,140,140,140,140,140,47,47,47,47,47,,
2020,SM,POOL,p10,23.073,6.91,338.399,8.031,1,0.626,0.982,3.278,0.972,0.347,0.013,0.094,0.026,,
2020,SM,POOL,p25,23.704,7.603,359.571,8.201,2.344,3.032,1.619,5.663,1.202,0.484,0.016,0.104,0.031,,
2020,SM,POOL,p75,26.997,9.642,386.816,8.518,8.337,14.952,4.34,27.845,1.547,0.835,0.037,0.131,0.045,,
2020,SM,POOL,p90,27.708,11.136,400.853,8.716,9.678,17.477,4.946,31.577,1.846,1.073,0.041,0.138,0.06,,
2020,SM,SC,median,26.1,9.1,366,8.5,9,13.73,4.33,27.94,1.77,0.99,0.02,0.13,0.04,,
2020,SM,SC,n,31,31,31,31,31,31,31,31,10,10,10,10,10,0,0
2020,SM,SC,p10,23.8,7.5,352,8.3,5.5,7.81,3.15,15.97,1.27,0.55,0.01,0.11,0.03,,
2020,SM,SC,p25,25.45,8.25,358,8.3,8,11.13,3.94,20.51,1.59,0.88,0.01,0.12,0.03,,
2020,SM,SC,p75,27,9.45,391.5,8.6,10,16.6,4.88,29.91,1.92,1.06,0.02,0.14,0.04,,
2020,SM,SC,p90,27.45,10.65,424,8.7,11,18.81,5.49,35.04,2.13,1.33,0.04,0.14,0.05,,
2020,WN,BWC,median,0.4,11.2,457,7.6,4,2.05,1.4,3.08,2.72,2.15,0.15,0.05,0.01,25,1
2020,WN,BWC,n,53,53,52,53,52,52,52,52,21,21,21,21,21,53,53
2020,WN,BWC,p10,0.1,5.75,352.5,7.2,2.5,1.56,1.21,1.91,1.99,1.36,0.07,0.03,0,14,0
2020,WN,BWC,p25,0.1,9.4,412.5,7.45,3,1.75,1.28,2.72,2.42,1.88,0.12,0.05,0.01,22,0
2020,WN,BWC,p75,0.8,11.8,479,7.75,4,2.64,1.59,4.1,3.05,2.58,0.16,0.06,0.01,29,3
2020,WN,BWC,p90,1.1,12.1,558.5,7.8,5.5,4.55,3.12,7.67,4.19,3.49,0.18,0.07,0.02,33.5,9.5
2020,WN,IMP,median,0.1,11.5,447,7.7,4,2.19,1.22,2.5,2.72,2.16,0.15,0.05,0.01,24,6
2020,WN,IMP,n,25,25,25,25,25,25,25,25,8,8,8,8,8,25,25
2020,WN,IMP,p10,0,10.7,339,7.6,3,1.6,1.06,2.06,2.54,2.09,0.12,0.04,0.01,16,0
2020,WN,IMP,p25,0.1,11.25,419,7.6,3.5,1.78,1.11,2.2,2.61,2.14,0.14,0.04,0.01,20,1
2020,WN,IMP,p75,0.15,11.6,471.5,7.7,4,2.55,1.29,2.57,2.97,2.49,0.16,0.05,0.01,26.5,11.5
2020,WN,IMP,p90,0.7,11.8,484,7.8,4,2.81,1.33,2.79,3.17,2.77,0.16,0.05,0.01,31,13
2020,WN,MC,median,0.1,11.8,460,7.7,5,2.85,1.35,2.35,3.17,2.53,0.17,0.05,0.01,15,0
2020,WN,MC,n,25,25,25,25,25,25,25,25,8,8,8,8,8,25,25
2020,WN,MC,p10,0,11.4,423,7.6,3,1.91,1.25,1.91,2.75,2.19,0.14,0.05,0,0,0
2020,WN,MC,p25,0.1,11.6,444.5,7.7,4,2.47,1.27,1.99,2.87,2.22,0.15,0.05,0,4.5,0
2020,WN,MC,p75,0.25,11.9,481,7.8,5,6.48,1.52,2.57,3.2,2.74,0.2,0.05,0.01,21.5,6
2020,WN,MC,p90,0.8,12,492,7.8,5,7.1,1.67,2.93,3.24,2.8,0.2,0.05,0.02,23,9
2020,WN,POOL,median,0.079,11.468,446.537,7.623,3.445,2.328,1.281,2.425,2.725,2.16,0.152,0.047,0.007,21.263,0.733
2020,WN,POOL,n,133,133,130,133,131,131,131,131,47,47,47,47,47,133,133
2020,WN,POOL,p10,0,10.366,361.542,7.498,2.329,1.606,1.096,1.791,2.475,2.033,0.112,0.038,0.002,0,0
2020,WN,POOL,p25,0.029,11.207,417.774,7.549,2.957,1.873,1.183,2.116,2.572,2.118,0.139,0.043,0.005,14.848,0
2020,WN,POOL,p75,0.36,11.707,476.437,7.684,3.908,2.806,1.389,2.758,3.1,2.557,0.16,0.05,0.009,25.298,9.144
2020,WN,POOL,p90,0.798,11.859,490.248,7.748,4.628,4.26,1.605,3.328,3.19,2.744,0.18,0.054,0.012,29.282,11.684
2020,WN,SC,median,0.1,11.55,426,7.6,4,2.66,1.36,2.5,2.65,2.12,0.16,0.05,0.01,12,0
2020,WN,SC,n,30,30,28,30,29,29,29,29,10,10,10,10,10,30,30
2020,WN,SC,p10,0.1,11.25,395,7.5,3,1.9,1.15,1.77,2.52,2.07,0.14,0.05,0.01,0,0
2020,WN,SC,p25,0.1,11.3,403,7.6,4,2.21,1.23,1.77,2.54,2.09,0.14,0.05,0.01,0,0
2020,WN,SC,p75,0.4,11.7,430.5,7.7,5,3.53,1.46,2.79,2.71,2.15,0.17,0.05,0.01,21,3
2020,WN,SC,p90,0.8,11.9,483,7.7,5,4.65,1.68,3.08,2.94,2.37,0.19,0.06,0.01,25.5,11.5
2021,FL,BWC,median,16.2,8,415,8.1,6,7.16,3.32,12.46,1.36,0.61,0.06,0.13,0.04,,
2021,FL,BWC,n,61,61,61,61,61,61,61,61,21,21,21,21,21,0,0
2021,FL,BWC,p10,14,3.65,368,7.65,2,1.03,1.17,1.2,0.63,0.01,0.03,0.08,0.02,,
2021,FL,BWC,p25,14.85,6.05,409.5,7.8,4,3.05,1.9,4.49,1.05,0.06,0.04,0.1,0.03,,
2021,FL,BWC,p75,17.6,10.15,434,8.4,8.5,9.97,4.12,21.47,1.51,0.8,0.1,0.16,0.05,,
2021,FL,BWC,p90,18.5,11.55,464,8.6,13.5,15.54,5.13,29.81,1.69,0.87,0.2,0.21,0.06,,
2021,FL,IMP,median,18.8,7.2,424,8.1,4,4.08,2.28,13.21,1.5,0.81,0.06,0.12,0.06,,
2021,FL,IMP,n,25,25,25,25,25,25,25,25,8,8,8,8,8,0,0
2021,FL,IMP,p10,17.1,5,415,7.9,2,1.06,1.3,4.02,1.33,0.7,0.04,0.11,0.05,,
2021,FL,IMP,p25,18.2,6.2,419.5,8,2.5,2.03,1.5,5.71,1.41,0.78,0.05,0.12,0.05,,
2021,FL,IMP,p75,19.55,7.8,427.5,8.2,6,6.28,2.67,18.46,1.58,0.85,0.08,0.13,0.08,,
2021,FL,IMP,p90,19.6,8.3,436,8.3,7,8.66,3.03,21.65,1.69,0.92,0.1,0.16,0.09,,
2021,FL,MC,median,15.1,9.7,419,8.4,5,6.84,2.85,21.28,1.39,0.83,0.02,0.11,0.05,,
2021,FL,MC,n,25,25,25,25,25,25,25,25,8,8,8,8,8,0,0
2021,FL,MC,p10,14.5,7.3,414,8.1,4,5.66,2.49,15.46,1.32,0.71,0.02,0.1,0.04,,
2021,FL,MC,p25,14.95,7.3,415,8.1,5,6.1,2.7,19.22,1.35,0.74,0.02,0.11,0.04,,
2021,FL,MC,p75,18.6,9.85,427.5,8.45,5,7.29,3.03,24.37,1.51,0.94,0.05,0.12,0.05,,
2021,FL,MC,p90,18.7,10.1,433,8.5,6,7.85,3.11,26.72,1.55,0.99,0.07,0.12,0.05,,
2021,FL,POOL,median,17.988,7.706,421.575,8.123,4.535,5.802,2.689,16.694,1.454,0.78,0.05,0.117,0.049,,
2021,FL,POOL,n,140,140,140,140,140,140,140,140,47,47,47,47,47,,
2021,FL,POOL,p10,14.643,5.514,401.691,7.8,1.603,1.302,1.31,3.945,1.158,0.51,0.015,0.103,0.034,,
2021,FL,POOL,p25,15.562,6.511,414.148,7.994,3.173,3.355,2.016,8.256,1.36,0.711,0.027,0.11,0.041,,
2021,FL,POOL,p75,18.793,9.631,428.498,8.298,5.906,7.898,3.105,21.297,1.534,0.864,0.071,0.125,0.055,,
2021,FL,POOL,p90,19.513,10.316,437.272,8.455,7.82,9.428,3.758,26.637,1.608,0.959,0.102,0.157,0.07,,
2021,FL,SC,median,15.9,9.3,415,8.3,6,8.31,3.1,20.15,1.5,0.83,0.02,0.11,0.04,,
2021,FL,SC,n,29,29,29,29,29,29,29,29,10,10,10,10,10,0,0
2021,FL,SC,p10,14.45,7.25,402.5,8,5,5.4,2.69,11.9,1.21,0.71,0.02,0.11,0.04,,
2021,FL,SC,p25,15.35,7.9,411,8.2,5,6.09,2.82,15.18,1.37,0.74,0.02,0.11,0.04,,
2021,FL,SC,p75,18.6,10.25,431.5,8.5,7,9.33,3.43,24.19,1.56,1.04,0.04,0.12,0.05,,
2021,FL,SC,p90,19.05,10.6,439.5,8.5,8.5,12.24,4.11,28.31,1.61,1.08,0.06,0.12,0.05,,
2021,SM,BWC,median,24.65,6.9,311,7.8,5,4.22,2.38,8.11,0.85,0.13,0.04,0.14,0.09,,
2021,SM,BWC,n,60,60,60,60,60,60,60,60,21,21,21,21,21,0,0
2021,SM,BWC,p10,22.45,1.7,269.5,7.25,1.5,1.32,1.45,1.89,0.6,0.01,0.01,0.1,0.04,,
2021,SM,BWC,p25,23.65,3.95,289,7.5,3,2.19,1.71,4.57,0.68,0.04,0.02,0.13,0.06,,
2021,SM,BWC,p75,26.35,8.9,360.5,8.2,7,6.72,3.77,20.22,0.93,0.29,0.07,0.18,0.12,,
2021,SM,BWC,p90,27.45,11.8,391.5,8.5,8.5,10.21,4.73,28.17,1.04,0.34,0.09,0.26,0.16,,
2021,SM,IMP,median,26.35,8.35,359,8.6,3,2.42,2.2,7.94,0.69,0.14,0.03,0.11,0.06,,
2021,SM,IMP,n,24,24,24,24,25,25,25,25,8,8,8,8,8,0,0
2021,SM,IMP,p10,25.1,3.4,304.5,7.75,1,0.46,0.96,2.06,0.38,0.04,0.02,0.06,0.03,,
2021,SM,IMP,p25,25.9,6.7,334.5,8.1,2,0.94,1.23,4.4,0.51,0.05,0.02,0.08,0.04,,
2021,SM,IMP,p75,27.1,12.45,383.5,9,6,6.19,3.07,18.57,0.89,0.36,0.03,0.13,0.07,,
2021,SM,IMP,p90,27.7,16.3,387.5,9.35,7,9.15,3.93,24.36,0.95,0.37,0.06,0.17,0.1,,
2021,SM,MC,median,25.9,7.3,317,7.9,7,7.13,3.31,17.96,0.93,0.44,0.06,0.13,0.09,,
2021,SM,MC,n,25,25,25,25,25,25,25,25,8,8,8,8,8,0,0
2021,SM,MC,p10,25.1,6.6,300,7.8,5,4.91,2.57,13.82,0.83,0.29,0.02,0.13,0.06,,
2021,SM,MC,p25,25.2,6.8,305.5,7.8,5,5.66,2.84,15.2,0.85,0.34,0.04,0.13,0.07,,
2021,SM,MC,p75,26.95,9.5,395,8.5,7.5,10.2,5.23,35.25,1.01,0.46,0.06,0.13,0.1,,
2021,SM,MC,p90,27.6,12.2,405,8.5,12,13.62,5.81,46.32,1.11,0.49,0.07,0.14,0.12,,
2021,SM,POOL,median,26.146,7.884,343.619,8.144,4.844,5.379,2.84,14.203,0.846,0.282,0.028,0.129,0.063,,
2021,SM,POOL,n,139,139,139,139,140,140,140,140,47,47,47,47,47,,
2021,SM,POOL,p10,24.148,4.094,288.864,7.562,1,0.63,1.043,2.359,0.425,0.026,0.019,0.074,0.027,,
2021,SM,POOL,p25,25.139,6.604,302.831,7.789,2.41,2.208,1.699,5.793,0.6,0.06,0.021,0.101,0.045,,
2021,SM,POOL,p75,26.824,9.322,383.702,8.522,6.766,8.689,3.998,24.73,0.951,0.378,0.056,0.138,0.092,,
2021,SM,POOL,p90,27.532,12.935,391.661,8.949,9.175,12.832,5.038,32.915,1.065,0.438,0.07,0.19,0.111,,
2021,SM,SC,median,26.3,8.15,311,8.2,8,8.96,4.28,26.87,1.05,0.41,0.04,0.14,0.07,,
2021,SM,SC,n,30,30,30,30,30,30,30,30,10,10,10,10,10,0,0
2021,SM,SC,p10,24.7,7,282.5,7.85,5.5,5.79,2.86,15.46,0.88,0.22,0.02,0.13,0.05,,
2021,SM,SC,p25,25.4,7.8,290,8.1,7,7.27,3.82,21.08,0.9,0.31,0.02,0.13,0.06,,
2021,SM,SC,p75,26.4,8.5,389,8.3,10,14.52,5.06,32.14,1.08,0.5,0.05,0.14,0.09,,
2021,SM,SC,p90,27,9,393,8.3,11,16.75,5.4,36.12,1.19,0.51,0.06,0.14,0.11,,
2021,SP,BWC,median,11.2,11.75,336,8.4,6,7.31,2.69,17.62,1.62,0.88,0.02,0.06,0.01,,
2021,SP,BWC,n,60,60,59,60,60,60,60,60,21,21,21,21,21,0,0
2021,SP,BWC,p10,9.65,8.25,303,8.1,4,2.34,1.7,8.64,0.45,0.03,0.01,0.05,0,,
2021,SP,BWC,p25,10,10.55,327,8.2,5,5.36,2.27,13.25,0.95,0.19,0.02,0.06,0,,
2021,SP,BWC,p75,15.3,13.65,358,8.8,7,9.38,3.86,32.89,1.92,1.33,0.02,0.07,0.01,,
2021,SP,BWC,p90,18.5,18.2,372.5,9.3,11.5,14.53,5.26,61.66,2.02,1.42,0.05,0.11,0.01,,
2021,SP,IMP,median,11.4,10.9,358,8.3,6,6.99,2.35,13.09,1.85,1.33,0.03,0.06,0.01,,
2021,SP,IMP,n,25,25,25,25,25,25,25,25,8,8,8,8,8,0,0
2021,SP,IMP,p10,10,9.6,345,8.1,4,4.58,1.72,8.8,1.62,1.01,0.02,0.04,0.01,,
2021,SP,IMP,p25,10.4,9.75,352,8.25,5,5.79,2.09,9.99,1.71,1.09,0.02,0.05,0.01,,
2021,SP,IMP,p75,13.5,12.2,371.5,8.5,6,8.01,2.64,14.84,2,1.42,0.04,0.06,0.01,,
2021,SP,IMP,p90,13.8,12.8,376,8.5,7,9.43,2.93,28.03,2.06,1.44,0.04,0.08,0.01,,
2021,SP,MC,median,9.1,11.1,362,8.2,6,7.35,2.44,12.45,1.98,1.46,0.02,0.06,0.01,,
2021,SP,MC,n,25,25,25,25,25,25,25,25,8,8,8,8,8,0,0
2021,SP,MC,p10,8.9,10.8,347,8.1,5,6.28,2.23,10.86,1.87,1.42,0.02,0.05,0.01,,
2021,SP,MC,p25,9,11,356,8.2,5,6.8,2.28,11.74,1.93,1.43,0.02,0.06,0.01,,
2021,SP,MC,p75,10,11.3,367.5,8.25,6,8.14,2.58,14.2,2,1.47,0.03,0.06,0.01,,
2021,SP,MC,p90,10.5,11.4,370,8.3,6,8.57,2.68,18.49,2.02,1.47,0.03,0.06,0.01,,
2021,SP,POOL,median,10.859,10.984,356.133,8.25,5.235,7.21,2.451,13.724,1.859,1.306,0.024,0.056,0.008,,
2021,SP,POOL,n,140,140,139,140,140,140,140,140,47,47,47,47,47,,
2021,SP,POOL,p10,9.099,9.543,330.059,8.037,3.386,4.564,1.899,8.997,1.428,0.527,0.015,0.043,0.003,,
2021,SP,POOL,p25,9.925,10.022,339.894,8.129,4.437,6.165,2.182,11.219,1.626,1.007,0.019,0.053,0.006,,
2021,SP,POOL,p75,13.601,11.842,366.299,8.433,5.793,8.264,2.714,17.466,1.978,1.427,0.032,0.062,0.01,,
2021,SP,POOL,p90,14.784,12.871,375.095,8.583,7.489,9.953,3.645,34.195,2.034,1.454,0.038,0.08,0.011,,
2021,SP,SC,median,12.85,10.65,340.5,8.2,6,8.21,2.64,14.68,1.71,1.08,0.03,0.07,0.01,,
2021,SP,SC,n,30,30,30,30,30,30,30,30,10,10,10,10,10,0,0
2021,SP,SC,p10,9.15,9.7,328,8.1,4,5.66,2.11,11.18,1.57,1.02,0.02,0.05,0.01,,
2021,SP,SC,p25,9.8,9.9,335,8.1,6,6.76,2.2,11.82,1.62,1.03,0.02,0.06,0.01,,
2021,SP,SC,p75,14.8,11.1,359,8.5,6,8.91,3,18.81,1.9,1.3,0.04,0.08,0.01,,
2021,SP,SC,p90,15.2,11.7,377,8.6,11,15.89,4.32,43.62,1.98,1.47,0.05,0.08,0.01,,
2021,WN,BWC,median,0.3,12.7,452,7.8,4,2.24,1.34,4.61,2.58,2.11,0.08,0.04,0.01,23.5,5
2021,WN,BWC,n,46,46,44,46,44,44,44,44,21,21,21,21,21,46,46
2021,WN,BWC,p10,0.1,7.6,351.5,7.25,2,1.34,0.99,2.93,1.85,0.79,0.05,0.04,0,9.5,2
2021,WN,BWC,p25,0.1,12.2,429,7.6,3,1.55,1.16,3.26,2.45,1.95,0.06,0.04,0.01,12,3
2021,WN,BWC,p75,0.5,13.2,478.5,7.8,5,4.59,2.09,9.83,2.66,2.17,0.1,0.05,0.01,29,7
2021,WN,BWC,p90,0.8,13.9,504.5,7.8,8,7.7,5.38,59.89,3.18,2.69,0.13,0.15,0.02,31,8
2021,WN,IMP,median,0.1,12.8,436,7.7,3,1.64,1.05,2.76,2.52,2.12,0.11,0.04,0.01,25,5
2021,WN,IMP,n,25,25,25,25,25,25,25,25,8,8,8,8,8,25,25
2021,WN,IMP,p10,0.1,12.3,427,7.6,2,1.12,0.93,2.59,2.43,2.06,0.1,0.04,0.01,18,4
2021,WN,IMP,p25,0.1,12.6,428,7.7,2.5,1.22,1,2.76,2.48,2.09,0.11,0.04,0.01,20,4
2021,WN,IMP,p75,0.1,12.9,445,7.8,3,2.02,1.17,3.02,2.57,2.13,0.11,0.04,0.01,27,6
2021,WN,IMP,p90,0.3,13,460,7.9,5,2.31,1.63,3.6,2.6,2.14,0.11,0.04,0.02,28,8
2021,WN,MC,median,0.1,13,439,7.7,3,1.4,1.03,3.1,2.63,2.13,0.11,0.04,0.01,16,3
2021,WN,MC,n,25,25,25,25,25,25,25,25,8,8,8,8,8,25,25
2021,WN,MC,p10,0,12.8,429,7.7,2,0.99,0.93,2.59,2.48,2.08,0.09,0.03,0.01,0,0
2021,WN,MC,p25,0,12.9,432,7.7,2,1.13,0.98,2.76,2.56,2.1,0.1,0.03,0.01,4,0
2021,WN,MC,p75,0.1,13.5,449,7.9,3,1.53,1.07,3.43,2.69,2.18,0.11,0.04,0.01,24,5
2021,WN,MC,p90,0.1,13.6,455,7.9,3,2,1.15,4.11,2.82,2.33,0.13,0.11,0.01,24,7
2021,WN,POOL,median,0.061,12.756,438.15,7.701,2.465,1.554,1.064,2.944,2.534,2.118,0.104,0.036,0.01,20.654,4.086
2021,WN,POOL,n,123,123,121,123,121,121,121,121,47,47,47,47,47,123,123
2021,WN,POOL,p10,0,12.196,426.08,7.511,2,1.058,0.928,2.525,2.383,2.013,0.067,0.033,0.007,8.203,0.621
2021,WN,POOL,p25,0.019,12.56,429.015,7.625,2.011,1.264,0.999,2.682,2.478,2.088,0.092,0.035,0.009,14.422,2.939
2021,WN,POOL,p75,0.125,12.944,451.606,7.773,2.919,2.014,1.22,3.362,2.619,2.141,0.112,0.04,0.012,24.928,5.729
2021,WN,POOL,p90,0.438,13.376,472.58,7.84,4.505,4.012,1.866,7.906,2.716,2.189,0.114,0.047,0.014,27.861,7.407
2021,WN,SC,median,0.1,12.8,439,7.8,3,1.53,1.06,3.1,2.55,2.17,0.09,0.04,0.01,13,4
2021,WN,SC,n,27,27,27,27,27,27,27,27,10,10,10,10,10,27,27
2021,WN,SC,p10,0.05,12.4,427,7.7,2,0.99,0.92,2.59,2.47,2.11,0.07,0.04,0.01,8.5,0
2021,WN,SC,p25,0.1,12.7,430,7.7,3,1.4,1,2.85,2.5,2.14,0.08,0.04,0.01,9.5,1.5
2021,WN,SC,p75,0.1,13,449,7.8,3,1.72,1.13,3.26,2.68,2.2,0.11,0.04,0.01,16.5,5
2021,WN,SC,p90,0.1,13.35,462,7.9,3,1.95,1.22,3.43,2.85,2.51,0.13,0.06,0.01,20,7.5
2022,FL,BWC,median,14.4,10.25,397,8.2,4,3.91,1.86,8.67,1.24,0.6,0.04,0.1,0.04,,
2022,FL,BWC,n,60,60,60,60,60,60,60,60,21,21,21,21,21,0,0
2022,FL,BWC,p10,6.8,4.9,369,7.5,2,1.42,1.07,4.72,0.83,0.01,0.01,0.06,0.01,,
2022,FL,BWC,p25,8.55,7.35,387,7.7,3,2.54,1.42,6.26,0.97,0.02,0.02,0.08,0.02,,
2022,FL,BWC,p75,15.5,11.65,415.5,8.5,5,6.34,2.94,16.29,1.36,0.74,0.08,0.11,0.05,,
2022,FL,BWC,p90,16.1,12.55,452.5,8.8,10.5,14.54,5.16,36.14,1.39,0.79,0.13,0.14,0.06,,
2022,FL,IMP,median,14.1,10.1,395,8.4,2,1.43,1.02,6.18,1.35,0.83,0.03,0.08,0.04,,
2022,FL,IMP,n,25,25,25,25,25,25,25,25,8,8,8,8,8,0,0
2022,FL,IMP,p10,13.5,8.1,385,7.8,1,0.36,0.73,4.43,0.86,0.27,0.02,0.06,0.03,,
2022,FL,IMP,p25,13.6,9.75,393,8.25,1.5,0.69,0.86,4.5,1.23,0.56,0.03,0.08,0.04,,
2022,FL,IMP,p75,14.9,11.15,398,8.5,3,3.03,1.37,7.36,1.4,0.91,0.04,0.09,0.05,,
2022,FL,IMP,p90,15.2,12,406,8.6,4,4.85,1.72,7.8,1.47,1,0.09,0.09,0.05,,
2022,FL,MC,median,14.3,9.5,403,8.3,3,3.29,1.29,6.77,1.43,0.98,0.04,0.1,0.05,,
2022,FL,MC,n,25,25,25,25,25,25,25,25,8,8,8,8,8,0,0
2022,FL,MC,p10,14,9.3,390,8.2,2,1.31,0.83,4.43,1.27,0.78,0.03,0.09,0.05,,
2022,FL,MC,p25,14.1,9.4,393,8.2,2,1.6,0.88,4.8,1.34,0.82,0.03,0.1,0.05,,
2022,FL,MC,p75,14.4,9.7,406,8.3,4,5.21,1.39,8.6,1.61,1.16,0.04,0.1,0.06,,
2022,FL,MC,p90,14.5,10,418,8.3,4,6.16,1.52,9.11,1.68,1.23,0.04,0.1,0.06,,
2022,FL,POOL,median,14.114,9.935,394.909,8.267,2.495,2.881,1.303,6.806,1.351,0.802,0.035,0.092,0.044,,
2022,FL,POOL,n,140,140,140,140,140,140,140,140,47,47,47,47,47,,
2022,FL,POOL,p10,8.36,7.885,384.079,7.748,1,0.633,0.748,4.347,0.904,0.005,0.016,0.056,0.015,,
2022,FL,POOL,p25,13.561,9.353,387.867,8.095,1.503,1.394,0.984,4.868,1.231,0.601,0.028,0.082,0.039,,
2022,FL,POOL,p75,14.832,11.03,403.518,8.396,3.584,4.517,1.684,8.837,1.402,0.906,0.046,0.097,0.051,,
2022,FL,POOL,p90,15.284,11.908,410.505,8.537,4.838,6.153,2.045,11.506,1.53,1.044,0.119,0.101,0.057,,
2022,FL,SC,median,14.05,9.95,389.5,8.3,4,3.88,1.56,8.31,1.39,0.81,0.05,0.1,0.05,,
2022,FL,SC,n,30,30,30,30,30,30,30,30,10,10,10,10,10,0,0
2022,FL,SC,p10,7.65,8.95,385.5,8.2,2,1.91,0.91,5.09,1.24,0.73,0.03,0.09,0.04,,
2022,FL,SC,p25,8.2,9.5,387,8.2,3,2.66,1.09,5.45,1.34,0.76,0.04,0.09,0.04,,
2022,FL,SC,p75,14.6,11,404,8.4,5,5.22,1.74,10.14,1.51,0.98,0.06,0.1,0.05,,
2022,FL,SC,p90,15.3,11.6,406,8.55,5.5,6.49,2.01,11.02,1.56,1.02,0.11,0.11,0.06,,
2022,SM,BWC,median,25.8,9.1,394,8.5,8.5,7.88,5.1,27.78,1.26,0.23,0.04,0.15,0.04,,
2022,SM,BWC,n,60,60,60,60,60,60,60,60,21,20,20,21,21,0,0
2022,SM,BWC,p10,22.9,1.7,327.5,7.35,2.5,1.44,1.57,1,0.32,0.01,0.02,0.1,0.01,,
2022,SM,BWC,p25,24.25,4.95,358.5,7.75,3,2.61,2.22,5.46,0.89,0.01,0.02,0.13,0.03,,
2022,SM,BWC,p75,26.55,12.1,418.5,8.9,14.5,15.17,7.4,58.61,1.7,0.56,0.07,0.23,0.08,,
2022,SM,BWC,p90,27.35,15.3,436,9.1,21.5,27.83,11.34,84.52,2.4,1.19,0.11,0.25,0.12,,
2022,SM,IMP,median,26.1,12.3,398,9,10,8.66,5.8,33.74,1.45,0.58,0.03,0.1,0.02,,
2022,SM,IMP,n,25,25,25,25,25,25,25,25,8,8,8,8,8,0,0
2022,SM,IMP,p10,24.9,4.9,370,7.7,3,2.45,1.89,5.36,1.19,0.22,0.02,0.08,0.01,,
2022,SM,IMP,p25,25.25,8.15,390,8.5,5.5,5.35,3.18,10,1.3,0.43,0.02,0.09,0.02,,
2022,SM,IMP,p75,26.55,12.95,415,9.2,16,18.6,9.3,95.3,2.05,1.2,0.03,0.13,0.03,,
2022,SM,IMP,p90,26.9,14.1,432,9.6,19,24.84,10.64,113.36,2.41,1.58,0.06,0.14,0.04,,
2022,SM,MC,median,25.9,9.8,409,8.8,14,19.54,7.72,61.16,1.89,0.92,0.03,0.13,0.03,,
2022,SM,MC,n,25,25,25,25,25,25,25,25,8,8,8,8,8,0,0
2022,SM,MC,p10,24.9,8.3,386,8.5,10,12.05,6.2,42.44,1.63,0.68,0.02,0.12,0.02,,
2022,SM,MC,p25,24.95,8.55,395.5,8.55,11,12.66,6.75,47.55,1.81,0.81,0.02,0.13,0.03,,
2022,SM,MC,p75,26.25,10.75,417.5,8.9,150,149.51,23.95,67.31,2.17,1.03,0.03,0.14,0.04,,
2022,SM,MC,p90,26.5,12.2,427,8.9,200,222.47,31.22,81.21,3.46,1.76,0.05,0.6,0.06,,
2022,SM,POOL,median,25.964,11.09,400.471,8.837,11.385,12.721,6.726,47.84,1.498,0.567,0.024,0.129,0.023,,
2022,SM,POOL,n,140,140,140,140,140,140,140,140,47,46,46,47,47,,
2022,SM,POOL,p10,24.252,4.804,349.411,7.618,2.542,2.425,1.889,4.769,0.998,0.005,0.016,0.076,0.009,,
2022,SM,POOL,p25,25.111,8.324,389.289,8.399,5.74,6.404,3.815,21.654,1.224,0.287,0.02,0.088,0.014,,
2022,SM,POOL,p75,26.385,12.84,415.212,9.097,16.646,21.79,9.74,80.516,1.891,0.914,0.037,0.137,0.044,,
2022,SM,POOL,p90,26.884,14.759,431.042,9.214,21.986,29.33,11.62,113.26,2.249,1.499,0.074,0.218,0.068,,
2022,SM,SC,median,26.15,12.65,403,9,16,19.52,8.37,77.05,1.47,0.39,0.04,0.14,0.02,,
2022,SM,SC,n,30,30,30,30,30,30,30,30,10,10,10,10,10,0,0
2022,SM,SC,p10,24.85,7.45,359.5,8.3,5.5,4.96,2.85,11.23,0.94,0.01,0.02,0.12,0.01,,
2022,SM,SC,p25,25.6,11.3,399,8.8,12,12.16,6.65,55.11,1.41,0.24,0.02,0.12,0.01,,
2022,SM,SC,p75,26.4,15.1,409,9.2,19,25.13,11,139.46,1.78,0.79,0.05,0.14,0.05,,
2022,SM,SC,p90,27.45,16,430,9.2,20,29.69,12.12,146.75,2.04,1.08,0.07,0.23,0.12,,
2022,SP,BWC,median,8.4,11.9,299.5,8.4,10,11.98,4.86,31.33,2.03,1.31,0.03,0.1,0.01,,
2022,SP,BWC,n,60,60,60,59,60,60,60,60,22,22,22,22,22,0,0
2022,SP,BWC,p10,6.9,11.2,268.5,8.2,5,5.81,3.27,23.65,1.26,0.33,0.02,0.07,0,,
2022,SP,BWC,p25,7.25,11.5,273,8.3,6.5,6.75,3.81,26.72,1.53,0.83,0.03,0.08,0.01,,
2022,SP,BWC,p75,10.4,12.35,339.5,8.6,14,18.36,5.7,36.02,2.11,1.46,0.03,0.11,0.02,,
2022,SP,BWC,p90,11.9,12.9,399,8.7,17,25.57,6.77,41.23,2.49,1.84,0.04,0.13,0.02,,
2022,SP,IMP,median,7.6,12.6,304,8.5,12,16.59,4.86,31.58,2.25,1.49,0.03,0.1,0.01,,
2022,SP,IMP,n,25,25,25,25,25,25,25,25,8,8,8,8,8,0,0
2022,SP,IMP,p10,6.5,11.2,272,8.3,9,10.92,4.22,28.68,2.13,1.3,0.02,0.1,0.01,,
2022,SP,IMP,p25,7.3,11.75,287.5,8.4,11,14.32,4.46,30.05,2.15,1.41,0.03,0.1,0.01,,
2022,SP,IMP,p75,8.4,12.75,315,8.55,16.5,22.69,6.4,36.02,2.32,1.61,0.03,0.1,0.02,,
2022,SP,IMP,p90,8.7,12.9,338,8.7,24,36.65,7.47,41.14,2.36,1.7,0.03,0.11,0.02,,
2022,SP,MC,median,7.3,12,323,8.3,12,16.05,4.85,30.56,2.43,1.73,0.02,0.1,0.01,,
2022,SP,MC,n,25,25,25,25,25,25,25,25,8,8,8,8,8,0,0
2022,SP,MC,p10,6.8,11.2,282,7.5,10,14.76,4.4,26.29,2.14,1.34,0.02,0.09,0.01,,
2022,SP,MC,p25,6.9,11.65,305,8,11,15.35,4.53,27.49,2.25,1.5,0.02,0.09,0.01,,
2022,SP,MC,p75,8.45,12.2,336,8.4,19.5,27.81,6.69,36.88,2.53,1.79,0.02,0.14,0.02,,
2022,SP,MC,p90,8.8,12.3,356,8.4,27,40.63,8.48,40.12,2.8,2.06,0.03,0.15,0.02,,
2022,SP,POOL,median,7.807,11.991,303.895,8.377,11.583,16.561,4.897,31.376,2.189,1.474,0.025,0.096,0.013,,
2022,SP,POOL,n,140,140,140,136,140,140,140,140,48,48,48,48,48,,
2022,SP,POOL,p10,6.767,11.175,270.95,8.074,6.291,6.876,3.813,26.079,1.903,1.208,0.021,0.082,0.008,,
2022,SP,POOL,p25,7.211,11.5,282.012,8.251,9.928,14.101,4.444,28.903,2.108,1.345,0.023,0.092,0.011,,
2022,SP,POOL,p75,8.552,12.554,326.167,8.478,15.524,22.572,6.212,34.442,2.347,1.651,0.027,0.103,0.014,,
2022,SP,POOL,p90,9.539,12.782,362.014,8.619,23.823,35.941,7.782,39.858,2.431,1.757,0.031,0.118,0.016,,
2022,SP,SC,median,8.3,11.7,297,8.3,14,19.73,5.56,32.09,2.24,1.46,0.02,0.1,0.01,,
2022,SP,SC,n,30,30,30,27,30,30,30,30,10,10,10,10,10,0,0
2022,SP,SC,p10,7.15,11.25,269,8.1,10,12.78,4.25,26.8,1.94,1.32,0.02,0.08,0.01,,
2022,SP,SC,p25,7.3,11.4,274,8.25,11,15.31,4.55,28.34,2.13,1.42,0.02,0.09,0.01,,
2022,SP,SC,p75,8.6,12,342,8.45,17,24.31,6.36,34.14,2.42,1.75,0.03,0.12,0.02,,
2022,SP,SC,p90,8.95,12.35,360.5,8.5,27,37.57,8.01,37.05,2.61,1.94,0.03,0.12,0.02,,
2022,WN,BWC,median,0.2,11.6,495.5,7.3,3,1.83,1.46,3.63,2.92,2.37,0.1,0.05,0.01,32,7
2022,WN,BWC,n,38,38,38,38,38,38,38,38,20,20,20,20,20,38,38
2022,WN,BWC,p10,0,0.45,339.5,7,2.5,1.35,1.1,2.02,1.33,0.01,0.04,0.03,0,24,3.5
2022,WN,BWC,p25,0,3.8,441,7.2,3,1.59,1.2,2.65,2.12,0.77,0.1,0.05,0.01,28,5
2022,WN,BWC,p75,0.4,12.3,552,7.5,7,6.52,3.05,6.92,3.12,2.51,0.14,0.08,0.02,36,10
2022,WN,BWC,p90,0.65,12.85,641.5,7.5,27,17.26,6.71,36.42,3.21,2.57,0.81,0.14,0.02,39.5,12
2022,WN,IMP,median,0.15,13.1,518.5,7.65,3,1.7,1.37,6.75,3.09,2.63,0.07,0.05,0.01,36,8
2022,WN,IMP,n,22,22,22,22,22,22,22,22,8,8,8,8,8,22,22
2022,WN,IMP,p10,0.05,8.85,431,7.25,2,1.22,1.15,4.34,2.88,2.37,0.05,0.04,0.01,28,5
2022,WN,IMP,p25,0.1,11.9,498,7.6,3,1.44,1.21,6.39,2.95,2.53,0.07,0.04,0.01,33,5
2022,WN,IMP,p75,0.3,13.3,528,7.8,3,1.96,1.48,8.35,3.16,2.69,0.08,0.05,0.02,39,10
2022,WN,IMP,p90,0.6,13.5,560.5,7.8,4,3.27,2.32,24.75,3.29,2.74,0.11,0.05,0.02,41,12.5
2022,WN,MC,median,0,13.3,520,7.5,3,1.37,1.17,3.36,3.14,2.63,0.09,0.05,0.02,28,8
2022,WN,MC,n,25,25,25,25,25,25,25,25,8,8,8,8,8,25,25
2022,WN,MC,p10,0,12.6,410,7.5,2,1.08,1.05,2.65,3.05,2.57,0.07,0.04,0.01,21,4
2022,WN,MC,p25,0,12.8,493,7.5,2,1.26,1.12,3,3.07,2.6,0.08,0.04,0.02,24,7
2022,WN,MC,p75,0.1,13.55,529,7.7,3,1.98,1.44,5.41,3.28,2.79,0.09,0.05,0.02,32.5,9
2022,WN,MC,p90,0.1,13.9,531,7.8,4,2.24,1.54,7.1,3.48,3.07,0.09,0.05,0.02,36,11
2022,WN,POOL,median,0.068,12.646,508.419,7.506,2.529,1.692,1.32,5.958,3.053,2.6,0.077,0.045,0.014,32.879,7.099
2022,WN,POOL,n,115,115,115,115,115,115,115,115,46,46,46,46,46,115,115
2022,WN,POOL,p10,0,7.457,404.523,7.145,2,1.266,1.128,2.424,2.809,2.214,0.049,0.036,0.005,23.243,3.83
2022,WN,POOL,p25,0,11.846,471.438,7.332,2.115,1.422,1.169,2.976,2.905,2.467,0.066,0.042,0.01,27.931,4.993
2022,WN,POOL,p75,0.211,13.196,528.012,7.648,2.942,2.1,1.489,7.011,3.159,2.65,0.097,0.049,0.015,36.621,9.147
2022,WN,POOL,p90,0.491,13.427,548.682,7.747,3.976,4.151,2.292,9.861,3.37,2.739,0.139,0.053,0.016,39.785,11.514
2022,WN,SC,median,0.1,12.55,498.5,7.5,3,1.71,1.25,4.52,3.02,2.59,0.09,0.05,0.02,30.5,7
2022,WN,SC,n,30,30,30,30,30,30,30,30,10,10,10,10,10,30,30
2022,WN,SC,p10,0,11.9,422,7.3,3,1.45,1.12,2.47,2.87,2.53,0.07,0.04,0.01,20.5,3
2022,WN,SC,p25,0.1,12.1,483,7.4,3,1.53,1.15,2.82,2.93,2.55,0.08,0.05,0.01,26,5
2022,WN,SC,p75,0.1,13,510,7.7,3,2.2,1.34,5.32,3.22,2.61,0.12,0.05,0.02,35,9
2022,WN,SC,p90,0.3,13.1,535,7.75,4,2.53,1.53,6.21,3.45,3.1,0.14,0.05,0.02,37.5,12.5
2023,FL,BWC,median,13.05,8.4,390,7.9,3,3.72,1.54,6.44,1.15,0.53,0.05,0.1,0.05,,
2023,FL,BWC,n,60,60,59,60,60,60,60,60,21,21,21,21,21,0,0
2023,FL,BWC,p10,11.4,3.6,370.5,7.4,2,0.89,1.01,2.55,0.76,0.01,0.02,0.04,0.01,,
2023,FL,BWC,p25,12.3,5.6,380,7.6,2,1.71,1.17,4.16,0.84,0.05,0.02,0.08,0.02,,
2023,FL,BWC,p75,14.2,9.75,433.5,8.15,5,5.9,2.35,8.47,1.37,0.86,0.06,0.12,0.06,,
2023,FL,BWC,p90,15.7,10.55,566,8.3,8,9.48,3.78,14.48,1.44,0.92,0.14,0.15,0.07,,
2023,FL,IMP,median,14.1,9.8,383,8.3,2,1.13,0.92,3.56,1.16,0.63,0.05,0.1,0.06,,
2023,FL,IMP,n,25,25,25,25,25,25,25,25,8,8,8,8,8,0,0
2023,FL,IMP,p10,12.3,5.9,375,7.8,1,0.3,0.64,2.04,0.86,0.44,0.04,0.06,0.05,,
2023,FL,IMP,p25,13.2,9.05,380,8.2,1,0.41,0.78,2.38,0.98,0.55,0.04,0.08,0.06,,
2023,FL,IMP,p75,15,11.05,389.5,8.45,2.5,1.84,1.15,4.58,1.19,0.8,0.08,0.11,0.07,,
2023,FL,IMP,p90,15.6,12.8,396,8.7,3,3.66,1.23,6.95,1.27,0.86,0.08,0.12,0.07,,
2023,FL,MC,median,12.9,9.6,394,8.2,2,2.28,1.15,4.58,1.49,0.98,0.06,0.09,0.05,,
2023,FL,MC,n,25,25,25,25,25,25,25,25,8,8,8,8,8,0,0
2023,FL,MC,p10,12.4,8.9,379,8.1,2,1.81,0.95,1.87,1.3,0.87,0.05,0.09,0.05,,
2023,FL,MC,p25,12.65,9.2,383,8.2,2,2.03,1.05,2.64,1.4,0.95,0.05,0.09,0.05,,
2023,FL,MC,p75,14.4,9.7,406,8.2,3,3.86,1.36,5.59,1.54,1.05,0.06,0.1,0.06,,
2023,FL,MC,p90,14.7,9.9,407,8.3,3,4.54,1.59,7.12,1.63,1.19,0.06,0.14,0.06,,
2023,FL,POOL,median,13.773,9.416,385.587,8.142,1.942,2.073,1.146,4.075,1.196,0.76,0.05,0.096,0.056,,
2023,FL,POOL,n,139,139,138,139,139,139,139,139,47,47,47,47,47,,
2023,FL,POOL,p10,12.228,5.828,372.245,7.608,1,0.367,0.746,1.929,0.805,0.126,0.027,0.063,0.024,,
2023,FL,POOL,p25,12.669,8.713,378.98,8.008,1.249,1.037,0.919,2.9,1.027,0.559,0.043,0.087,0.047,,
2023,FL,POOL,p75,14.617,10.151,397.599,8.267,2.915,3.959,1.485,6.718,1.364,0.934,0.064,0.107,0.063,,
2023,FL,POOL,p90,15.539,11.287,406.791,8.476,4.271,5.572,1.964,8.724,1.481,1.022,0.078,0.117,0.068,,
2023,FL,SC,median,13.8,9,385,8.1,3,3.47,1.4,5.09,1.35,0.98,0.05,0.1,0.06,,
2023,FL,SC,n,29,29,29,29,29,29,29,29,10,10,10,10,10,0,0
2023,FL,SC,p10,12.6,8.2,370,7.9,2,1.97,1.03,3.31,1.24,0.73,0.05,0.1,0.05,,
2023,FL,SC,p25,13.65,8.7,373,8.1,3,2.37,1.2,3.9,1.29,0.8,0.05,0.1,0.05,,
2023,FL,SC,p75,15.1,9.65,404,8.2,4,4.74,1.83,7.54,1.39,1.03,0.06,0.11,0.07,,
2023,FL,SC,p90,15.7,10.3,407,8.25,5,5.74,1.97,9.06,1.44,1.06,0.11,0.13,0.07,,
2023,SM,BWC,median,26.4,7.1,413,8,5,5.28,2.91,12.47,1.05,0.37,0.03,0.13,0.06,,
2023,SM,BWC,n,59,59,59,59,59,59,59,59,20,20,20,20,20,0,0
2023,SM,BWC,p10,22.8,1.1,355,7.2,2,1.12,1.08,4.04,0.47,0.03,0.02,0.09,0.02,,
2023,SM,BWC,p25,24.65,3.5,398,7.3,3,2.18,1.63,6.13,0.8,0.05,0.02,0.11,0.04,,
2023,SM,BWC,p75,27.6,9.7,425,8.6,8,8.47,4.31,24.96,1.16,0.44,0.06,0.14,0.07,,
2023,SM,BWC,p90,28.15,13.15,447,8.9,9,10.11,4.81,36.85,1.31,0.62,0.06,0.25,0.11,,
2023,SM,IMP,median,27.3,9.6,411,8.6,3,1.77,1.43,6.92,0.94,0.36,0.04,0.11,0.05,,
2023,SM,IMP,n,25,25,25,25,25,25,25,25,8,8,8,8,8,0,0
2023,SM,IMP,p10,25.4,4.3,367,8,1,0.19,0.73,3.75,0.67,0.02,0.02,0.1,0.04,,
2023,SM,IMP,p25,26.4,7.9,382.5,8.3,1,0.51,0.93,4.24,0.82,0.13,0.02,0.1,0.04,,
2023,SM,IMP,p75,28.05,12.45,423,8.85,4.5,3.96,2.29,13.86,0.98,0.38,0.05,0.13,0.07,,
2023,SM,IMP,p90,29,14.8,426,9.3,8,10,4.19,31.7,1,0.4,0.06,0.14,0.07,,
2023,SM,MC,median,26.8,9.4,417,8.4,6,8,4.05,37.84,1.22,0.53,0.02,0.09,0.03,,
2023,SM,MC,n,25,25,25,25,25,25,25,25,8,8,8,8,8,0,0
2023,SM,MC,p10,25.1,7.7,405,8.2,5,5.87,3.06,22.18,1.05,0.46,0.01,0.08,0.02,,
2023,SM,MC,p25,25.6,8.6,409,8.3,6,7.04,3.51,30.71,1.14,0.5,0.02,0.09,0.02,,
2023,SM,MC,p75,26.95,12.2,424.5,8.8,8,8.77,4.34,41.51,1.26,0.59,0.03,0.12,0.04,,
2023,SM,MC,p90,27.3,12.7,432,8.8,8,9.12,4.54,44.78,1.27,0.65,0.03,0.12,0.05,,
2023,SM,POOL,median,26.959,9.192,415.748,8.456,4.647,5.653,2.9,16.393,0.986,0.373,0.023,0.108,0.04,,
2023,SM,POOL,n,139,139,139,139,139,139,139,139,46,46,46,46,46,,
2023,SM,POOL,p10,25.004,3.704,369.051,7.434,1,0.453,0.856,3.857,0.637,0.018,0.014,0.082,0.019,,
2023,SM,POOL,p25,26.101,7.567,398.98,8.132,1.964,1.352,1.272,6.281,0.909,0.217,0.017,0.091,0.024,,
2023,SM,POOL,p75,27.699,11.778,424.17,8.749,6.901,8.564,4.143,31.348,1.122,0.466,0.042,0.124,0.059,,
2023,SM,POOL,p90,28.329,13.385,428.235,8.988,8.38,10.036,4.598,39.558,1.258,0.551,0.052,0.14,0.068,,
2023,SM,SC,median,27.1,9.3,422.5,8.5,7,8.49,3.84,29.52,1.1,0.46,0.02,0.11,0.03,,
2023,SM,SC,n,30,30,30,30,30,30,30,30,10,10,10,10,10,0,0
2023,SM,SC,p10,26.3,7.7,401,8.2,5,5.99,2.93,20.1,1,0.25,0.02,0.08,0.02,,
2023,SM,SC,p25,26.5,8.5,410,8.3,6,6.77,3.15,22.78,1.08,0.39,0.02,0.08,0.02,,
2023,SM,SC,p75,27.5,12.6,425,8.8,8,9.85,4.52,34.07,1.16,0.55,0.02,0.13,0.04,,
2023,SM,SC,p90,27.85,13.8,428,8.95,10,12.23,5.03,39.03,1.35,0.73,0.04,0.15,0.08,,
2023,SP,BWC,median,7.2,10.4,243.5,7.7,12,11.19,2.92,7.44,2.56,1.8,0.03,0.11,0.04,,
2023,SP,BWC,n,60,60,60,60,60,60,60,60,21,21,21,21,21,0,0
2023,SP,BWC,p10,6.6,10,137,7.3,9,5.43,2.02,5.21,1.72,0.99,0.02,0.1,0.03,,
2023,SP,BWC,p25,6.9,10.2,147.5,7.4,10,8.44,2.55,5.75,2.1,1.33,0.02,0.1,0.04,,
2023,SP,BWC,p75,9.3,10.8,295,7.8,13,13.36,3.3,16.17,3.02,2.29,0.08,0.12,0.05,,
2023,SP,BWC,p90,9.9,10.95,331,7.9,14,14.3,3.73,17.6,3.49,2.77,0.11,0.12,0.05,,
2023,SP,IMP,median,7.5,10.3,204,7.5,14,14.69,3.35,7.89,2.13,1.45,0.08,0.11,0.04,,
2023,SP,IMP,n,25,25,25,25,25,25,25,25,8,8,8,8,8,0,0
2023,SP,IMP,p10,7.1,10.1,155,7.3,10,11.19,2.94,6.46,1.77,1.03,0.03,0.1,0.04,,
2023,SP,IMP,p25,7.2,10.25,186,7.4,13,12.82,3.01,7.26,1.95,1.13,0.05,0.11,0.04,,
2023,SP,IMP,p75,8.1,10.4,241,7.7,15.5,16.34,3.59,8.6,2.4,1.7,0.12,0.12,0.04,,
2023,SP,IMP,p90,9.1,10.7,248,7.8,16,17.14,3.88,17.51,2.81,2.03,0.13,0.13,0.04,,
2023,SP,MC,median,8.2,10.6,247,7.6,14,13.81,3.38,10.02,2.38,1.55,0.08,0.12,0.04,,
2023,SP,MC,n,25,25,25,25,25,25,25,25,8,8,8,8,8,0,0
2023,SP,MC,p10,7.2,10.3,173,7.3,10,11.45,2.93,6.64,1.78,1.08,0.02,0.11,0.04,,
2023,SP,MC,p25,7.55,10.35,201,7.5,11.5,12.74,3.16,8.24,2.07,1.3,0.05,0.11,0.04,,
2023,SP,MC,p75,9.8,10.75,320.5,7.8,15,16.64,3.67,17.33,2.88,2.02,0.09,0.13,0.04,,
2023,SP,MC,p90,10.7,10.9,335,7.9,15,17.49,3.79,18.93,3.11,2.31,0.09,0.13,0.05,,
2023,SP,POOL,median,7.63,10.32,217.789,7.527,13.058,13.75,3.258,8.019,2.359,1.59,0.073,0.112,0.039,,
2023,SP,POOL,n,140,140,140,140,140,140,140,140,47,47,47,47,47,,
2023,SP,POOL,p10,6.772,10.026,144.679,7.255,9.499,8.579,2.634,5.583,1.701,0.997,0.02,0.098,0.034,,
2023,SP,POOL,p25,7.102,10.208,171.111,7.364,11.197,11.752,2.974,7.004,1.846,1.054,0.025,0.106,0.037,,
2023,SP,POOL,p75,8.859,10.592,256.842,7.733,14.473,15.38,3.547,15.066,2.606,1.786,0.089,0.115,0.041,,
2023,SP,POOL,p90,9.831,10.738,313.142,7.808,15.525,17.136,3.803,17.53,3.16,2.351,0.118,0.124,0.045,,
2023,SP,SC,median,7.4,10.4,234,7.6,14,13.64,3.32,8.6,2.42,1.62,0.08,0.12,0.04,,
2023,SP,SC,n,30,30,30,30,30,30,30,30,10,10,10,10,10,0,0
2023,SP,SC,p10,6.6,10.05,143.5,7.3,11,11.12,2.87,5.3,1.71,0.98,0.02,0.1,0.04,,
2023,SP,SC,p25,6.8,10.2,147,7.4,12,11.94,3.07,5.57,1.73,1.03,0.03,0.11,0.04,,
2023,SP,SC,p75,9,10.6,282,7.8,15,16.21,3.57,15.01,2.57,1.79,0.09,0.12,0.04,,
2023,SP,SC,p90,9.6,10.8,308,7.9,16,18.96,3.84,16.62,3.08,2.37,0.12,0.13,0.05,,
2023,WN,BWC,median,0.4,13,401,7.8,6,3.15,1.71,4.11,2.1,1.71,0.09,0.05,0.01,20,2
2023,WN,BWC,n,53,53,53,53,53,53,53,53,22,22,22,22,22,53,53
2023,WN,BWC,p10,0.1,0.35,295,7.05,3,1.49,1.01,1.93,0.93,0.01,0.03,0.04,0,6.5,0
2023,WN,BWC,p25,0.2,7.3,387,7.45,4,1.86,1.16,2.12,1.68,1.37,0.07,0.05,0.01,16.5,0.5
2023,WN,BWC,p75,0.7,14.05,450,8,7.5,8.85,4.65,22.27,2.21,1.8,0.1,0.07,0.01,24.5,4
2023,WN,BWC,p90,1.25,15.5,587,8.15,25,15.62,6.75,29.63,2.5,1.85,0.45,0.22,0.02,26,6
2023,WN,IMP,median,0.1,13.5,398,8.3,4,1.42,0.95,2.12,2.2,1.85,0.08,0.04,0.01,21,3
2023,WN,IMP,n,25,25,25,25,25,25,25,25,8,8,8,8,8,25,25
2023,WN,IMP,p10,0.1,12.9,385,8,3,0.94,0.88,1.75,0.88,0.03,0.04,0.04,0.01,14,0
2023,WN,IMP,p25,0.1,13.15,393.5,8.05,3,1.17,0.91,1.84,1.57,0.91,0.06,0.04,0.01,17.5,1
2023,WN,IMP,p75,0.2,14.1,408.5,8.5,4,1.62,1.08,2.39,2.31,1.86,0.08,0.08,0.01,27,4
2023,WN,IMP,p90,0.4,14.6,418,8.6,5,1.95,1.31,18.09,2.4,2,0.09,0.14,0.01,27,6
2023,WN,MC,median,0.1,13.7,397,8,4,1.34,1.11,2.12,2.19,1.82,0.09,0.04,0.01,3,0
2023,WN,MC,n,25,25,25,25,25,25,25,25,8,8,8,8,8,25,25
2023,WN,MC,p10,0.1,13.2,380,7.9,3,1.05,0.95,1.75,2.14,1.75,0.09,0.04,0.01,0,0
2023,WN,MC,p25,0.1,13.5,393,8,3,1.1,0.98,2.12,2.18,1.79,0.09,0.04,0.01,0,0
2023,WN,MC,p75,0.2,13.8,414.5,8.1,5,1.7,1.25,2.3,2.56,2.09,0.09,0.04,0.01,9.5,0
2023,WN,MC,p90,0.3,13.9,434,8.3,5,2.51,1.34,2.3,2.72,2.36,0.1,0.04,0.01,14,1
2023,WN,POOL,median,0.089,13.46,397.535,7.987,3.456,1.506,1.045,2.084,2.183,1.82,0.083,0.042,0.01,18.902,0.845
2023,WN,POOL,n,132,132,132,132,132,132,132,132,48,48,48,48,48,132,132
2023,WN,POOL,p10,0.015,9.835,377.973,7.521,2.219,1.03,0.901,1.655,0.884,0.007,0.039,0.035,0.004,0,0
2023,WN,POOL,p25,0.043,13.063,389.619,7.874,2.676,1.299,0.944,1.839,2.099,1.699,0.079,0.037,0.008,12.322,0
2023,WN,POOL,p75,0.248,13.828,411.911,8.248,4.456,1.969,1.285,2.857,2.299,1.862,0.089,0.053,0.012,23.193,2.73
2023,WN,POOL,p90,0.681,14.542,453.147,8.447,6.156,6.233,3.45,20.05,2.536,2.141,0.099,0.093,0.013,26.416,5.385
2023,WN,SC,median,0.1,13.5,392,8,4,1.56,1.05,2.12,2.2,1.87,0.09,0.05,0.01,15,0
2023,WN,SC,n,29,29,29,29,29,29,29,29,10,10,10,10,10,29,29
2023,WN,SC,p10,0.1,13.05,384.5,7.75,3,1.27,0.92,1.75,2.03,1.63,0.08,0.04,0.01,0,0
2023,WN,SC,p25,0.1,13.2,387,7.9,3,1.43,0.98,1.84,2.14,1.82,0.08,0.04,0.01,8,0
2023,WN,SC,p75,0.2,13.75,413,8,4.5,1.79,1.2,2.75,2.54,2.17,0.1,0.05,0.01,21,1
2023,WN,SC,p90,0.35,14.1,444.5,8.4,5.5,2.35,1.34,4.39,2.57,2.25,0.11,0.06,0.02,22,2.5
2024,FL,BWC,median,12.4,10.1,446,8.3,5,5.23,2.23,9.61,1.17,0.54,0.02,0.1,0.04,,
2024,FL,BWC,n,63,63,63,63,63,63,63,63,21,21,21,21,21,0,0
2024,FL,BWC,p10,9.3,4.4,406,7.65,2,1.83,1.1,2.77,0.74,0.01,0.01,0.07,0.01,,
2024,FL,BWC,p25,10.8,8.9,438,8,3,2.91,1.54,4.81,0.94,0.01,0.02,0.09,0.03,,
2024,FL,BWC,p75,14.2,11.25,455.5,8.4,7,8.06,2.92,17.1,1.47,0.9,0.04,0.15,0.05,,
2024,FL,BWC,p90,16.65,12.8,491.5,8.5,13,17.27,4.92,21.63,1.61,1,0.06,0.17,0.06,,
2024,FL,IMP,median,16.3,9.1,440,8.45,4,3.96,1.65,7.4,1.48,0.91,0.03,0.1,0.05,,
2024,FL,IMP,n,24,24,24,24,24,24,24,24,8,8,8,8,8,0,0
2024,FL,IMP,p10,13.35,7.1,433.5,8,2.5,1.02,0.81,3.05,1.24,0.71,0.03,0.08,0.04,,
2024,FL,IMP,p25,14.5,8.9,436.5,8.3,3,2.38,1.23,4.34,1.34,0.84,0.03,0.08,0.04,,
2024,FL,IMP,p75,16.75,9.5,444.5,8.5,5,5.76,2.08,10.07,1.58,0.99,0.04,0.12,0.06,,
2024,FL,IMP,p90,17.6,10.9,450.5,8.85,7,8.05,2.87,12.75,1.63,1.01,0.09,0.14,0.07,,
2024,FL,MC,median,13.8,10.7,445,8.4,3,3.89,1.71,14.97,1.54,1.02,0.01,0.09,0.04,,
2024,FL,MC,n,25,25,25,25,25,25,25,25,8,8,8,8,8,0,0
2024,FL,MC,p10,13.6,10.4,433,8.3,2,2.69,1.22,8.87,1.44,0.96,0.01,0.09,0.04,,
2024,FL,MC,p25,13.7,10.6,438,8.3,3,3.39,1.49,9.05,1.48,1,0.01,0.09,0.04,,
2024,FL,MC,p75,14.05,10.9,452,8.4,4,4.45,1.89,18.02,1.61,1.04,0.02,0.09,0.05,,
2024,FL,MC,p90,14.3,11.1,459,8.4,4,5.29,1.98,20.33,1.69,1.15,0.03,0.1,0.05,,
2024,FL,POOL,median,14.045,9.477,441.95,8.313,3.596,4.24,1.755,8.858,1.48,0.91,0.025,0.091,0.043,,
2024,FL,POOL,n,140,140,140,140,140,140,140,140,47,47,47,47,47,,
2024,FL,POOL,p10,11.871,7.796,432.696,8.005,2.03,2.117,1.068,3.452,1.133,0.309,0.01,0.08,0.031,,
2024,FL,POOL,p25,13.506,8.944,436.546,8.213,2.554,3.121,1.416,5.025,1.344,0.798,0.017,0.086,0.039,,
2024,FL,POOL,p75,16.509,10.705,448.292,8.434,4.674,6.118,2.326,13.258,1.561,1.011,0.037,0.104,0.05,,
2024,FL,POOL,p90,17.101,11.142,455.828,8.579,7.245,9.106,2.981,20.078,1.627,1.027,0.052,0.152,0.058,,
2024,FL,SC,median,13.95,10,443.5,8.4,4.5,4.91,1.96,12.57,1.51,0.91,0.02,0.09,0.04,,
2024,FL,SC,n,28,28,28,28,28,28,28,28,10,10,10,10,10,0,0
2024,FL,SC,p10,13.05,8.85,437.5,8.3,3,2.83,1.49,7.39,1.4,0.82,0.02,0.09,0.04,,
2024,FL,SC,p25,13.65,9.4,441.5,8.3,4,3.84,1.66,8.68,1.44,0.87,0.02,0.09,0.04,,
2024,FL,SC,p75,16.55,10.8,451,8.45,5.5,6.74,2.5,15.9,1.56,1.02,0.04,0.1,0.05,,
2024,FL,SC,p90,17,11,453,8.5,8.5,10.01,3.74,23.02,1.58,1.05,0.07,0.12,0.06,,
2024,SM,BWC,median,26.2,7.2,506.5,7.9,6,6.5,2.76,11.52,3.25,2.42,0.05,0.15,0.06,,
2024,SM,BWC,n,60,60,60,60,60,60,60,60,21,21,21,21,21,0,0
2024,SM,BWC,p10,25.2,4.4,434.5,7.55,3,1.51,1.26,3,1.27,0.38,0.02,0.12,0.04,,
2024,SM,BWC,p25,25.6,5.95,485,7.8,4,3.69,1.86,7.21,1.63,0.68,0.03,0.13,0.05,,
2024,SM,BWC,p75,27.35,7.95,533.5,8.1,8,10.49,3.35,17.2,4.09,3.35,0.07,0.17,0.07,,
2024,SM,BWC,p90,28.65,11.75,542,8.55,9,12.48,5.18,46.59,4.18,3.59,0.09,0.21,0.1,,
2024,SM,IMP,median,25.6,6.9,525,7.9,6,5.59,2.04,8.86,3.72,2.96,0.08,0.13,0.06,,
2024,SM,IMP,n,25,25,25,25,25,25,25,25,8,8,8,8,8,0,0
2024,SM,IMP,p10,25.2,5.5,455,7.8,3,2.42,1.13,3.18,2.91,2.04,0.04,0.12,0.05,,
2024,SM,IMP,p25,25.3,6.15,492.5,7.9,4,3.28,1.55,4.38,2.97,2.25,0.05,0.13,0.06,,
2024,SM,IMP,p75,26.3,7.35,535,8,8,9.21,2.45,12.53,4.15,3.35,0.09,0.15,0.07,,
2024,SM,IMP,p90,27.9,7.7,545,8.1,8,11.14,3.08,13.62,4.19,3.43,0.11,0.15,0.07,,
2024,SM,MC,median,26.1,7.8,523,8.1,7,10.13,3.42,26.63,3.38,2.64,0.02,0.13,0.06,,
2024,SM,MC,n,25,25,25,25,25,25,25,25,8,8,8,8,8,0,0
2024,SM,MC,p10,25.4,6.7,502,7.9,5,8.38,2.81,13.07,3.15,2.51,0.02,0.13,0.06,,
2024,SM,MC,p25,25.65,7.1,510.5,8,7,9.26,3.08,17.74,3.21,2.52,0.02,0.13,0.06,,
2024,SM,MC,p75,26.35,8.05,537.5,8.1,8,10.68,3.56,28.46,3.58,2.79,0.03,0.13,0.07,,
2024,SM,MC,p90,26.5,8.2,540,8.1,9,11.69,3.62,29.37,3.93,3.01,0.04,0.14,0.07,,
2024,SM,POOL,median,25.862,7.012,521.791,7.901,6.219,8.493,2.724,11.974,3.507,2.75,0.044,0.132,0.063,,
2024,SM,POOL,n,140,140,140,140,140,140,140,140,47,47,47,47,47,,
2024,SM,POOL,p10,25.176,5.503,459.449,7.733,2.859,2.459,1.387,3.484,2.169,1.065,0.016,0.117,0.048,,
2024,SM,POOL,p25,25.43,6.578,497.618,7.818,4.111,4.228,1.954,6.923,2.971,2.286,0.027,0.124,0.057,,
2024,SM,POOL,p75,26.434,7.671,535.576,8.027,7.639,10.697,3.285,20.488,4.117,3.265,0.075,0.146,0.07,,
2024,SM,POOL,p90,27.572,8.083,544.845,8.1,8.734,12.424,3.612,27.97,4.191,3.409,0.093,0.154,0.075,,
2024,SM,SC,median,25.9,7.15,523.5,8,8,11.04,3.18,16.74,3.73,3.03,0.03,0.14,0.07,,
2024,SM,SC,n,30,30,30,30,30,30,30,30,10,10,10,10,10,0,0
2024,SM,SC,p10,25.3,6.5,492,7.8,5,6.3,2.23,10.51,3.36,2.66,0.01,0.12,0.06,,
2024,SM,SC,p25,25.6,6.7,502,7.9,7,9.06,2.94,11.97,3.54,2.87,0.02,0.13,0.06,,
2024,SM,SC,p75,26.3,7.9,545,8.1,9,11.99,3.39,26.26,3.91,3.11,0.04,0.15,0.08,,
2024,SM,SC,p90,26.7,8.2,550,8.2,10,12.9,3.8,28.55,4.19,3.3,0.06,0.16,0.08,,
2024,SP,BWC,median,13.05,13.15,403,8.7,8,12.15,4.54,28.23,2.31,1.54,0.02,0.07,0.01,,
2024,SP,BWC,n,60,60,60,60,60,60,60,60,22,22,22,22,22,0,0
2024,SP,BWC,p10,10.5,11.7,355.5,8.35,5,5.98,3.24,17.42,0.9,0.01,0.01,0.05,0.01,,
2024,SP,BWC,p25,11.5,12.55,367,8.5,6,7.89,3.82,20.28,1.32,0.04,0.01,0.05,0.01,,
2024,SP,BWC,p75,14.1,15.5,437.5,9,11,18.68,6,41.43,2.52,1.75,0.02,0.09,0.01,,
2024,SP,BWC,p90,15.45,17.6,459.5,9.1,15.5,23.49,7.77,78.7,2.83,1.96,0.02,0.11,0.02,,
2024,SP,IMP,median,12.6,11.4,443,8.5,7,10.37,3.66,21.43,2.88,2.04,0.02,0.05,0.01,,
2024,SP,IMP,n,25,25,25,25,25,25,25,25,8,8,8,8,8,0,0
2024,SP,IMP,p10,10.8,10.6,427,8.2,4,5.26,2.45,14.22,2.03,1.31,0.01,0.04,0.01,,
2024,SP,IMP,p25,11.6,11.05,435.5,8.3,5.5,8,2.93,18.32,2.69,1.98,0.02,0.05,0.01,,
2024,SP,IMP,p75,13.9,13.55,467.5,8.7,9,15.55,4.13,32,4.25,3.32,0.02,0.06,0.01,,
2024,SP,IMP,p90,14.7,16.9,474,8.9,11,19.06,4.72,40.11,4.41,3.47,0.03,0.06,0.01,,
2024,SP,MC,median,11.8,10.5,462,8.2,8,12.1,3.72,26.84,4.4,3.35,0.02,0.06,0.01,,
2024,SP,MC,n,25,25,25,25,25,25,25,25,8,8,8,8,8,0,0
2024,SP,MC,p10,11.7,10.3,431,8.1,7,10,3.17,21.59,4.19,3.21,0.01,0.05,0.01,,
2024,SP,MC,p25,11.8,10.4,452,8.2,8,10.91,3.43,22.66,4.28,3.26,0.02,0.05,0.01,,
2024,SP,MC,p75,12.35,10.8,473,8.3,9,14.25,4.12,32.98,4.5,3.62,0.02,0.06,0.01,,
2024,SP,MC,p90,12.7,11.1,478,8.3,9,15.83,4.34,37.16,4.56,3.72,0.02,0.06,0.01,,
2024,SP,POOL,median,12.21,11.489,442.145,8.385,7.429,11.568,3.803,25.53,2.817,2.014,0.016,0.056,0.009,,
2024,SP,POOL,n,140,140,140,139,140,140,140,140,48,48,48,48,48,,
2024,SP,POOL,p10,10.46,10.395,361.459,8.112,4.44,6.365,2.742,16.338,1.435,0.595,0.012,0.042,0.007,,
2024,SP,POOL,p25,11.633,10.833,405.534,8.192,6.122,9.183,3.363,19.868,2.473,1.67,0.014,0.048,0.008,,
2024,SP,POOL,p75,13.52,13.076,465.835,8.603,9.039,16.209,4.62,32.216,4.286,3.281,0.019,0.061,0.011,,
2024,SP,POOL,p90,14.279,16.372,473.7,8.906,11.656,20.575,5.835,45.28,4.48,3.575,0.023,0.075,0.012,,
2024,SP,SC,median,11.8,11.35,402,8.3,9,14.84,4.24,26.18,2.61,1.76,0.02,0.06,0.01,,
2024,SP,SC,n,30,30,30,29,30,30,30,30,10,10,10,10,10,0,0
2024,SP,SC,p10,9.5,10.45,347,8.2,7,10.23,3.3,19.47,2.23,1.59,0.02,0.05,0.01,,
2024,SP,SC,p25,10.8,10.7,360,8.2,8,11.7,3.54,21.43,2.49,1.64,0.02,0.05,0.01,,
2024,SP,SC,p75,12.3,11.9,469,8.4,12,18.58,5.28,31.59,4.03,3.2,0.02,0.07,0.01,,
2024,SP,SC,p90,12.8,12.65,476,8.6,14,22.2,5.9,44.21,4.44,3.6,0.02,0.09,0.02,,
2024,WN,BWC,median,0.65,14.5,448.5,8.15,5,3.88,2.29,13.83,2.53,1.93,0,0.04,0.01,28,0
2024,WN,BWC,n,46,46,46,46,46,46,46,46,19,19,19,21,21,46,46
2024,WN,BWC,p10,0.1,7.45,374,7.5,4,2.58,1.75,9.03,1.64,0.44,0,0.03,0.01,23,0
2024,WN,BWC,p25,0.3,12.6,401,7.9,4,2.94,1.99,10.48,2.38,1.75,0,0.04,0.01,26,0
2024,WN,BWC,p75,1.2,15.5,518,8.4,6,6.29,3.5,18.26,2.73,2.09,0,0.07,0.01,30,0
2024,WN,BWC,p90,1.85,17.95,604.5,8.5,10.5,13.2,7.21,30.49,2.83,2.16,0.21,0.14,0.02,31.5,1
2024,WN,IMP,median,0.2,14.9,402,8.4,4,3.02,1.85,12.11,2.61,2.1,0.01,0.04,0.01,27,0
2024,WN,IMP,n,23,23,23,23,23,23,23,23,8,8,8,8,8,23,23
2024,WN,IMP,p10,0.1,14,351.5,8,3,2.25,1.44,4.68,2.41,1.94,0,0.04,0.01,23,0
2024,WN,IMP,p25,0.1,14.3,398,8.15,4,2.6,1.71,5.32,2.55,2.05,0,0.04,0.01,25,0
2024,WN,IMP,p75,0.45,15.2,427,8.5,4,3.45,2,14.19,2.65,2.15,0.02,0.04,0.01,30.5,0
2024,WN,IMP,p90,0.9,16.2,454,8.6,5,3.96,2.2,16.55,2.69,2.18,0.03,0.05,0.02,32.5,1
2024,WN,MC,median,0.1,14.9,414,8.3,4,2.78,1.74,9.94,2.67,2.21,0,0.04,0.01,23,0
2024,WN,MC,n,25,25,25,25,25,25,25,25,8,8,8,8,8,25,25
2024,WN,MC,p10,0,14.2,352,8,3,2.17,1.52,7.76,2.62,2.17,0,0.04,0.01,12,0
2024,WN,MC,p25,0.1,14.55,406,8.15,3,2.41,1.58,8.76,2.65,2.2,0,0.04,0.01,18.5,0
2024,WN,MC,p75,0.1,15.1,426,8.3,4,3.23,1.84,12.02,2.81,2.34,0.01,0.04,0.01,26.5,0
2024,WN,MC,p90,0.3,15.2,442,8.4,5,3.87,2.04,12.47,2.89,2.46,0.02,0.05,0.02,32,2
2024,WN,POOL,median,0.165,14.679,410.149,8.236,3.594,3.057,1.857,11.544,2.619,2.099,0.004,0.041,0.011,26.379,0
2024,WN,POOL,n,122,122,122,122,122,122,122,122,45,45,45,47,47,122,122
2024,WN,POOL,p10,0.018,13.532,372.742,7.842,3,2.263,1.489,4.782,2.282,1.806,0.004,0.035,0.007,18.739,0
2024,WN,POOL,p25,0.053,14.045,399.537,7.997,3.067,2.675,1.702,7.855,2.497,2.023,0.004,0.038,0.009,23.632,0
2024,WN,POOL,p75,0.477,15.114,435.146,8.414,4.332,3.772,2.07,14.547,2.666,2.185,0.014,0.044,0.013,29.538,0
2024,WN,POOL,p90,0.877,15.752,475.398,8.519,5.499,5.299,2.543,16.885,2.799,2.265,0.025,0.061,0.015,31.694,0.532
2024,WN,SC,median,0.2,14.65,408,8.2,4,3.08,1.83,12.11,2.62,2.1,0.01,0.04,0.01,27,0
2024,WN,SC,n,28,28,28,28,28,28,28,28,10,10,10,10,10,28,28
2024,WN,SC,p10,0.1,13.55,362,7.85,3,2.49,1.58,4.87,2.27,1.69,0,0.04,0.01,18.5,0
2024,WN,SC,p25,0.1,13.85,402,8.05,4,2.79,1.69,8.94,2.5,2.08,0,0.04,0.01,25,0
2024,WN,SC,p75,0.4,14.9,412.5,8.3,5,3.72,2.05,15.1,2.67,2.24,0.01,0.05,0.01,30.5,0
2024,WN,SC,p90,0.75,15.15,425,8.5,5.5,5.28,2.31,16.28,3.2,2.58,0.06,0.07,0.02,33.5,0
2025,FL,BWC,median,15.4,9.3,524,8.2,7,8.48,3.65,21.39,1.54,0.53,0.09,0.13,0.03,,
2025,FL,BWC,n,60,60,60,60,60,60,60,59,21,21,21,21,21,0,0
2025,FL,BWC,p10,13.45,5.4,431.5,7.65,2,1.5,1.77,4.06,0.69,0.01,0.03,0.04,0.01,,
2025,FL,BWC,p25,14.5,6.6,518.5,7.85,6,4.51,2.54,10.25,0.9,0.08,0.04,0.08,0.02,,
2025,FL,BWC,p75,16.15,10.75,538,8.5,10.5,11.52,4.64,31.56,1.82,1.02,0.13,0.15,0.04,,
2025,FL,BWC,p90,18.9,11.9,564.5,8.6,17,21.17,6.45,42.61,2.14,1.09,0.23,0.18,0.05,,
2025,FL,IMP,median,16.9,10.6,531,8.6,8,11.07,4.82,39.07,1.81,0.96,0.03,0.13,0.04,,
2025,FL,IMP,n,25,25,25,25,25,25,25,25,8,8,8,8,8,0,0
2025,FL,IMP,p10,15.9,9.1,515,8.3,4,4.53,2.42,10.42,1.52,0.46,0.03,0.12,0.03,,
2025,FL,IMP,p25,16.55,10.05,524,8.5,5,5.59,3.37,19,1.67,0.93,0.03,0.13,0.04,,
2025,FL,IMP,p75,17.3,10.85,542.5,8.8,10.5,15.71,5.35,44.2,1.86,0.99,0.04,0.13,0.04,,
2025,FL,IMP,p90,17.5,13.1,545,8.8,12,18.14,6.18,46.67,1.89,1.12,0.06,0.3,0.08,,
2025,FL,MC,median,15.9,10.4,542,8.4,6,7.41,3.32,34.83,2.04,1.26,0.03,0.12,0.03,,
2025,FL,MC,n,25,25,25,25,25,20,20,25,8,8,8,8,8,0,0
2025,FL,MC,p10,15.4,9.9,519,8.4,4,5.88,2.96,29.34,1.88,1.13,0.02,0.11,0.03,,
2025,FL,MC,p25,15.7,10.15,529,8.4,5,6.58,3.23,30.76,1.93,1.17,0.02,0.11,0.03,,
2025,FL,MC,p75,16,10.6,548.5,8.55,7,8.97,4.12,39.07,2.2,1.48,0.03,0.12,0.04,,
2025,FL,MC,p90,16.9,10.8,552,8.7,9,13.47,4.82,44.2,2.26,1.55,0.04,0.12,0.04,,
2025,FL,POOL,median,16.35,10.317,530.295,8.486,6.786,10.258,4.317,33.151,1.817,0.97,0.029,0.124,0.035,,
2025,FL,POOL,n,140,140,140,140,140,134,134,139,47,47,47,47,47,,
2025,FL,POOL,p10,14.553,7.895,512.816,7.924,3.458,4.413,2.417,10.195,1.369,0.005,0.021,0.107,0.025,,
2025,FL,POOL,p25,15.472,9.745,518.857,8.278,4.997,6.47,3.201,21.519,1.654,0.889,0.025,0.117,0.029,,
2025,FL,POOL,p75,16.959,10.746,542.017,8.639,9.321,12.884,5.028,42.114,1.907,1.141,0.041,0.13,0.041,,
2025,FL,POOL,p90,17.412,12.412,551.567,8.767,11.681,15.974,5.824,47.017,2.119,1.301,0.09,0.142,0.048,,
2025,FL,SC,median,16,10.4,523,8.5,9,11.93,4.53,36.24,1.83,1.07,0.03,0.13,0.04,,
2025,FL,SC,n,30,30,30,30,30,29,29,30,10,10,10,10,10,0,0
2025,FL,SC,p10,11.15,8.45,513,8.1,5,7.32,3.28,25.01,1.67,0.86,0.03,0.12,0.03,,
2025,FL,SC,p25,14.7,10,515,8.3,7,9.71,3.96,29.34,1.74,0.89,0.03,0.12,0.03,,
2025,FL,SC,p75,16.6,10.9,540,8.7,10,13.37,5.26,47.21,2.06,1.21,0.04,0.13,0.04,,
2025,FL,SC,p90,17.25,11.7,559.5,8.8,12.5,14.98,5.69,50.48,2.2,1.43,0.06,0.13,0.05,,
2025,SM,BWC,median,26.45,7,531.5,8,4,3.89,2.04,9.14,2.05,1.11,0.04,0.15,0.07,,
2025,SM,BWC,n,60,60,60,60,60,60,60,60,21,21,21,21,21,0,0
2025,SM,BWC,p10,24.65,1.05,374,7.2,1,1.23,1.27,3.74,1.06,0.01,0.02,0.11,0.03,,
2025,SM,BWC,p25,25.6,2.1,438.5,7.4,2,2.04,1.56,5.49,1.37,0.38,0.03,0.13,0.05,,
2025,SM,BWC,p75,27.9,8.85,562.5,8.3,6,6.74,3.48,17.39,2.39,1.52,0.06,0.17,0.09,,
2025,SM,BWC,p90,28.75,9.95,579,8.5,7,9.52,5.08,29.69,2.71,1.78,0.09,0.23,0.15,,
2025,SM,IMP,median,27.4,8.7,566,8.4,4,4.44,2.16,13.42,2.27,1.31,0.03,0.13,0.06,,
2025,SM,IMP,n,25,25,25,25,25,25,25,25,8,8,8,8,8,0,0
2025,SM,IMP,p10,25.1,6,526,8,2,0.89,1.05,4.06,1.52,0.84,0.02,0.09,0.04,,
2025,SM,IMP,p25,25.35,7.15,544,8.2,2.5,1.44,1.14,7.08,1.8,1.05,0.02,0.12,0.05,,
2025,SM,IMP,p75,28.65,10.45,580.5,8.5,7,9.52,3.04,23.35,2.97,2.06,0.05,0.15,0.07,,
2025,SM,IMP,p90,29,11.5,584,8.6,8,11.76,3.86,30.56,3.05,2.09,0.05,0.16,0.08,,
2025,SM,MC,median,25.7,7.6,606,8.1,7,10.31,3.18,20.88,2.92,2,0.02,0.14,0.06,,
2025,SM,MC,n,25,25,25,25,25,25,25,25,8,8,8,8,8,0,0
2025,SM,MC,p10,25.4,7.2,534,8,6,7.99,2.72,17.07,2.87,1.89,0.02,0.14,0.05,,
2025,SM,MC,p25,25.5,7.4,560.5,8.1,6.5,8.79,3,18.9,2.88,1.92,0.02,0.14,0.06,,
2025,SM,MC,p75,25.9,7.9,613.5,8.2,8,11.73,3.42,23.03,3.06,2.17,0.03,0.15,0.07,,
2025,SM,MC,p90,26.1,8.4,619,8.4,8,12.32,3.56,25.33,3.15,2.21,0.04,0.15,0.07,,
2025,SM,POOL,median,26.025,7.64,564.557,8.188,5.199,7.323,2.898,16.407,2.399,1.466,0.026,0.139,0.063,,
2025,SM,POOL,n,140,140,140,140,140,140,140,140,47,47,47,47,47,,
2025,SM,POOL,p10,25.018,5.526,498.504,7.704,1.529,1.114,1.098,4.383,1.372,0.751,0.016,0.115,0.043,,
2025,SM,POOL,p25,25.392,7.049,528.981,8.023,2.912,2.554,1.603,7.763,1.936,1.135,0.019,0.124,0.053,,
2025,SM,POOL,p75,27.808,8.959,582.656,8.376,7.207,10.49,3.421,22.488,2.932,2.035,0.039,0.146,0.072,,
2025,SM,POOL,p90,28.685,10.818,603.041,8.473,8.329,12.911,3.856,25.941,3.07,2.118,0.051,0.16,0.079,,
2025,SM,SC,median,25.9,7.6,574.5,8.2,8,11.57,3.43,20.09,2.77,1.81,0.03,0.14,0.08,,
2025,SM,SC,n,30,30,30,30,30,30,30,30,10,10,10,10,10,0,0
2025,SM,SC,p10,25.05,6.8,515,8,4.5,5.01,2.14,11.76,2.13,1.24,0.02,0.13,0.06,,
2025,SM,SC,p25,25.6,7.2,540,8.1,6,8.56,3.03,15.8,2.3,1.41,0.02,0.13,0.07,,
2025,SM,SC,p75,27.3,8,593,8.3,9,13.98,3.62,21.52,2.83,1.94,0.04,0.15,0.08,,
2025,SM,SC,p90,27.8,9.4,603.5,8.4,10.5,16.29,4.13,26.44,3.23,2.34,0.06,0.17,0.08,,
2025,SP,BWC,median,14.15,11.3,352.5,8.4,10,11.77,4.39,22.53,2.49,1.73,0.04,0.08,0.01,,
2025,SP,BWC,n,60,60,60,60,60,60,60,60,21,21,21,21,21,0,0
2025,SP,BWC,p10,11.65,8.7,285.5,7.95,6,6.9,3.28,19,1.39,0.41,0.02,0.07,0.01,,
2025,SP,BWC,p25,13.4,9.85,304.5,8.15,7,8.87,3.64,19.96,1.98,0.88,0.02,0.07,0.01,,
2025,SP,BWC,p75,15.45,13.5,399,8.6,15,17.67,6.14,27.39,2.83,1.99,0.05,0.1,0.02,,
2025,SP,BWC,p90,16.55,15.9,423.5,8.9,19,27.8,7.55,40.56,4.55,3.46,0.1,0.12,0.03,,
2025,SP,IMP,median,12.7,11.9,398,8.5,9,11.8,3.88,24.93,3.99,3.21,0.01,0.07,0.01,,
2025,SP,IMP,n,25,25,25,25,25,25,25,25,8,8,8,8,8,0,0
2025,SP,IMP,p10,11.3,11.4,353,8.4,7,7.8,3.25,21.94,3.78,3.05,0.01,0.06,0.01,,
2025,SP,IMP,p25,12.5,11.7,375,8.4,7,9.57,3.55,23.61,3.89,3.13,0.01,0.06,0.01,,
2025,SP,IMP,p75,12.9,12.4,408.5,8.6,12.5,16.61,4.49,26.67,4.06,3.38,0.01,0.07,0.01,,
2025,SP,IMP,p90,13.3,12.7,425,8.6,15,21.7,5.22,27.8,4.22,3.56,0.01,0.08,0.02,,
2025,SP,MC,median,9.9,10.9,391,8.3,10,12.38,3.88,20.62,4.06,3.53,0.02,0.07,0.01,,
2025,SP,MC,n,25,25,25,25,25,25,25,25,8,8,8,8,8,0,0
2025,SP,MC,p10,9.7,10.4,338,8.2,8,9.05,3.29,18.58,3.24,2.52,0.01,0.06,0.01,,
2025,SP,MC,p25,9.75,10.7,354,8.3,9,11.36,3.67,19.36,3.62,2.93,0.02,0.07,0.01,,
2025,SP,MC,p75,11.35,11.35,421,8.4,13,18.55,4.6,22.6,4.31,3.7,0.03,0.08,0.02,,
2025,SP,MC,p90,11.7,11.6,428,8.4,14,24,4.99,24.21,4.4,3.76,0.03,0.09,0.02,,
2025,SP,POOL,median,12.623,11.575,394.121,8.376,8.68,12.222,3.927,23.348,3.916,3.148,0.014,0.069,0.012,,
2025,SP,POOL,n,140,140,140,140,140,140,140,140,47,47,47,47,47,,
2025,SP,POOL,p10,9.873,10.167,313.705,8.146,6.04,7.774,3.24,18.926,2.267,1.49,0.006,0.057,0.009,,
2025,SP,POOL,p25,11.07,10.849,350.838,8.273,7.023,9.68,3.536,20.068,3.062,2.404,0.009,0.063,0.01,,
2025,SP,POOL,p75,13.363,12.076,412.069,8.478,12.443,17.117,4.774,25.702,4.183,3.598,0.022,0.077,0.014,,
2025,SP,POOL,p90,14.463,12.679,430.243,8.589,17.208,25.624,5.64,27.713,4.664,4.234,0.039,0.1,0.019,,
2025,SP,SC,median,11.1,11,403,8.3,9,12.34,3.8,19.84,4.55,4.04,0.02,0.08,0.01,,
2025,SP,SC,n,30,30,30,30,30,30,30,30,10,10,10,10,10,0,0
2025,SP,SC,p10,10,10.05,302.5,8.2,6.5,7.78,2.79,17.5,2.68,2.08,0.02,0.06,0.01,,
2025,SP,SC,p25,10.6,10.8,326,8.3,7,10.02,3.28,18.82,3.04,2.39,0.02,0.07,0.01,,
2025,SP,SC,p75,13.8,11.5,443,8.4,13,19.13,4.47,21.7,5.12,4.58,0.02,0.1,0.02,,
2025,SP,SC,p90,14.75,12.4,451,8.5,23.5,46.19,6.79,24.75,5.49,4.81,0.03,0.14,0.02,,
2025,WN,BWC,median,0.6,18.3,457,8,5.5,6.99,4.39,53.45,3,2.19,0.05,0.05,0.01,29.5,0
2025,WN,BWC,n,45,45,45,44,46,46,46,46,20,20,20,20,20,46,46
2025,WN,BWC,p10,0.2,12.9,369,7.05,4,4.12,2.74,27.86,2.76,1.93,0.02,0.05,0.01,0,0
2025,WN,BWC,p25,0.2,17.1,443,7.75,5,5.74,3.53,33.63,2.83,2.12,0.02,0.05,0.01,20,0
2025,WN,BWC,p75,0.8,19.4,499,8.2,8,9.24,5.14,58.16,3.32,2.21,0.12,0.07,0.01,36,0
2025,WN,BWC,p90,1.3,25.3,579,8.7,14,14.65,8.4,66.2,3.45,2.55,0.15,0.08,0.01,41.5,0
2025,WN,IMP,median,0.5,17.7,473.5,8.15,5,4.43,2.86,37.28,3,2.42,0.02,0.05,0.01,30,0
2025,WN,IMP,n,24,24,24,24,24,24,24,24,8,8,8,8,8,24,24
2025,WN,IMP,p10,0.2,14.25,450.5,7.7,3.5,3.19,2.33,14.95,2.59,1.63,0.02,0.05,0.01,20.5,0
2025,WN,IMP,p25,0.3,17.2,461.5,7.75,4,3.74,2.53,30.95,2.79,2.21,0.02,0.05,0.01,28.5,0
2025,WN,IMP,p75,0.6,18.65,483.5,8.6,5,4.92,3.28,40.46,3.28,2.51,0.02,0.06,0.01,35.5,0
2025,WN,IMP,p90,0.85,19.5,498,8.75,6,7.69,4.92,51.42,3.38,2.6,0.06,0.27,0.18,38.5,0
2025,WN,MC,median,0.2,17.6,470,7.9,5,4.95,3.21,43.21,3.02,2.39,0.02,0.05,0.01,20,0
2025,WN,MC,n,25,25,25,25,25,25,25,25,8,8,8,8,8,25,25
2025,WN,MC,p10,0.1,17.3,454,7.6,4,3.98,2.62,37.04,2.82,2.21,0.02,0.05,0.01,0,0
2025,WN,MC,p25,0.1,17.4,460.5,7.7,4,4.26,2.85,38.58,2.92,2.22,0.02,0.05,0.01,0,0
2025,WN,MC,p75,0.3,17.95,481.5,8.55,5,5.45,3.61,54.51,3.13,2.43,0.03,0.05,0.01,24,0
2025,WN,MC,p90,0.6,18.2,491,8.6,6,5.77,3.76,58.49,3.36,2.54,0.03,0.05,0.01,27,0
2025,WN,POOL,median,0.384,17.725,470.774,7.969,4.289,4.626,3.107,38.928,3.033,2.372,0.02,0.051,0.009,28.605,0
2025,WN,POOL,n,124,124,124,123,125,125,125,125,47,47,47,47,47,125,125
2025,WN,POOL,p10,0.098,15.796,448.448,7.588,3.078,3.682,2.417,28.173,2.759,2.013,0.016,0.045,0.007,0,0
2025,WN,POOL,p25,0.171,17.169,455.846,7.704,3.553,3.989,2.662,31.676,2.804,2.185,0.018,0.049,0.008,20.804,0
2025,WN,POOL,p75,0.595,18.486,487.661,8.5,4.955,6.417,4.136,51.479,3.284,2.458,0.038,0.056,0.01,33.465,0
2025,WN,POOL,p90,0.753,19.323,500.334,8.659,7.338,8.231,5.034,57.183,3.4,2.644,0.1,0.081,0.01,37.342,0
2025,WN,SC,median,0.4,17.7,476,8,5,4.44,2.84,37.04,3.12,2.41,0.02,0.05,0.01,27.5,0
2025,WN,SC,n,30,30,30,30,30,30,30,30,11,11,11,11,11,30,30
2025,WN,SC,p10,0.1,16.6,453,7.6,3.5,3.84,2.28,29.89,2.76,2.16,0.02,0.05,0.01,0,0
2025,WN,SC,p25,0.2,17,459,7.8,4,4.06,2.44,32,3.03,2.23,0.02,0.05,0.01,17,0
2025,WN,SC,p75,0.7,18.6,494,8.6,6,6.35,3.79,50.04,3.33,2.56,0.07,0.06,0.01,32,0
2025,WN,SC,p90,0.7,19.15,501,8.7,8,8.19,5.04,58.41,3.66,2.71,0.12,0.21,0.02,37.5,0